image_id,filepath,lat,lon,country,region,city,source,capture_date,quality_score
461217298283910,raw/mapillary/budapest/images/461217298283910.jpg,47.472065,18.978766,HU,,budapest,mapillary,2018-11-01,1.0
1289943352150427,raw/mapillary/warsaw/images/1289943352150427.jpg,52.103485,21.040483,PL,,warsaw,mapillary,2025-01-25,1.0
4542284972470873,raw/mapillary/warsaw/images/4542284972470873.jpg,52.101953,20.879235,PL,,warsaw,mapillary,2017-03-01,1.0
239893752495641,raw/mapillary/warsaw/images/239893752495641.jpg,52.108669,21.032867,PL,,warsaw,mapillary,2024-01-27,1.0
282533448081668,raw/mapillary/warsaw/images/282533448081668.jpg,52.103078,20.970208,PL,,warsaw,mapillary,2023-09-05,1.0
837446234278997,raw/mapillary/prague/images/837446234278997.jpg,49.952151,14.53769,CZ,,prague,mapillary,2023-08-21,1.0
856564324944227,raw/mapillary/prague/images/856564324944227.jpg,49.959238,14.520867,CZ,,prague,mapillary,2020-05-27,1.0
1223294751440802,raw/mapillary/budapest/images/1223294751440802.jpg,47.530352,18.978897,HU,,budapest,mapillary,2019-05-13,1.0
226951845458791,raw/mapillary/budapest/images/226951845458791.jpg,47.510088,18.975351,HU,,budapest,mapillary,2020-04-30,1.0
327074668852467,raw/mapillary/budapest/images/327074668852467.jpg,47.520132,18.973087,HU,,budapest,mapillary,2018-08-14,1.0
119536457005611,raw/mapillary/budapest/images/119536457005611.jpg,47.470005,18.979659,HU,,budapest,mapillary,2021-04-27,1.0
1144289911037279,raw/mapillary/warsaw/images/1144289911037279.jpg,52.107394,20.932177,PL,,warsaw,mapillary,2026-03-01,1.0
134071648760084,raw/mapillary/budapest/images/134071648760084.jpg,47.533969,19.000315,HU,,budapest,mapillary,2018-08-30,1.0
1248743170423523,raw/mapillary/budapest/images/1248743170423523.jpg,47.530225,18.979078,HU,,budapest,mapillary,2025-11-01,1.0
298167876590609,raw/mapillary/warsaw/images/298167876590609.jpg,52.101903,20.880248,PL,,warsaw,mapillary,2024-01-24,1.0
1138527723296842,raw/mapillary/prague/images/1138527723296842.jpg,49.952946,14.536493,CZ,,prague,mapillary,2016-09-07,1.0
2363558810766446,raw/mapillary/budapest/images/2363558810766446.jpg,47.486753,19.000856,HU,,budapest,mapillary,2025-12-04,1.0
187122333269474,raw/mapillary/warsaw/images/187122333269474.jpg,52.101689,20.876204,PL,,warsaw,mapillary,2019-11-03,1.0
703015825286313,raw/mapillary/warsaw/images/703015825286313.jpg,52.102866,21.038976,PL,,warsaw,mapillary,2024-01-27,1.0
134745622028723,raw/mapillary/budapest/images/134745622028723.jpg,47.520116,18.972914,HU,,budapest,mapillary,2020-03-30,1.0
1276488187440664,raw/mapillary/warsaw/images/1276488187440664.jpg,52.101279,20.86958,PL,,warsaw,mapillary,2025-07-25,1.0
694583422397113,raw/mapillary/warsaw/images/694583422397113.jpg,52.109752,20.996463,PL,,warsaw,mapillary,2023-09-07,1.0
933552468387944,raw/mapillary/warsaw/images/933552468387944.jpg,52.102709,21.038732,PL,,warsaw,mapillary,2024-01-27,1.0
1152213080246099,raw/mapillary/prague/images/1152213080246099.jpg,49.959674,14.632035,CZ,,prague,mapillary,2025-03-02,1.0
1270983811539178,raw/mapillary/prague/images/1270983811539178.jpg,49.960022,14.379188,CZ,,prague,mapillary,2026-01-12,1.0
355076462960893,raw/mapillary/budapest/images/355076462960893.jpg,47.47212,18.97864,HU,,budapest,mapillary,2019-11-23,1.0
473359020643116,raw/mapillary/budapest/images/473359020643116.jpg,47.480932,18.980118,HU,,budapest,mapillary,2016-10-31,1.0
190410862809496,raw/mapillary/budapest/images/190410862809496.jpg,47.510185,18.978145,HU,,budapest,mapillary,2019-03-26,1.0
716027953284198,raw/mapillary/prague/images/716027953284198.jpg,49.953448,14.392003,CZ,,prague,mapillary,2022-10-26,1.0
704115461589585,raw/mapillary/prague/images/704115461589585.jpg,49.950925,14.391735,CZ,,prague,mapillary,2022-10-26,1.0
343397561415382,raw/mapillary/budapest/images/343397561415382.jpg,47.499503,19.09002,HU,,budapest,mapillary,2023-10-19,1.0
314689190966196,raw/mapillary/prague/images/314689190966196.jpg,49.955491,14.325547,CZ,,prague,mapillary,2023-07-09,1.0
291260050543210,raw/mapillary/warsaw/images/291260050543210.jpg,52.103551,20.970339,PL,,warsaw,mapillary,2023-09-05,1.0
2911070799141486,raw/mapillary/prague/images/2911070799141486.jpg,49.959435,14.63207,CZ,,prague,mapillary,2016-10-09,1.0
974176221621577,raw/mapillary/prague/images/974176221621577.jpg,49.959606,14.632131,CZ,,prague,mapillary,2026-04-15,1.0
181941491175884,raw/mapillary/budapest/images/181941491175884.jpg,47.520161,18.972754,HU,,budapest,mapillary,2023-05-31,1.0
1193972091042736,raw/mapillary/budapest/images/1193972091042736.jpg,47.530504,18.978723,HU,,budapest,mapillary,2020-08-14,1.0
747945289159111,raw/mapillary/prague/images/747945289159111.jpg,49.960073,14.379146,CZ,,prague,mapillary,2017-10-01,1.0
398739289200841,raw/mapillary/warsaw/images/398739289200841.jpg,52.107857,21.040496,PL,,warsaw,mapillary,2024-01-27,1.0
1796255023889890,raw/mapillary/warsaw/images/1796255023889890.jpg,52.106165,21.05413,PL,,warsaw,mapillary,2021-06-07,1.0
1457507988407373,raw/mapillary/prague/images/1457507988407373.jpg,49.954178,14.327032,CZ,,prague,mapillary,2023-07-09,1.0
512316558542123,raw/mapillary/warsaw/images/512316558542123.jpg,52.10004,21.067054,PL,,warsaw,mapillary,2025-01-25,1.0
249113643673507,raw/mapillary/budapest/images/249113643673507.jpg,47.490063,18.979217,HU,,budapest,mapillary,2018-09-16,1.0
587866797394130,raw/mapillary/warsaw/images/587866797394130.jpg,52.104787,21.096789,PL,,warsaw,mapillary,2025-01-25,1.0
3909846465796832,raw/mapillary/budapest/images/3909846465796832.jpg,47.520089,18.973275,HU,,budapest,mapillary,2018-08-08,1.0
424698673792132,raw/mapillary/warsaw/images/424698673792132.jpg,52.107857,20.932344,PL,,warsaw,mapillary,2024-06-05,1.0
218194556477605,raw/mapillary/budapest/images/218194556477605.jpg,47.499649,19.090037,HU,,budapest,mapillary,2019-10-06,1.0
1451901642761944,raw/mapillary/budapest/images/1451901642761944.jpg,47.499764,19.090688,HU,,budapest,mapillary,2025-09-24,1.0
1761495181444586,raw/mapillary/prague/images/1761495181444586.jpg,49.955722,14.604074,CZ,,prague,mapillary,2025-06-01,1.0
453116422450980,raw/mapillary/budapest/images/453116422450980.jpg,47.493849,18.979977,HU,,budapest,mapillary,2019-03-22,1.0
799352295356653,raw/mapillary/warsaw/images/799352295356653.jpg,52.109963,21.00034,PL,,warsaw,mapillary,2024-01-27,1.0
2858404151038201,raw/mapillary/prague/images/2858404151038201.jpg,49.953344,14.31912,CZ,,prague,mapillary,2016-10-09,1.0
589940853825682,raw/mapillary/warsaw/images/589940853825682.jpg,52.100679,21.084346,PL,,warsaw,mapillary,2025-01-25,1.0
166263516058062,raw/mapillary/warsaw/images/166263516058062.jpg,52.104218,20.97059,PL,,warsaw,mapillary,2022-09-24,1.0
1891576117687294,raw/mapillary/prague/images/1891576117687294.jpg,49.959654,14.631849,CZ,,prague,mapillary,2018-07-17,1.0
508148936990836,raw/mapillary/prague/images/508148936990836.jpg,49.969388,14.335902,CZ,,prague,mapillary,2016-10-09,1.0
236105582520457,raw/mapillary/budapest/images/236105582520457.jpg,47.48243,18.990389,HU,,budapest,mapillary,2023-06-02,1.0
920674669652469,raw/mapillary/warsaw/images/920674669652469.jpg,52.106445,20.993398,PL,,warsaw,mapillary,2024-01-27,1.0
344529150348840,raw/mapillary/prague/images/344529150348840.jpg,49.958669,14.519504,CZ,,prague,mapillary,2020-05-27,1.0
3993275684121162,raw/mapillary/budapest/images/3993275684121162.jpg,47.474874,19.010004,HU,,budapest,mapillary,2018-08-27,1.0
499312368188805,raw/mapillary/budapest/images/499312368188805.jpg,47.535298,19.000073,HU,,budapest,mapillary,2020-08-31,1.0
479334879799220,raw/mapillary/warsaw/images/479334879799220.jpg,52.101933,21.063833,PL,,warsaw,mapillary,2021-06-07,1.0
7745742625455512,raw/mapillary/warsaw/images/7745742625455512.jpg,52.108795,21.033092,PL,,warsaw,mapillary,2024-01-27,1.0
312865411914644,raw/mapillary/budapest/images/312865411914644.jpg,47.499662,19.090164,HU,,budapest,mapillary,2024-05-27,1.0
160314049352306,raw/mapillary/budapest/images/160314049352306.jpg,47.520053,18.973495,HU,,budapest,mapillary,2018-08-14,1.0
174274747938644,raw/mapillary/budapest/images/174274747938644.jpg,47.470172,19.000559,HU,,budapest,mapillary,2019-06-14,1.0
949269486544113,raw/mapillary/warsaw/images/949269486544113.jpg,52.109705,20.997184,PL,,warsaw,mapillary,2024-01-27,1.0
638240968826298,raw/mapillary/warsaw/images/638240968826298.jpg,52.104861,21.096944,PL,,warsaw,mapillary,2025-01-25,1.0
1788036905398245,raw/mapillary/warsaw/images/1788036905398245.jpg,52.100272,20.856255,PL,,warsaw,mapillary,2025-07-23,1.0
1490102745260455,raw/mapillary/warsaw/images/1490102745260455.jpg,52.109307,21.042599,PL,,warsaw,mapillary,2024-01-27,1.0
919081886447608,raw/mapillary/warsaw/images/919081886447608.jpg,52.10301,20.97017,PL,,warsaw,mapillary,2024-01-15,1.0
209708277341772,raw/mapillary/budapest/images/209708277341772.jpg,47.476668,18.970567,HU,,budapest,mapillary,2016-10-31,1.0
320506339473864,raw/mapillary/budapest/images/320506339473864.jpg,47.495139,18.979236,HU,,budapest,mapillary,2017-11-01,1.0
895964112057819,raw/mapillary/warsaw/images/895964112057819.jpg,52.100269,20.855566,PL,,warsaw,mapillary,2023-09-09,1.0
760434090031286,raw/mapillary/budapest/images/760434090031286.jpg,47.530143,18.997479,HU,,budapest,mapillary,2025-09-05,1.0
1862763761259948,raw/mapillary/prague/images/1862763761259948.jpg,49.95947,14.632294,CZ,,prague,mapillary,2026-04-15,1.0
166002778696854,raw/mapillary/budapest/images/166002778696854.jpg,47.510047,18.975259,HU,,budapest,mapillary,2020-10-16,1.0
940920456869367,raw/mapillary/warsaw/images/940920456869367.jpg,52.109055,21.042172,PL,,warsaw,mapillary,2024-01-27,1.0
1824320657749655,raw/mapillary/budapest/images/1824320657749655.jpg,47.535328,19.000153,HU,,budapest,mapillary,2016-02-08,1.0
807259140211655,raw/mapillary/budapest/images/807259140211655.jpg,47.480258,18.978071,HU,,budapest,mapillary,2020-06-30,1.0
1369691036764089,raw/mapillary/budapest/images/1369691036764089.jpg,47.474262,18.990247,HU,,budapest,mapillary,2017-05-13,1.0
1108724899625132,raw/mapillary/budapest/images/1108724899625132.jpg,47.477987,18.975129,HU,,budapest,mapillary,2018-09-29,1.0
864554975257568,raw/mapillary/prague/images/864554975257568.jpg,49.954576,14.533814,CZ,,prague,mapillary,2022-10-26,1.0
455250733125605,raw/mapillary/warsaw/images/455250733125605.jpg,52.105155,21.055728,PL,,warsaw,mapillary,2022-08-07,1.0
361099782947360,raw/mapillary/warsaw/images/361099782947360.jpg,52.102936,20.970177,PL,,warsaw,mapillary,2023-09-05,1.0
845298399391928,raw/mapillary/budapest/images/845298399391928.jpg,47.480888,18.980181,HU,,budapest,mapillary,2016-10-31,1.0
865757218795309,raw/mapillary/prague/images/865757218795309.jpg,49.954882,14.605794,CZ,,prague,mapillary,2024-08-28,1.0
8980013972120884,raw/mapillary/warsaw/images/8980013972120884.jpg,52.104428,21.090925,PL,,warsaw,mapillary,2025-01-25,1.0
2346176735857253,raw/mapillary/prague/images/2346176735857253.jpg,49.954114,14.377191,CZ,,prague,mapillary,2026-04-03,1.0
798316318436621,raw/mapillary/prague/images/798316318436621.jpg,49.959559,14.324067,CZ,,prague,mapillary,2023-07-09,1.0
1000237289333878,raw/mapillary/prague/images/1000237289333878.jpg,49.9594,14.632167,CZ,,prague,mapillary,2026-04-15,1.0
486440672503097,raw/mapillary/budapest/images/486440672503097.jpg,47.474067,18.990348,HU,,budapest,mapillary,2017-01-08,1.0
483811642669455,raw/mapillary/budapest/images/483811642669455.jpg,47.520172,18.972832,HU,,budapest,mapillary,2018-08-06,1.0
989687175445015,raw/mapillary/prague/images/989687175445015.jpg,49.958597,14.393349,CZ,,prague,mapillary,2022-10-26,1.0
743268736314176,raw/mapillary/prague/images/743268736314176.jpg,49.95691,14.530195,CZ,,prague,mapillary,2016-09-07,1.0
892276386098245,raw/mapillary/prague/images/892276386098245.jpg,49.957488,14.603243,CZ,,prague,mapillary,2024-08-28,1.0
466810811053504,raw/mapillary/prague/images/466810811053504.jpg,49.960568,14.324286,CZ,,prague,mapillary,2016-12-31,1.0
268070579459766,raw/mapillary/warsaw/images/268070579459766.jpg,52.102483,20.991953,PL,,warsaw,mapillary,2024-01-27,1.0
580162432954671,raw/mapillary/warsaw/images/580162432954671.jpg,52.105718,21.056331,PL,,warsaw,mapillary,2021-06-07,1.0
154433809945808,raw/mapillary/budapest/images/154433809945808.jpg,47.478168,18.974463,HU,,budapest,mapillary,2016-10-31,1.0
587754257484572,raw/mapillary/warsaw/images/587754257484572.jpg,52.10345,21.04056,PL,,warsaw,mapillary,2025-01-25,1.0
1082351606912504,raw/mapillary/warsaw/images/1082351606912504.jpg,52.100849,21.084463,PL,,warsaw,mapillary,2025-01-25,1.0
1365391210731477,raw/mapillary/warsaw/images/1365391210731477.jpg,52.109684,20.997227,PL,,warsaw,mapillary,2023-09-07,1.0
766616054044719,raw/mapillary/budapest/images/766616054044719.jpg,47.480471,18.970166,HU,,budapest,mapillary,2020-06-30,1.0
303350408124966,raw/mapillary/budapest/images/303350408124966.jpg,47.530133,18.986998,HU,,budapest,mapillary,2020-04-25,1.0
2977598592376744,raw/mapillary/warsaw/images/2977598592376744.jpg,52.109092,21.042237,PL,,warsaw,mapillary,2024-01-27,1.0
1260265781676360,raw/mapillary/budapest/images/1260265781676360.jpg,47.510249,18.976972,HU,,budapest,mapillary,2024-10-05,1.0
352536740425599,raw/mapillary/warsaw/images/352536740425599.jpg,52.100985,21.054075,PL,,warsaw,mapillary,2022-08-07,1.0
1325629068463806,raw/mapillary/warsaw/images/1325629068463806.jpg,52.104123,21.089866,PL,,warsaw,mapillary,2025-01-25,1.0
1401486970451163,raw/mapillary/warsaw/images/1401486970451163.jpg,52.103,20.970198,PL,,warsaw,mapillary,2023-12-18,1.0
1445532952845116,raw/mapillary/budapest/images/1445532952845116.jpg,47.499504,19.090238,HU,,budapest,mapillary,2023-10-19,1.0
1695480425225282,raw/mapillary/prague/images/1695480425225282.jpg,49.954822,14.377972,CZ,,prague,mapillary,2026-04-03,1.0
306466357715436,raw/mapillary/prague/images/306466357715436.jpg,49.952861,14.375867,CZ,,prague,mapillary,2017-10-19,1.0
497680721277681,raw/mapillary/budapest/images/497680721277681.jpg,47.493971,18.979339,HU,,budapest,mapillary,2019-03-22,1.0
1649934622198310,raw/mapillary/prague/images/1649934622198310.jpg,49.951286,14.391705,CZ,,prague,mapillary,2022-10-26,1.0
813826446199489,raw/mapillary/prague/images/813826446199489.jpg,49.956073,14.46493,CZ,,prague,mapillary,2020-05-26,1.0
878843226043932,raw/mapillary/prague/images/878843226043932.jpg,49.951416,14.538593,CZ,,prague,mapillary,2016-08-28,1.0
292155389261262,raw/mapillary/budapest/images/292155389261262.jpg,47.470031,18.979695,HU,,budapest,mapillary,2021-04-27,1.0
862849998606611,raw/mapillary/prague/images/862849998606611.jpg,49.967169,14.337939,CZ,,prague,mapillary,2023-07-09,1.0
468990014310935,raw/mapillary/budapest/images/468990014310935.jpg,47.482451,18.990505,HU,,budapest,mapillary,2018-09-16,1.0
3822713568020642,raw/mapillary/prague/images/3822713568020642.jpg,49.959451,14.393961,CZ,,prague,mapillary,2022-10-26,1.0
289799789515115,raw/mapillary/budapest/images/289799789515115.jpg,47.510547,18.976899,HU,,budapest,mapillary,2020-10-16,1.0
1716348199271709,raw/mapillary/prague/images/1716348199271709.jpg,49.959747,14.379275,CZ,,prague,mapillary,2025-07-27,1.0
589031602806028,raw/mapillary/warsaw/images/589031602806028.jpg,52.100523,21.053975,PL,,warsaw,mapillary,2022-08-07,1.0
508918227129585,raw/mapillary/budapest/images/508918227129585.jpg,47.480151,19.00812,HU,,budapest,mapillary,2018-08-27,1.0
170387734976329,raw/mapillary/budapest/images/170387734976329.jpg,47.490113,19.002368,HU,,budapest,mapillary,2017-05-05,1.0
177229370967077,raw/mapillary/budapest/images/177229370967077.jpg,47.510057,18.978655,HU,,budapest,mapillary,2020-12-06,1.0
476052503605737,raw/mapillary/budapest/images/476052503605737.jpg,47.482407,18.990672,HU,,budapest,mapillary,2018-09-16,1.0
801435837468052,raw/mapillary/budapest/images/801435837468052.jpg,47.510169,18.978055,HU,,budapest,mapillary,2017-07-07,1.0
206401611324245,raw/mapillary/budapest/images/206401611324245.jpg,47.520132,18.973093,HU,,budapest,mapillary,2020-03-15,1.0
276589154172597,raw/mapillary/warsaw/images/276589154172597.jpg,52.10969,20.996958,PL,,warsaw,mapillary,2020-06-30,1.0
3308610685942589,raw/mapillary/budapest/images/3308610685942589.jpg,47.541844,18.986279,HU,,budapest,mapillary,2024-11-03,1.0
26635416086139472,raw/mapillary/warsaw/images/26635416086139472.jpg,52.107745,20.932286,PL,,warsaw,mapillary,2026-04-30,1.0
984782532329389,raw/mapillary/budapest/images/984782532329389.jpg,47.480321,18.970516,HU,,budapest,mapillary,2020-06-30,1.0
3578024125848057,raw/mapillary/prague/images/3578024125848057.jpg,49.95898,14.323614,CZ,,prague,mapillary,2023-07-09,1.0
3831335636915683,raw/mapillary/budapest/images/3831335636915683.jpg,47.477989,18.990264,HU,,budapest,mapillary,2017-05-13,1.0
1227192048933765,raw/mapillary/warsaw/images/1227192048933765.jpg,52.10478,21.092685,PL,,warsaw,mapillary,2025-01-25,1.0
1059240088553329,raw/mapillary/warsaw/images/1059240088553329.jpg,52.104077,20.970894,PL,,warsaw,mapillary,2023-09-07,1.0
1242613183244286,raw/mapillary/prague/images/1242613183244286.jpg,49.959886,14.527128,CZ,,prague,mapillary,2022-10-26,1.0
303761057925410,raw/mapillary/budapest/images/303761057925410.jpg,47.534382,18.990361,HU,,budapest,mapillary,2016-04-10,1.0
1066289957363366,raw/mapillary/warsaw/images/1066289957363366.jpg,52.102977,20.970161,PL,,warsaw,mapillary,2022-09-24,1.0
798510290785183,raw/mapillary/budapest/images/798510290785183.jpg,47.479291,18.980231,HU,,budapest,mapillary,2018-09-18,1.0
1156621399445501,raw/mapillary/prague/images/1156621399445501.jpg,49.969132,14.386822,CZ,,prague,mapillary,2024-12-08,1.0
293478279102416,raw/mapillary/budapest/images/293478279102416.jpg,47.480789,18.980228,HU,,budapest,mapillary,2019-04-28,1.0
668855351351962,raw/mapillary/prague/images/668855351351962.jpg,49.953574,14.32767,CZ,,prague,mapillary,2023-07-09,1.0
210683613903887,raw/mapillary/budapest/images/210683613903887.jpg,47.510163,18.978269,HU,,budapest,mapillary,2018-09-09,1.0
961981174631041,raw/mapillary/budapest/images/961981174631041.jpg,47.478519,18.980274,HU,,budapest,mapillary,2018-09-18,1.0
487375893209142,raw/mapillary/warsaw/images/487375893209142.jpg,52.103506,20.970645,PL,,warsaw,mapillary,2022-08-31,1.0
366682809646280,raw/mapillary/warsaw/images/366682809646280.jpg,52.106735,20.993364,PL,,warsaw,mapillary,2024-01-27,1.0
203425992622466,raw/mapillary/warsaw/images/203425992622466.jpg,52.100146,20.854203,PL,,warsaw,mapillary,2023-09-09,1.0
913401816240818,raw/mapillary/warsaw/images/913401816240818.jpg,52.100265,20.856079,PL,,warsaw,mapillary,2022-12-02,1.0
313999076896008,raw/mapillary/prague/images/313999076896008.jpg,49.95105,14.518225,CZ,,prague,mapillary,2020-05-27,1.0
298208001875750,raw/mapillary/budapest/images/298208001875750.jpg,47.530473,18.978728,HU,,budapest,mapillary,2019-05-08,1.0
1335122883960497,raw/mapillary/warsaw/images/1335122883960497.jpg,52.104249,20.970599,PL,,warsaw,mapillary,2022-09-24,1.0
379042656702291,raw/mapillary/budapest/images/379042656702291.jpg,47.49009,18.979535,HU,,budapest,mapillary,2017-11-01,1.0
143098211167367,raw/mapillary/budapest/images/143098211167367.jpg,47.549106,18.973505,HU,,budapest,mapillary,2017-12-10,1.0
673135019112193,raw/mapillary/warsaw/images/673135019112193.jpg,52.101535,20.873106,PL,,warsaw,mapillary,2025-07-25,1.0
310058111438561,raw/mapillary/prague/images/310058111438561.jpg,49.958543,14.323646,CZ,,prague,mapillary,2023-07-09,1.0
1204252680045057,raw/mapillary/prague/images/1204252680045057.jpg,49.959607,14.522026,CZ,,prague,mapillary,2020-05-27,1.0
496152205039158,raw/mapillary/warsaw/images/496152205039158.jpg,52.100114,20.85399,PL,,warsaw,mapillary,2019-11-03,1.0
505055654003550,raw/mapillary/budapest/images/505055654003550.jpg,47.534414,18.990402,HU,,budapest,mapillary,2016-04-10,1.0
487353455799280,raw/mapillary/budapest/images/487353455799280.jpg,47.474315,18.990198,HU,,budapest,mapillary,2019-07-25,1.0
1817613878397802,raw/mapillary/budapest/images/1817613878397802.jpg,47.478127,18.974323,HU,,budapest,mapillary,2019-08-11,1.0
296101072181594,raw/mapillary/budapest/images/296101072181594.jpg,47.480916,18.980088,HU,,budapest,mapillary,2019-04-28,1.0
207263148968540,raw/mapillary/prague/images/207263148968540.jpg,49.965723,14.329811,CZ,,prague,mapillary,2023-07-09,1.0
904976510347175,raw/mapillary/budapest/images/904976510347175.jpg,47.486426,19.000243,HU,,budapest,mapillary,2015-10-24,1.0
1299531414279410,raw/mapillary/warsaw/images/1299531414279410.jpg,52.103634,20.970696,PL,,warsaw,mapillary,2023-05-14,1.0
2981742842148329,raw/mapillary/budapest/images/2981742842148329.jpg,47.520117,18.973163,HU,,budapest,mapillary,2018-08-14,1.0
316465326520367,raw/mapillary/budapest/images/316465326520367.jpg,47.490282,19.002296,HU,,budapest,mapillary,2017-05-05,1.0
1734234907379402,raw/mapillary/prague/images/1734234907379402.jpg,49.959448,14.632321,CZ,,prague,mapillary,2026-04-15,1.0
299529048429505,raw/mapillary/budapest/images/299529048429505.jpg,47.480063,18.987371,HU,,budapest,mapillary,2019-11-01,1.0
1302725627568436,raw/mapillary/prague/images/1302725627568436.jpg,49.958119,14.633999,CZ,,prague,mapillary,2024-10-31,1.0
365797928193398,raw/mapillary/budapest/images/365797928193398.jpg,47.477944,18.990105,HU,,budapest,mapillary,2017-05-13,1.0
537102241005724,raw/mapillary/budapest/images/537102241005724.jpg,47.510147,18.977602,HU,,budapest,mapillary,2020-10-22,1.0
284330294398500,raw/mapillary/warsaw/images/284330294398500.jpg,52.106394,21.020125,PL,,warsaw,mapillary,2024-01-27,1.0
576446488243642,raw/mapillary/prague/images/576446488243642.jpg,49.959516,14.63232,CZ,,prague,mapillary,2024-10-31,1.0
895063898784569,raw/mapillary/warsaw/images/895063898784569.jpg,52.106467,21.020166,PL,,warsaw,mapillary,2024-01-27,1.0
1433537423913523,raw/mapillary/warsaw/images/1433537423913523.jpg,52.108114,21.047135,PL,,warsaw,mapillary,2024-01-27,1.0
1075728040246356,raw/mapillary/warsaw/images/1075728040246356.jpg,52.103202,21.039515,PL,,warsaw,mapillary,2024-01-27,1.0
895896980954700,raw/mapillary/budapest/images/895896980954700.jpg,47.530074,18.997317,HU,,budapest,mapillary,2018-01-30,1.0
1037412357643245,raw/mapillary/prague/images/1037412357643245.jpg,49.953509,14.392015,CZ,,prague,mapillary,2022-10-26,1.0
316192643348789,raw/mapillary/budapest/images/316192643348789.jpg,47.493953,18.979345,HU,,budapest,mapillary,2019-03-22,1.0
150184823740412,raw/mapillary/budapest/images/150184823740412.jpg,47.534149,19.000182,HU,,budapest,mapillary,2018-08-30,1.0
1088803002938922,raw/mapillary/prague/images/1088803002938922.jpg,49.958181,14.633926,CZ,,prague,mapillary,2024-10-31,1.0
209582870718124,raw/mapillary/budapest/images/209582870718124.jpg,47.480977,18.980051,HU,,budapest,mapillary,2016-10-31,1.0
529421024877666,raw/mapillary/warsaw/images/529421024877666.jpg,52.100093,21.066815,PL,,warsaw,mapillary,2021-06-07,1.0
295235405591498,raw/mapillary/budapest/images/295235405591498.jpg,47.530237,18.979082,HU,,budapest,mapillary,2019-05-08,1.0
284561249995698,raw/mapillary/budapest/images/284561249995698.jpg,47.530356,18.978866,HU,,budapest,mapillary,2019-05-13,1.0
1430450487299260,raw/mapillary/budapest/images/1430450487299260.jpg,47.47432,18.990158,HU,,budapest,mapillary,2020-11-05,1.0
997923658876471,raw/mapillary/prague/images/997923658876471.jpg,49.958191,14.633839,CZ,,prague,mapillary,2025-03-02,1.0
205969694528829,raw/mapillary/budapest/images/205969694528829.jpg,47.478101,18.974133,HU,,budapest,mapillary,2019-08-11,1.0
134498502615167,raw/mapillary/budapest/images/134498502615167.jpg,47.499616,19.090242,HU,,budapest,mapillary,2022-07-24,1.0
318461743276149,raw/mapillary/warsaw/images/318461743276149.jpg,52.100886,21.065396,PL,,warsaw,mapillary,2021-06-07,1.0
309745867226027,raw/mapillary/budapest/images/309745867226027.jpg,47.497397,19.090633,HU,,budapest,mapillary,2017-11-12,1.0
825796372672221,raw/mapillary/prague/images/825796372672221.jpg,49.958407,14.528696,CZ,,prague,mapillary,2022-10-26,1.0
181326483858111,raw/mapillary/budapest/images/181326483858111.jpg,47.480071,19.00838,HU,,budapest,mapillary,2018-08-27,1.0
1572511183497419,raw/mapillary/warsaw/images/1572511183497419.jpg,52.106329,21.02017,PL,,warsaw,mapillary,2024-01-27,1.0
1163768494047099,raw/mapillary/prague/images/1163768494047099.jpg,49.960269,14.379085,CZ,,prague,mapillary,2017-10-01,1.0
1267313731200104,raw/mapillary/warsaw/images/1267313731200104.jpg,52.105033,21.098387,PL,,warsaw,mapillary,2025-01-25,1.0
1926148807752003,raw/mapillary/prague/images/1926148807752003.jpg,49.959172,14.632408,CZ,,prague,mapillary,2023-04-01,1.0
256683186236800,raw/mapillary/prague/images/256683186236800.jpg,49.969889,14.337727,CZ,,prague,mapillary,2016-10-09,1.0
2763786553911275,raw/mapillary/prague/images/2763786553911275.jpg,49.959506,14.632251,CZ,,prague,mapillary,2019-07-22,1.0
1430419717308604,raw/mapillary/prague/images/1430419717308604.jpg,49.950958,14.518244,CZ,,prague,mapillary,2020-05-27,1.0
851512069809072,raw/mapillary/warsaw/images/851512069809072.jpg,52.103578,20.970347,PL,,warsaw,mapillary,2023-09-05,1.0
538783982324187,raw/mapillary/prague/images/538783982324187.jpg,49.969309,14.385558,CZ,,prague,mapillary,2024-12-08,1.0
1387886018259360,raw/mapillary/budapest/images/1387886018259360.jpg,47.499707,19.090298,HU,,budapest,mapillary,2020-01-06,1.0
903734178628315,raw/mapillary/prague/images/903734178628315.jpg,49.969305,14.385664,CZ,,prague,mapillary,2024-12-08,1.0
924294126753545,raw/mapillary/warsaw/images/924294126753545.jpg,52.10769,20.932309,PL,,warsaw,mapillary,2026-03-01,1.0
327024282151361,raw/mapillary/budapest/images/327024282151361.jpg,47.486426,19.000399,HU,,budapest,mapillary,2018-08-21,1.0
2532048840495505,raw/mapillary/warsaw/images/2532048840495505.jpg,52.101546,20.873123,PL,,warsaw,mapillary,2025-07-25,1.0
225790145550687,raw/mapillary/budapest/images/225790145550687.jpg,47.53027,18.979025,HU,,budapest,mapillary,2019-05-06,1.0
337307404667026,raw/mapillary/prague/images/337307404667026.jpg,49.957452,14.518174,CZ,,prague,mapillary,2020-05-27,1.0
176617914324886,raw/mapillary/prague/images/176617914324886.jpg,49.952249,14.519627,CZ,,prague,mapillary,2015-11-14,1.0
923109799443562,raw/mapillary/prague/images/923109799443562.jpg,49.958365,14.393209,CZ,,prague,mapillary,2022-10-26,1.0
495873231757750,raw/mapillary/budapest/images/495873231757750.jpg,47.470277,19.000649,HU,,budapest,mapillary,2019-06-14,1.0
328669688790659,raw/mapillary/warsaw/images/328669688790659.jpg,52.101688,21.064291,PL,,warsaw,mapillary,2021-06-07,1.0
4368298390151624,raw/mapillary/warsaw/images/4368298390151624.jpg,52.107833,20.932324,PL,,warsaw,mapillary,2026-04-30,1.0
2188416408015998,raw/mapillary/warsaw/images/2188416408015998.jpg,52.100317,20.856063,PL,,warsaw,mapillary,2023-09-09,1.0
939145132084283,raw/mapillary/prague/images/939145132084283.jpg,49.958196,14.633834,CZ,,prague,mapillary,2026-04-15,1.0
8547730741999925,raw/mapillary/warsaw/images/8547730741999925.jpg,52.100434,21.084171,PL,,warsaw,mapillary,2025-01-25,1.0
147383137375434,raw/mapillary/prague/images/147383137375434.jpg,49.959385,14.521323,CZ,,prague,mapillary,2020-05-27,1.0
1379921852606371,raw/mapillary/warsaw/images/1379921852606371.jpg,52.101139,20.868689,PL,,warsaw,mapillary,2023-09-09,1.0
1889228154570309,raw/mapillary/budapest/images/1889228154570309.jpg,47.480227,18.970926,HU,,budapest,mapillary,2020-06-30,1.0
114116505095736,raw/mapillary/prague/images/114116505095736.jpg,49.956667,14.324449,CZ,,prague,mapillary,2023-07-09,1.0
1827260491146406,raw/mapillary/warsaw/images/1827260491146406.jpg,52.103152,21.039051,PL,,warsaw,mapillary,2025-01-25,1.0
1481014395788508,raw/mapillary/warsaw/images/1481014395788508.jpg,52.100533,20.960699,PL,,warsaw,mapillary,2024-01-27,1.0
210574570581517,raw/mapillary/budapest/images/210574570581517.jpg,47.534134,18.990078,HU,,budapest,mapillary,2016-04-10,1.0
1011092517377363,raw/mapillary/prague/images/1011092517377363.jpg,49.95969,14.631865,CZ,,prague,mapillary,2024-08-14,1.0
859727485555407,raw/mapillary/prague/images/859727485555407.jpg,49.951024,14.391724,CZ,,prague,mapillary,2022-10-26,1.0
774488396540505,raw/mapillary/budapest/images/774488396540505.jpg,47.531555,18.980425,HU,,budapest,mapillary,2019-05-24,1.0
551945622462202,raw/mapillary/budapest/images/551945622462202.jpg,47.490201,19.002337,HU,,budapest,mapillary,2017-05-05,1.0
1751545051945810,raw/mapillary/prague/images/1751545051945810.jpg,49.967864,14.334814,CZ,,prague,mapillary,2023-07-09,1.0
286006753173433,raw/mapillary/budapest/images/286006753173433.jpg,47.485705,19.010603,HU,,budapest,mapillary,2018-08-23,1.0
239768158821814,raw/mapillary/prague/images/239768158821814.jpg,49.952238,14.537455,CZ,,prague,mapillary,2022-10-26,1.0
1220890920215888,raw/mapillary/warsaw/images/1220890920215888.jpg,52.107365,20.932165,PL,,warsaw,mapillary,2026-03-01,1.0
1412483279116547,raw/mapillary/budapest/images/1412483279116547.jpg,47.534237,19.000048,HU,,budapest,mapillary,2018-08-30,1.0
1301758763552798,raw/mapillary/budapest/images/1301758763552798.jpg,47.486451,19.000082,HU,,budapest,mapillary,2018-06-20,1.0
1344625042702296,raw/mapillary/warsaw/images/1344625042702296.jpg,52.109722,20.99683,PL,,warsaw,mapillary,2024-01-27,1.0
190199729596812,raw/mapillary/budapest/images/190199729596812.jpg,47.480442,18.9807,HU,,budapest,mapillary,2018-10-14,1.0
1883670995713350,raw/mapillary/prague/images/1883670995713350.jpg,49.959628,14.601384,CZ,,prague,mapillary,2025-06-01,1.0
178972677487931,raw/mapillary/prague/images/178972677487931.jpg,49.95003,14.314917,CZ,,prague,mapillary,2016-12-31,1.0
1092820538868537,raw/mapillary/budapest/images/1092820538868537.jpg,47.541942,18.986332,HU,,budapest,mapillary,2024-11-03,1.0
254214279817717,raw/mapillary/budapest/images/254214279817717.jpg,47.530134,18.987008,HU,,budapest,mapillary,2020-04-25,1.0
937078315198342,raw/mapillary/warsaw/images/937078315198342.jpg,52.100061,21.06685,PL,,warsaw,mapillary,2025-01-25,1.0
3987290261518134,raw/mapillary/prague/images/3987290261518134.jpg,49.959341,14.632531,CZ,,prague,mapillary,2024-10-31,1.0
657795289251081,raw/mapillary/warsaw/images/657795289251081.jpg,52.103449,20.970292,PL,,warsaw,mapillary,2022-09-24,1.0
299247445118838,raw/mapillary/budapest/images/299247445118838.jpg,47.520185,18.972754,HU,,budapest,mapillary,2018-08-06,1.0
422921943576427,raw/mapillary/prague/images/422921943576427.jpg,49.958199,14.602714,CZ,,prague,mapillary,2024-08-28,1.0
178918307371526,raw/mapillary/prague/images/178918307371526.jpg,49.959316,14.462196,CZ,,prague,mapillary,2020-05-26,1.0
2292302847622537,raw/mapillary/prague/images/2292302847622537.jpg,49.950322,14.330062,CZ,,prague,mapillary,2023-07-09,1.0
2952244855091120,raw/mapillary/warsaw/images/2952244855091120.jpg,52.102041,20.880399,PL,,warsaw,mapillary,2017-03-01,1.0
145662014160354,raw/mapillary/prague/images/145662014160354.jpg,49.960419,14.323454,CZ,,prague,mapillary,2016-12-31,1.0
204865937944758,raw/mapillary/budapest/images/204865937944758.jpg,47.53028,18.978938,HU,,budapest,mapillary,2019-05-08,1.0
150029770405470,raw/mapillary/prague/images/150029770405470.jpg,49.960418,14.382266,CZ,,prague,mapillary,2016-04-13,1.0
1298616097612278,raw/mapillary/warsaw/images/1298616097612278.jpg,52.103895,20.970447,PL,,warsaw,mapillary,2022-09-24,1.0
633018282437279,raw/mapillary/warsaw/images/633018282437279.jpg,52.100092,21.083861,PL,,warsaw,mapillary,2025-01-25,1.0
3389486587820961,raw/mapillary/budapest/images/3389486587820961.jpg,47.530187,18.987031,HU,,budapest,mapillary,2020-04-25,1.0
131256563355220,raw/mapillary/prague/images/131256563355220.jpg,49.963643,14.327001,CZ,,prague,mapillary,2023-07-09,1.0
1127775041931521,raw/mapillary/warsaw/images/1127775041931521.jpg,52.101066,21.08462,PL,,warsaw,mapillary,2025-01-25,1.0
238204974724564,raw/mapillary/budapest/images/238204974724564.jpg,47.480349,18.980786,HU,,budapest,mapillary,2019-04-28,1.0
1096825085301350,raw/mapillary/warsaw/images/1096825085301350.jpg,52.10105,20.866649,PL,,warsaw,mapillary,2025-07-25,1.0
618742617511116,raw/mapillary/warsaw/images/618742617511116.jpg,52.10301,21.038829,PL,,warsaw,mapillary,2025-01-25,1.0
6706633362759580,raw/mapillary/prague/images/6706633362759580.jpg,49.952111,14.391747,CZ,,prague,mapillary,2022-10-26,1.0
3582189892090363,raw/mapillary/prague/images/3582189892090363.jpg,49.952781,14.609597,CZ,,prague,mapillary,2025-06-01,1.0
305999017791053,raw/mapillary/warsaw/images/305999017791053.jpg,52.101942,20.880096,PL,,warsaw,mapillary,2020-07-03,1.0
1087626808866561,raw/mapillary/budapest/images/1087626808866561.jpg,47.499687,19.090598,HU,,budapest,mapillary,2023-08-07,1.0
325418517153907,raw/mapillary/warsaw/images/325418517153907.jpg,52.106299,20.963465,PL,,warsaw,mapillary,2024-01-27,1.0
949765186103268,raw/mapillary/prague/images/949765186103268.jpg,49.967357,14.333615,CZ,,prague,mapillary,2023-07-09,1.0
797024298922508,raw/mapillary/warsaw/images/797024298922508.jpg,52.106247,21.020175,PL,,warsaw,mapillary,2024-01-27,1.0
1839672156207590,raw/mapillary/budapest/images/1839672156207590.jpg,47.499689,19.090185,HU,,budapest,mapillary,2019-02-24,1.0
484035086129159,raw/mapillary/budapest/images/484035086129159.jpg,47.47814,18.97436,HU,,budapest,mapillary,2016-10-31,1.0
752291552746506,raw/mapillary/warsaw/images/752291552746506.jpg,52.106341,21.055621,PL,,warsaw,mapillary,2022-08-07,1.0
219005520926766,raw/mapillary/budapest/images/219005520926766.jpg,47.520092,18.973029,HU,,budapest,mapillary,2023-05-31,1.0
840625079856360,raw/mapillary/budapest/images/840625079856360.jpg,47.486432,19.000717,HU,,budapest,mapillary,2018-06-20,1.0
2820471581535399,raw/mapillary/budapest/images/2820471581535399.jpg,47.480112,18.971757,HU,,budapest,mapillary,2020-06-30,1.0
459674078439661,raw/mapillary/prague/images/459674078439661.jpg,49.95825,14.528856,CZ,,prague,mapillary,2016-08-28,1.0
3664638720526078,raw/mapillary/warsaw/images/3664638720526078.jpg,52.109742,20.996695,PL,,warsaw,mapillary,2024-01-27,1.0
820005479675909,raw/mapillary/warsaw/images/820005479675909.jpg,52.100171,20.854419,PL,,warsaw,mapillary,2023-09-09,1.0
325878866711248,raw/mapillary/prague/images/325878866711248.jpg,49.950445,14.391823,CZ,,prague,mapillary,2022-10-26,1.0
600170504290368,raw/mapillary/prague/images/600170504290368.jpg,49.952813,14.518025,CZ,,prague,mapillary,2020-05-27,1.0
481720824703856,raw/mapillary/warsaw/images/481720824703856.jpg,52.104386,21.090755,PL,,warsaw,mapillary,2025-01-25,1.0
1371589237143460,raw/mapillary/prague/images/1371589237143460.jpg,49.969504,14.38545,CZ,,prague,mapillary,2024-12-08,1.0
1098434848025023,raw/mapillary/warsaw/images/1098434848025023.jpg,52.10304,21.039261,PL,,warsaw,mapillary,2024-01-27,1.0
213945528301846,raw/mapillary/prague/images/213945528301846.jpg,49.956723,14.324409,CZ,,prague,mapillary,2023-07-09,1.0
132816902224757,raw/mapillary/budapest/images/132816902224757.jpg,47.52003,18.973636,HU,,budapest,mapillary,2018-08-08,1.0
2462702460844247,raw/mapillary/prague/images/2462702460844247.jpg,49.959549,14.631993,CZ,,prague,mapillary,2026-04-15,1.0
1396870005299342,raw/mapillary/budapest/images/1396870005299342.jpg,47.486672,19.000806,HU,,budapest,mapillary,2025-12-04,1.0
936783307382203,raw/mapillary/prague/images/936783307382203.jpg,49.955744,14.325281,CZ,,prague,mapillary,2023-07-09,1.0
597405499489085,raw/mapillary/prague/images/597405499489085.jpg,49.969119,14.386858,CZ,,prague,mapillary,2024-12-08,1.0
1934050646743038,raw/mapillary/budapest/images/1934050646743038.jpg,47.473993,18.990419,HU,,budapest,mapillary,2017-01-08,1.0
764793190851611,raw/mapillary/prague/images/764793190851611.jpg,49.955442,14.319846,CZ,,prague,mapillary,2016-12-31,1.0
298393728611611,raw/mapillary/warsaw/images/298393728611611.jpg,52.101268,20.870583,PL,,warsaw,mapillary,2019-08-17,1.0
384679800446144,raw/mapillary/warsaw/images/384679800446144.jpg,52.108125,21.057776,PL,,warsaw,mapillary,2022-08-07,1.0
464686767924492,raw/mapillary/budapest/images/464686767924492.jpg,47.535494,19.000151,HU,,budapest,mapillary,2016-02-08,1.0
517900076058624,raw/mapillary/prague/images/517900076058624.jpg,49.960386,14.323436,CZ,,prague,mapillary,2016-10-09,1.0
1742421420032733,raw/mapillary/prague/images/1742421420032733.jpg,49.955157,14.605135,CZ,,prague,mapillary,2025-06-01,1.0
9122390271183115,raw/mapillary/warsaw/images/9122390271183115.jpg,52.104894,21.097224,PL,,warsaw,mapillary,2025-01-25,1.0
1133876697500777,raw/mapillary/warsaw/images/1133876697500777.jpg,52.10133,20.870873,PL,,warsaw,mapillary,2022-12-02,1.0
1111665079432594,raw/mapillary/budapest/images/1111665079432594.jpg,47.49962,19.090153,HU,,budapest,mapillary,2022-07-24,1.0
1481176236306688,raw/mapillary/budapest/images/1481176236306688.jpg,47.4865,19.000506,HU,,budapest,mapillary,2025-12-04,1.0
2574461686237453,raw/mapillary/warsaw/images/2574461686237453.jpg,52.100102,20.85372,PL,,warsaw,mapillary,2025-07-23,1.0
850298375697174,raw/mapillary/budapest/images/850298375697174.jpg,47.490013,19.002218,HU,,budapest,mapillary,2020-11-17,1.0
1963780720846471,raw/mapillary/budapest/images/1963780720846471.jpg,47.486658,19.000803,HU,,budapest,mapillary,2025-12-04,1.0
807633343203401,raw/mapillary/budapest/images/807633343203401.jpg,47.549692,18.974167,HU,,budapest,mapillary,2017-12-10,1.0
293708616907133,raw/mapillary/prague/images/293708616907133.jpg,49.951225,14.391708,CZ,,prague,mapillary,2022-10-26,1.0
479313288308413,raw/mapillary/warsaw/images/479313288308413.jpg,52.104198,21.090117,PL,,warsaw,mapillary,2025-01-25,1.0
474602303807981,raw/mapillary/budapest/images/474602303807981.jpg,47.530045,19.016147,HU,,budapest,mapillary,2020-04-11,1.0
594404059565224,raw/mapillary/prague/images/594404059565224.jpg,49.967355,14.337431,CZ,,prague,mapillary,2023-07-09,1.0
698136299128588,raw/mapillary/warsaw/images/698136299128588.jpg,52.10024,20.855838,PL,,warsaw,mapillary,2024-01-08,1.0
1455306251872543,raw/mapillary/prague/images/1455306251872543.jpg,49.959529,14.323988,CZ,,prague,mapillary,2023-07-09,1.0
230409966393655,raw/mapillary/budapest/images/230409966393655.jpg,47.520182,18.972676,HU,,budapest,mapillary,2023-05-31,1.0
351518784347545,raw/mapillary/warsaw/images/351518784347545.jpg,52.104235,21.035163,PL,,warsaw,mapillary,2024-01-27,1.0
1702568839930187,raw/mapillary/budapest/images/1702568839930187.jpg,47.530221,18.979161,HU,,budapest,mapillary,2018-11-05,1.0
575207666788936,raw/mapillary/budapest/images/575207666788936.jpg,47.490005,18.979283,HU,,budapest,mapillary,2014-02-23,1.0
325486428942722,raw/mapillary/budapest/images/325486428942722.jpg,47.543837,18.974382,HU,,budapest,mapillary,2018-01-06,1.0
957746604979338,raw/mapillary/prague/images/957746604979338.jpg,49.959068,14.520368,CZ,,prague,mapillary,2020-05-27,1.0
196046065565152,raw/mapillary/budapest/images/196046065565152.jpg,47.495155,18.979212,HU,,budapest,mapillary,2018-08-24,1.0
325372013447885,raw/mapillary/prague/images/325372013447885.jpg,49.959575,14.394055,CZ,,prague,mapillary,2022-10-26,1.0
853805816237687,raw/mapillary/warsaw/images/853805816237687.jpg,52.109686,20.997136,PL,,warsaw,mapillary,2023-09-07,1.0
915339342359677,raw/mapillary/budapest/images/915339342359677.jpg,47.510099,18.978156,HU,,budapest,mapillary,2020-10-22,1.0
328691079783951,raw/mapillary/prague/images/328691079783951.jpg,49.950483,14.391813,CZ,,prague,mapillary,2022-10-26,1.0
408578187253909,raw/mapillary/warsaw/images/408578187253909.jpg,52.104865,21.092995,PL,,warsaw,mapillary,2021-06-07,1.0
300219119528207,raw/mapillary/prague/images/300219119528207.jpg,49.957868,14.529179,CZ,,prague,mapillary,2022-10-26,1.0
216540039959309,raw/mapillary/budapest/images/216540039959309.jpg,47.499688,19.090649,HU,,budapest,mapillary,2019-02-24,1.0
744353518524523,raw/mapillary/warsaw/images/744353518524523.jpg,52.10157,20.873306,PL,,warsaw,mapillary,2025-07-25,1.0
1655104761722603,raw/mapillary/warsaw/images/1655104761722603.jpg,52.103845,20.970782,PL,,warsaw,mapillary,2024-09-19,1.0
124349183008981,raw/mapillary/budapest/images/124349183008981.jpg,47.499693,19.090132,HU,,budapest,mapillary,2019-06-05,1.0
1288028235543009,raw/mapillary/budapest/images/1288028235543009.jpg,47.54194,18.986373,HU,,budapest,mapillary,2024-11-03,1.0
875839666474529,raw/mapillary/budapest/images/875839666474529.jpg,47.53018,18.987027,HU,,budapest,mapillary,2020-04-25,1.0
3921101878128945,raw/mapillary/budapest/images/3921101878128945.jpg,47.486442,19.000533,HU,,budapest,mapillary,2025-12-04,1.0
1866888240785691,raw/mapillary/warsaw/images/1866888240785691.jpg,52.103433,21.040595,PL,,warsaw,mapillary,2025-01-25,1.0
247971457217759,raw/mapillary/warsaw/images/247971457217759.jpg,52.107471,20.932233,PL,,warsaw,mapillary,2021-05-03,1.0
366995599296602,raw/mapillary/warsaw/images/366995599296602.jpg,52.100067,20.851414,PL,,warsaw,mapillary,2024-01-24,1.0
198710628761706,raw/mapillary/budapest/images/198710628761706.jpg,47.530126,18.98681,HU,,budapest,mapillary,2020-04-25,1.0
177750381400559,raw/mapillary/warsaw/images/177750381400559.jpg,52.10842,21.057086,PL,,warsaw,mapillary,2022-08-07,1.0
1224441695801478,raw/mapillary/prague/images/1224441695801478.jpg,49.969454,14.386984,CZ,,prague,mapillary,2026-02-01,1.0
296587639932210,raw/mapillary/prague/images/296587639932210.jpg,49.950731,14.391763,CZ,,prague,mapillary,2022-10-26,1.0
1556941681776509,raw/mapillary/prague/images/1556941681776509.jpg,49.951064,14.39172,CZ,,prague,mapillary,2022-10-26,1.0
825820271353490,raw/mapillary/budapest/images/825820271353490.jpg,47.475,19.01,HU,,budapest,mapillary,2015-07-01,1.0
926562068132789,raw/mapillary/prague/images/926562068132789.jpg,49.953117,14.467341,CZ,,prague,mapillary,2020-05-26,1.0
1338512886522848,raw/mapillary/budapest/images/1338512886522848.jpg,47.485749,19.01064,HU,,budapest,mapillary,2018-08-23,1.0
1152515379915672,raw/mapillary/warsaw/images/1152515379915672.jpg,52.100764,21.084405,PL,,warsaw,mapillary,2025-01-25,1.0
634840478629387,raw/mapillary/prague/images/634840478629387.jpg,49.95783,14.529298,CZ,,prague,mapillary,2023-08-21,1.0
355145380229689,raw/mapillary/prague/images/355145380229689.jpg,49.958305,14.393173,CZ,,prague,mapillary,2022-10-26,1.0
156620103021224,raw/mapillary/warsaw/images/156620103021224.jpg,52.101151,20.868578,PL,,warsaw,mapillary,2019-11-03,1.0
2048894921936019,raw/mapillary/budapest/images/2048894921936019.jpg,47.53014,18.986865,HU,,budapest,mapillary,2020-04-25,1.0
1282755632434507,raw/mapillary/prague/images/1282755632434507.jpg,49.956803,14.530263,CZ,,prague,mapillary,2022-10-26,1.0
1263350464415810,raw/mapillary/warsaw/images/1263350464415810.jpg,52.100068,21.053911,PL,,warsaw,mapillary,2022-08-07,1.0
3748583832073819,raw/mapillary/warsaw/images/3748583832073819.jpg,52.104876,21.097477,PL,,warsaw,mapillary,2025-01-25,1.0
784702548905295,raw/mapillary/budapest/images/784702548905295.jpg,47.53644,19.000225,HU,,budapest,mapillary,2017-02-04,1.0
984049930441148,raw/mapillary/warsaw/images/984049930441148.jpg,52.104282,21.090374,PL,,warsaw,mapillary,2025-01-25,1.0
539877643692736,raw/mapillary/warsaw/images/539877643692736.jpg,52.106928,21.050311,PL,,warsaw,mapillary,2021-06-07,1.0
282633296922025,raw/mapillary/budapest/images/282633296922025.jpg,47.480497,18.980575,HU,,budapest,mapillary,2019-04-28,1.0
468263384409721,raw/mapillary/budapest/images/468263384409721.jpg,47.477153,18.990538,HU,,budapest,mapillary,2016-03-19,1.0
2440167926191175,raw/mapillary/prague/images/2440167926191175.jpg,49.952185,14.53753,CZ,,prague,mapillary,2022-10-26,1.0
347811664756972,raw/mapillary/warsaw/images/347811664756972.jpg,52.102754,20.99194,PL,,warsaw,mapillary,2024-01-27,1.0
3743162279237204,raw/mapillary/warsaw/images/3743162279237204.jpg,52.102358,20.992116,PL,,warsaw,mapillary,2024-01-27,1.0
772218618201803,raw/mapillary/prague/images/772218618201803.jpg,49.950373,14.330029,CZ,,prague,mapillary,2023-07-09,1.0
1387212172157012,raw/mapillary/warsaw/images/1387212172157012.jpg,52.109979,21.00068,PL,,warsaw,mapillary,2024-01-27,1.0
124156530214894,raw/mapillary/warsaw/images/124156530214894.jpg,52.103602,20.970319,PL,,warsaw,mapillary,2022-08-30,1.0
402812756097854,raw/mapillary/prague/images/402812756097854.jpg,49.959578,14.632245,CZ,,prague,mapillary,2024-10-31,1.0
1191054677989796,raw/mapillary/warsaw/images/1191054677989796.jpg,52.100981,21.06525,PL,,warsaw,mapillary,2021-06-07,1.0
111845750962841,raw/mapillary/budapest/images/111845750962841.jpg,47.49007,19.002405,HU,,budapest,mapillary,2017-05-05,1.0
772945983583803,raw/mapillary/prague/images/772945983583803.jpg,49.950082,14.315017,CZ,,prague,mapillary,2016-12-31,1.0
2649953061970382,raw/mapillary/budapest/images/2649953061970382.jpg,47.531565,18.980485,HU,,budapest,mapillary,2019-05-24,1.0
388200975793268,raw/mapillary/budapest/images/388200975793268.jpg,47.510267,18.976887,HU,,budapest,mapillary,2020-10-22,1.0
513740286468773,raw/mapillary/budapest/images/513740286468773.jpg,47.536337,19.000182,HU,,budapest,mapillary,2017-12-10,1.0
920672530042184,raw/mapillary/prague/images/920672530042184.jpg,49.969325,14.386604,CZ,,prague,mapillary,2024-12-08,1.0
832071435371444,raw/mapillary/prague/images/832071435371444.jpg,49.958247,14.393139,CZ,,prague,mapillary,2022-10-26,1.0
3763815577079688,raw/mapillary/warsaw/images/3763815577079688.jpg,52.101713,20.876535,PL,,warsaw,mapillary,2019-11-03,1.0
1320452145639968,raw/mapillary/warsaw/images/1320452145639968.jpg,52.104792,21.092459,PL,,warsaw,mapillary,2025-01-25,1.0
384779462851846,raw/mapillary/prague/images/384779462851846.jpg,49.959481,14.521625,CZ,,prague,mapillary,2020-05-27,1.0
891557392447867,raw/mapillary/warsaw/images/891557392447867.jpg,52.109045,21.033136,PL,,warsaw,mapillary,2024-01-27,1.0
529332911846454,raw/mapillary/warsaw/images/529332911846454.jpg,52.108321,21.09014,PL,,warsaw,mapillary,2021-06-07,1.0
881746346956069,raw/mapillary/prague/images/881746346956069.jpg,49.953283,14.391971,CZ,,prague,mapillary,2022-10-26,1.0
367416549266082,raw/mapillary/warsaw/images/367416549266082.jpg,52.109774,20.996475,PL,,warsaw,mapillary,2024-01-27,1.0
498415524907173,raw/mapillary/prague/images/498415524907173.jpg,49.960435,14.323651,CZ,,prague,mapillary,2016-10-09,1.0
709542612081642,raw/mapillary/warsaw/images/709542612081642.jpg,52.101554,20.873374,PL,,warsaw,mapillary,2025-07-25,1.0
282671923554727,raw/mapillary/budapest/images/282671923554727.jpg,47.477974,18.990159,HU,,budapest,mapillary,2017-05-14,1.0
306363950869665,raw/mapillary/budapest/images/306363950869665.jpg,47.534101,18.990057,HU,,budapest,mapillary,2016-04-10,1.0
2987205481514386,raw/mapillary/budapest/images/2987205481514386.jpg,47.510172,18.977418,HU,,budapest,mapillary,2020-10-22,1.0
588671540099191,raw/mapillary/prague/images/588671540099191.jpg,49.953365,14.327837,CZ,,prague,mapillary,2023-07-09,1.0
987704656538541,raw/mapillary/warsaw/images/987704656538541.jpg,52.103236,21.039178,PL,,warsaw,mapillary,2025-01-25,1.0
1275187467331277,raw/mapillary/prague/images/1275187467331277.jpg,49.960308,14.379056,CZ,,prague,mapillary,2025-07-01,1.0
424872025601785,raw/mapillary/prague/images/424872025601785.jpg,49.959182,14.520697,CZ,,prague,mapillary,2020-05-27,1.0
304832925736119,raw/mapillary/prague/images/304832925736119.jpg,49.951427,14.391701,CZ,,prague,mapillary,2022-10-26,1.0
1791924307635165,raw/mapillary/budapest/images/1791924307635165.jpg,47.499642,19.090663,HU,,budapest,mapillary,2019-06-07,1.0
2945216992472086,raw/mapillary/prague/images/2945216992472086.jpg,49.950434,14.518459,CZ,,prague,mapillary,2020-05-27,1.0
142669334471692,raw/mapillary/prague/images/142669334471692.jpg,49.958869,14.519893,CZ,,prague,mapillary,2020-05-27,1.0
1196331772649332,raw/mapillary/prague/images/1196331772649332.jpg,49.952262,14.37545,CZ,,prague,mapillary,2026-01-12,1.0
528011745240417,raw/mapillary/budapest/images/528011745240417.jpg,47.470022,19.000488,HU,,budapest,mapillary,2019-06-14,1.0
1435265860754232,raw/mapillary/warsaw/images/1435265860754232.jpg,52.103556,21.04,PL,,warsaw,mapillary,2024-01-27,1.0
2882776651986129,raw/mapillary/budapest/images/2882776651986129.jpg,47.487496,19.010606,HU,,budapest,mapillary,2016-03-19,1.0
1623082141416340,raw/mapillary/prague/images/1623082141416340.jpg,49.951944,14.468554,CZ,,prague,mapillary,2020-05-26,1.0
1505986196845691,raw/mapillary/warsaw/images/1505986196845691.jpg,52.104187,20.970569,PL,,warsaw,mapillary,2023-09-05,1.0
2449051801965000,raw/mapillary/warsaw/images/2449051801965000.jpg,52.101522,20.873456,PL,,warsaw,mapillary,2024-01-08,1.0
523462950126655,raw/mapillary/warsaw/images/523462950126655.jpg,52.103565,21.040295,PL,,warsaw,mapillary,2025-01-25,1.0
1086292396262976,raw/mapillary/warsaw/images/1086292396262976.jpg,52.100113,20.853947,PL,,warsaw,mapillary,2025-07-25,1.0
213902107208274,raw/mapillary/warsaw/images/213902107208274.jpg,52.108753,20.981264,PL,,warsaw,mapillary,2020-06-30,1.0
1070029204168099,raw/mapillary/warsaw/images/1070029204168099.jpg,52.103516,20.970675,PL,,warsaw,mapillary,2023-09-07,1.0
150826544230903,raw/mapillary/warsaw/images/150826544230903.jpg,52.10324,21.054449,PL,,warsaw,mapillary,2022-08-07,1.0
177032547627157,raw/mapillary/budapest/images/177032547627157.jpg,47.530344,18.979058,HU,,budapest,mapillary,2018-10-02,1.0
404396075090965,raw/mapillary/warsaw/images/404396075090965.jpg,52.100748,21.054063,PL,,warsaw,mapillary,2022-08-07,1.0
6996751600439046,raw/mapillary/prague/images/6996751600439046.jpg,49.953611,14.392035,CZ,,prague,mapillary,2022-10-26,1.0
470768367328926,raw/mapillary/prague/images/470768367328926.jpg,49.958113,14.518727,CZ,,prague,mapillary,2020-05-27,1.0
286143524149264,raw/mapillary/warsaw/images/286143524149264.jpg,52.103666,21.040145,PL,,warsaw,mapillary,2024-01-27,1.0
1232748331945272,raw/mapillary/prague/images/1232748331945272.jpg,49.960488,14.379021,CZ,,prague,mapillary,2026-03-28,1.0
949455576607858,raw/mapillary/warsaw/images/949455576607858.jpg,52.107878,21.040526,PL,,warsaw,mapillary,2024-01-27,1.0
776803527620526,raw/mapillary/warsaw/images/776803527620526.jpg,52.100666,20.96077,PL,,warsaw,mapillary,2024-01-27,1.0
3903320286451253,raw/mapillary/prague/images/3903320286451253.jpg,49.953558,14.319416,CZ,,prague,mapillary,2016-12-31,1.0
1807502430072963,raw/mapillary/prague/images/1807502430072963.jpg,49.959366,14.632501,CZ,,prague,mapillary,2024-10-31,1.0
1285709519381156,raw/mapillary/warsaw/images/1285709519381156.jpg,52.105055,21.098311,PL,,warsaw,mapillary,2025-01-25,1.0
837104762170750,raw/mapillary/warsaw/images/837104762170750.jpg,52.107416,20.932146,PL,,warsaw,mapillary,2026-04-30,1.0
755490843144403,raw/mapillary/warsaw/images/755490843144403.jpg,52.108742,21.033073,PL,,warsaw,mapillary,2024-01-27,1.0
2870576206498050,raw/mapillary/budapest/images/2870576206498050.jpg,47.499703,19.090309,HU,,budapest,mapillary,2019-10-06,1.0
371589551186737,raw/mapillary/warsaw/images/371589551186737.jpg,52.107747,20.932373,PL,,warsaw,mapillary,2021-05-03,1.0
308690240822101,raw/mapillary/budapest/images/308690240822101.jpg,47.478105,18.973946,HU,,budapest,mapillary,2019-08-11,1.0
4160460953974987,raw/mapillary/budapest/images/4160460953974987.jpg,47.54428,18.973445,HU,,budapest,mapillary,2020-08-14,1.0
1512346480497736,raw/mapillary/warsaw/images/1512346480497736.jpg,52.107634,20.932242,PL,,warsaw,mapillary,2026-04-30,1.0
289822232639206,raw/mapillary/budapest/images/289822232639206.jpg,47.49954,19.090122,HU,,budapest,mapillary,2019-08-08,1.0
878278957358228,raw/mapillary/warsaw/images/878278957358228.jpg,52.104513,21.035383,PL,,warsaw,mapillary,2024-01-27,1.0
860345007888154,raw/mapillary/budapest/images/860345007888154.jpg,47.510147,18.977602,HU,,budapest,mapillary,2020-10-22,1.0
301127835711112,raw/mapillary/prague/images/301127835711112.jpg,49.951677,14.329295,CZ,,prague,mapillary,2023-07-09,1.0
660742632774704,raw/mapillary/prague/images/660742632774704.jpg,49.967256,14.337687,CZ,,prague,mapillary,2023-07-09,1.0
2220565035024178,raw/mapillary/warsaw/images/2220565035024178.jpg,52.101974,20.879293,PL,,warsaw,mapillary,2025-07-25,1.0
798966707407683,raw/mapillary/budapest/images/798966707407683.jpg,47.53155,18.980463,HU,,budapest,mapillary,2019-05-24,1.0
3981428128754279,raw/mapillary/prague/images/3981428128754279.jpg,49.969306,14.385639,CZ,,prague,mapillary,2024-12-08,1.0
1419960333102485,raw/mapillary/prague/images/1419960333102485.jpg,49.968328,14.384388,CZ,,prague,mapillary,2026-02-01,1.0
748493432532069,raw/mapillary/budapest/images/748493432532069.jpg,47.474895,18.990045,HU,,budapest,mapillary,2017-04-09,1.0
591963793699823,raw/mapillary/warsaw/images/591963793699823.jpg,52.10421,21.090161,PL,,warsaw,mapillary,2025-01-25,1.0
150014020469830,raw/mapillary/budapest/images/150014020469830.jpg,47.48051,18.978023,HU,,budapest,mapillary,2019-08-11,1.0
221055274256746,raw/mapillary/prague/images/221055274256746.jpg,49.959431,14.323774,CZ,,prague,mapillary,2023-07-09,1.0
217803946486751,raw/mapillary/budapest/images/217803946486751.jpg,47.520011,18.97378,HU,,budapest,mapillary,2018-08-14,1.0
4172807452775524,raw/mapillary/warsaw/images/4172807452775524.jpg,52.101302,20.870484,PL,,warsaw,mapillary,2019-11-03,1.0
175348081198826,raw/mapillary/prague/images/175348081198826.jpg,49.952993,14.318358,CZ,,prague,mapillary,2016-12-31,1.0
223610297185052,raw/mapillary/prague/images/223610297185052.jpg,49.959383,14.632151,CZ,,prague,mapillary,2023-04-01,1.0
608494666794655,raw/mapillary/prague/images/608494666794655.jpg,49.958375,14.519051,CZ,,prague,mapillary,2020-05-27,1.0
221087290873864,raw/mapillary/prague/images/221087290873864.jpg,49.951165,14.391712,CZ,,prague,mapillary,2022-10-26,1.0
1345642659398314,raw/mapillary/prague/images/1345642659398314.jpg,49.950188,14.330159,CZ,,prague,mapillary,2023-07-09,1.0
315164197997224,raw/mapillary/warsaw/images/315164197997224.jpg,52.105973,21.0203,PL,,warsaw,mapillary,2023-09-07,1.0
864809784106569,raw/mapillary/prague/images/864809784106569.jpg,49.952157,14.468425,CZ,,prague,mapillary,2020-05-26,1.0
793193661322456,raw/mapillary/budapest/images/793193661322456.jpg,47.490056,19.002448,HU,,budapest,mapillary,2017-05-05,1.0
943371623098828,raw/mapillary/budapest/images/943371623098828.jpg,47.544809,18.976593,HU,,budapest,mapillary,2018-01-06,1.0
1813788618790949,raw/mapillary/warsaw/images/1813788618790949.jpg,52.105041,21.057693,PL,,warsaw,mapillary,2021-06-07,1.0
1602445123701771,raw/mapillary/prague/images/1602445123701771.jpg,49.969487,14.387039,CZ,,prague,mapillary,2024-12-08,1.0
1895890033898584,raw/mapillary/prague/images/1895890033898584.jpg,49.950153,14.528933,CZ,,prague,mapillary,2016-01-31,1.0
784513600119903,raw/mapillary/prague/images/784513600119903.jpg,49.965433,14.329078,CZ,,prague,mapillary,2023-07-09,1.0
509813226710264,raw/mapillary/budapest/images/509813226710264.jpg,47.534618,18.990706,HU,,budapest,mapillary,2016-04-10,1.0
242545315598368,raw/mapillary/warsaw/images/242545315598368.jpg,52.106489,20.963559,PL,,warsaw,mapillary,2024-01-27,1.0
298748593309871,raw/mapillary/warsaw/images/298748593309871.jpg,52.107477,20.932181,PL,,warsaw,mapillary,2024-06-05,1.0
177602807624166,raw/mapillary/prague/images/177602807624166.jpg,49.951243,14.518253,CZ,,prague,mapillary,2020-05-27,1.0
1586907162422145,raw/mapillary/prague/images/1586907162422145.jpg,49.952788,14.375687,CZ,,prague,mapillary,2026-04-03,1.0
9813827518689186,raw/mapillary/prague/images/9813827518689186.jpg,49.951915,14.32906,CZ,,prague,mapillary,2023-07-09,1.0
1148464906136414,raw/mapillary/warsaw/images/1148464906136414.jpg,52.101549,21.08495,PL,,warsaw,mapillary,2025-01-25,1.0
2901493173452117,raw/mapillary/prague/images/2901493173452117.jpg,49.956296,14.464798,CZ,,prague,mapillary,2020-05-26,1.0
353783560879953,raw/mapillary/warsaw/images/353783560879953.jpg,52.10056,20.960713,PL,,warsaw,mapillary,2024-01-27,1.0
3099290783536303,raw/mapillary/warsaw/images/3099290783536303.jpg,52.106438,21.020166,PL,,warsaw,mapillary,2024-01-27,1.0
983496167446954,raw/mapillary/prague/images/983496167446954.jpg,49.959185,14.632419,CZ,,prague,mapillary,2026-04-15,1.0
987636052306935,raw/mapillary/prague/images/987636052306935.jpg,49.958183,14.528897,CZ,,prague,mapillary,2022-10-26,1.0
147777473904953,raw/mapillary/budapest/images/147777473904953.jpg,47.47662,18.97051,HU,,budapest,mapillary,2016-10-31,1.0
511922633275015,raw/mapillary/prague/images/511922633275015.jpg,49.959499,14.632227,CZ,,prague,mapillary,2016-10-21,1.0
2653381401620272,raw/mapillary/budapest/images/2653381401620272.jpg,47.520164,18.972884,HU,,budapest,mapillary,2018-08-06,1.0
1286574771989034,raw/mapillary/prague/images/1286574771989034.jpg,49.951568,14.3917,CZ,,prague,mapillary,2022-10-26,1.0
1021960573074393,raw/mapillary/warsaw/images/1021960573074393.jpg,52.104798,21.092782,PL,,warsaw,mapillary,2025-01-25,1.0
1147945857142612,raw/mapillary/warsaw/images/1147945857142612.jpg,52.101872,20.878709,PL,,warsaw,mapillary,2025-07-23,1.0
1624188781453695,raw/mapillary/warsaw/images/1624188781453695.jpg,52.106358,20.993403,PL,,warsaw,mapillary,2024-01-27,1.0
946816132625630,raw/mapillary/prague/images/946816132625630.jpg,49.952228,14.537386,CZ,,prague,mapillary,2021-10-20,1.0
834705444099089,raw/mapillary/prague/images/834705444099089.jpg,49.95958,14.462034,CZ,,prague,mapillary,2020-05-26,1.0
1728476290659785,raw/mapillary/prague/images/1728476290659785.jpg,49.959589,14.521969,CZ,,prague,mapillary,2020-05-27,1.0
769910173670495,raw/mapillary/budapest/images/769910173670495.jpg,47.510157,18.977646,HU,,budapest,mapillary,2018-08-16,1.0
711695820849699,raw/mapillary/prague/images/711695820849699.jpg,49.953489,14.392011,CZ,,prague,mapillary,2022-10-26,1.0
943414590783536,raw/mapillary/warsaw/images/943414590783536.jpg,52.10979,20.996386,PL,,warsaw,mapillary,2024-01-27,1.0
968701753902704,raw/mapillary/budapest/images/968701753902704.jpg,47.490195,18.979111,HU,,budapest,mapillary,2019-11-01,1.0
476785650199036,raw/mapillary/warsaw/images/476785650199036.jpg,52.100229,20.855914,PL,,warsaw,mapillary,2019-11-03,1.0
1899245896945633,raw/mapillary/budapest/images/1899245896945633.jpg,47.479444,18.980278,HU,,budapest,mapillary,2022-03-05,1.0
5582771101797383,raw/mapillary/prague/images/5582771101797383.jpg,49.952578,14.468074,CZ,,prague,mapillary,2020-05-26,1.0
230525265538903,raw/mapillary/prague/images/230525265538903.jpg,49.955172,14.378429,CZ,,prague,mapillary,2017-10-19,1.0
2088297208184349,raw/mapillary/prague/images/2088297208184349.jpg,49.958362,14.528737,CZ,,prague,mapillary,2022-10-26,1.0
146432907445110,raw/mapillary/prague/images/146432907445110.jpg,49.95365,14.376639,CZ,,prague,mapillary,2017-05-21,1.0
392077276657167,raw/mapillary/warsaw/images/392077276657167.jpg,52.109985,21.000828,PL,,warsaw,mapillary,2024-01-27,1.0
1540788400559339,raw/mapillary/prague/images/1540788400559339.jpg,49.954767,14.377832,CZ,,prague,mapillary,2026-01-12,1.0
1073915057731949,raw/mapillary/warsaw/images/1073915057731949.jpg,52.101269,20.869333,PL,,warsaw,mapillary,2025-07-25,1.0
588705578772080,raw/mapillary/warsaw/images/588705578772080.jpg,52.108223,21.090171,PL,,warsaw,mapillary,2021-06-07,1.0
453618099305917,raw/mapillary/prague/images/453618099305917.jpg,49.959806,14.323125,CZ,,prague,mapillary,2016-12-31,1.0
121015317342507,raw/mapillary/warsaw/images/121015317342507.jpg,52.108675,21.056615,PL,,warsaw,mapillary,2022-08-07,1.0
516815349494098,raw/mapillary/warsaw/images/516815349494098.jpg,52.101173,20.868186,PL,,warsaw,mapillary,2020-07-03,1.0
299917941620465,raw/mapillary/budapest/images/299917941620465.jpg,47.530582,18.978735,HU,,budapest,mapillary,2018-07-03,1.0
926523904778911,raw/mapillary/budapest/images/926523904778911.jpg,47.493815,18.979573,HU,,budapest,mapillary,2019-03-22,1.0
633457643110991,raw/mapillary/warsaw/images/633457643110991.jpg,52.101131,20.868118,PL,,warsaw,mapillary,2025-07-23,1.0
974220596716175,raw/mapillary/prague/images/974220596716175.jpg,49.95946,14.63208,CZ,,prague,mapillary,2018-05-16,1.0
324901175915278,raw/mapillary/warsaw/images/324901175915278.jpg,52.101848,21.063985,PL,,warsaw,mapillary,2021-06-07,1.0
313842796774514,raw/mapillary/budapest/images/313842796774514.jpg,47.483126,18.980105,HU,,budapest,mapillary,2017-04-01,1.0
1659784968673673,raw/mapillary/warsaw/images/1659784968673673.jpg,52.104619,20.931331,PL,,warsaw,mapillary,2026-04-30,1.0
2886608394990182,raw/mapillary/prague/images/2886608394990182.jpg,49.95488,14.378205,CZ,,prague,mapillary,2016-11-08,1.0
941309909937872,raw/mapillary/budapest/images/941309909937872.jpg,47.520143,18.972994,HU,,budapest,mapillary,2018-08-08,1.0
745555290850889,raw/mapillary/warsaw/images/745555290850889.jpg,52.109007,21.042165,PL,,warsaw,mapillary,2024-01-27,1.0
2072843839522249,raw/mapillary/budapest/images/2072843839522249.jpg,47.530493,19.015959,HU,,budapest,mapillary,2020-04-11,1.0
301086894934543,raw/mapillary/budapest/images/301086894934543.jpg,47.530233,18.979157,HU,,budapest,mapillary,2019-06-02,1.0
944516441829406,raw/mapillary/prague/images/944516441829406.jpg,49.959599,14.631934,CZ,,prague,mapillary,2026-04-15,1.0
495624133552724,raw/mapillary/warsaw/images/495624133552724.jpg,52.104417,21.090883,PL,,warsaw,mapillary,2025-01-25,1.0
1150892775373415,raw/mapillary/budapest/images/1150892775373415.jpg,47.497458,19.090146,HU,,budapest,mapillary,2018-01-28,1.0
2294033587456173,raw/mapillary/prague/images/2294033587456173.jpg,49.96669,14.339144,CZ,,prague,mapillary,2023-07-09,1.0
306904031788714,raw/mapillary/prague/images/306904031788714.jpg,49.952007,14.328985,CZ,,prague,mapillary,2023-07-09,1.0
1327319361723689,raw/mapillary/warsaw/images/1327319361723689.jpg,52.104792,21.09283,PL,,warsaw,mapillary,2025-01-25,1.0
387073013646813,raw/mapillary/warsaw/images/387073013646813.jpg,52.109973,21.000862,PL,,warsaw,mapillary,2023-09-07,1.0
1228199980932484,raw/mapillary/prague/images/1228199980932484.jpg,49.959433,14.632033,CZ,,prague,mapillary,2019-06-24,1.0
557588113326252,raw/mapillary/prague/images/557588113326252.jpg,49.954144,14.607123,CZ,,prague,mapillary,2024-08-28,1.0
493865059421608,raw/mapillary/warsaw/images/493865059421608.jpg,52.10326,20.970235,PL,,warsaw,mapillary,2022-09-24,1.0
315559553520397,raw/mapillary/budapest/images/315559553520397.jpg,47.480192,18.971424,HU,,budapest,mapillary,2020-06-30,1.0
3997555606987694,raw/mapillary/prague/images/3997555606987694.jpg,49.9695,14.336173,CZ,,prague,mapillary,2016-10-09,1.0
293878579083338,raw/mapillary/warsaw/images/293878579083338.jpg,52.101162,20.868036,PL,,warsaw,mapillary,2017-03-01,1.0
1162725081896961,raw/mapillary/warsaw/images/1162725081896961.jpg,52.100272,21.084057,PL,,warsaw,mapillary,2025-01-25,1.0
893687178877756,raw/mapillary/warsaw/images/893687178877756.jpg,52.109748,20.996651,PL,,warsaw,mapillary,2024-01-27,1.0
1398060130573257,raw/mapillary/budapest/images/1398060130573257.jpg,47.480225,18.978051,HU,,budapest,mapillary,2019-08-11,1.0
2865333153628663,raw/mapillary/warsaw/images/2865333153628663.jpg,52.100066,21.083908,PL,,warsaw,mapillary,2025-01-25,1.0
1300058038404207,raw/mapillary/warsaw/images/1300058038404207.jpg,52.101201,20.868432,PL,,warsaw,mapillary,2025-07-25,1.0
347661014767554,raw/mapillary/warsaw/images/347661014767554.jpg,52.109947,21.000148,PL,,warsaw,mapillary,2024-01-27,1.0
3227164974185750,raw/mapillary/budapest/images/3227164974185750.jpg,47.480161,19.007772,HU,,budapest,mapillary,2018-08-27,1.0
1408067300727206,raw/mapillary/prague/images/1408067300727206.jpg,49.968306,14.384415,CZ,,prague,mapillary,2026-02-01,1.0
1300384501611830,raw/mapillary/prague/images/1300384501611830.jpg,49.953679,14.376616,CZ,,prague,mapillary,2025-07-27,1.0
988984191931620,raw/mapillary/prague/images/988984191931620.jpg,49.957453,14.518217,CZ,,prague,mapillary,2016-10-01,1.0
1299369547754904,raw/mapillary/budapest/images/1299369547754904.jpg,47.541756,18.986128,HU,,budapest,mapillary,2024-11-03,1.0
588762507404197,raw/mapillary/warsaw/images/588762507404197.jpg,52.100079,21.066934,PL,,warsaw,mapillary,2025-01-25,1.0
318331687578259,raw/mapillary/prague/images/318331687578259.jpg,49.950945,14.391732,CZ,,prague,mapillary,2022-10-26,1.0
921536043399870,raw/mapillary/warsaw/images/921536043399870.jpg,52.100052,21.067073,PL,,warsaw,mapillary,2025-01-25,1.0
470158710910360,raw/mapillary/warsaw/images/470158710910360.jpg,52.101779,20.877007,PL,,warsaw,mapillary,2020-07-03,1.0
4347485398595171,raw/mapillary/budapest/images/4347485398595171.jpg,47.490066,19.002411,HU,,budapest,mapillary,2017-05-05,1.0
1601026830917275,raw/mapillary/prague/images/1601026830917275.jpg,49.950503,14.374417,CZ,,prague,mapillary,2026-01-12,1.0
1366120090455012,raw/mapillary/budapest/images/1366120090455012.jpg,47.520029,18.97365,HU,,budapest,mapillary,2018-08-14,1.0
232368656521396,raw/mapillary/prague/images/232368656521396.jpg,49.956974,14.530064,CZ,,prague,mapillary,2022-10-26,1.0
483217942802716,raw/mapillary/budapest/images/483217942802716.jpg,47.480071,19.00838,HU,,budapest,mapillary,2018-08-27,1.0
197203458893078,raw/mapillary/budapest/images/197203458893078.jpg,47.520018,18.973728,HU,,budapest,mapillary,2018-08-14,1.0
762081847829673,raw/mapillary/warsaw/images/762081847829673.jpg,52.101183,20.868921,PL,,warsaw,mapillary,2019-08-17,1.0
154850773165231,raw/mapillary/budapest/images/154850773165231.jpg,47.530372,18.978944,HU,,budapest,mapillary,,1.0
1208578802946307,raw/mapillary/budapest/images/1208578802946307.jpg,47.499702,19.090433,HU,,budapest,mapillary,2019-10-06,1.0
1152495885211384,raw/mapillary/budapest/images/1152495885211384.jpg,47.480312,18.98095,HU,,budapest,mapillary,2016-10-31,1.0
397149562796176,raw/mapillary/warsaw/images/397149562796176.jpg,52.103762,21.040308,PL,,warsaw,mapillary,2024-01-27,1.0
827311284854122,raw/mapillary/budapest/images/827311284854122.jpg,47.534464,18.990446,HU,,budapest,mapillary,2016-04-10,1.0
502484557536226,raw/mapillary/warsaw/images/502484557536226.jpg,52.101811,20.877203,PL,,warsaw,mapillary,2017-03-01,1.0
786341248658139,raw/mapillary/budapest/images/786341248658139.jpg,47.530249,18.987078,HU,,budapest,mapillary,2020-04-25,1.0
208495460831876,raw/mapillary/budapest/images/208495460831876.jpg,47.474223,18.990101,HU,,budapest,mapillary,2017-01-08,1.0
748682866387147,raw/mapillary/warsaw/images/748682866387147.jpg,52.108131,21.05778,PL,,warsaw,mapillary,2022-08-07,1.0
401218208452869,raw/mapillary/budapest/images/401218208452869.jpg,47.480278,18.980278,HU,,budapest,mapillary,2021-12-22,1.0
281952650379219,raw/mapillary/budapest/images/281952650379219.jpg,47.470025,18.979686,HU,,budapest,mapillary,2021-04-27,1.0
2854655178088219,raw/mapillary/budapest/images/2854655178088219.jpg,47.478165,18.975751,HU,,budapest,mapillary,2016-10-31,1.0
1555186512126196,raw/mapillary/warsaw/images/1555186512126196.jpg,52.101165,20.868029,PL,,warsaw,mapillary,2025-07-25,1.0
327840115569060,raw/mapillary/prague/images/327840115569060.jpg,49.955552,14.32003,CZ,,prague,mapillary,2016-12-31,1.0
1150475348787800,raw/mapillary/warsaw/images/1150475348787800.jpg,52.106998,21.050148,PL,,warsaw,mapillary,2021-06-07,1.0
693307886078712,raw/mapillary/prague/images/693307886078712.jpg,49.952349,14.537292,CZ,,prague,mapillary,2022-10-26,1.0
1037185694319714,raw/mapillary/warsaw/images/1037185694319714.jpg,52.101688,21.036741,PL,,warsaw,mapillary,2024-09-12,1.0
295384393018474,raw/mapillary/prague/images/295384393018474.jpg,49.959078,14.323608,CZ,,prague,mapillary,2023-07-09,1.0
947586056025555,raw/mapillary/warsaw/images/947586056025555.jpg,52.102279,21.018894,PL,,warsaw,mapillary,2017-03-05,1.0
521728705841783,raw/mapillary/prague/images/521728705841783.jpg,49.95971,14.522355,CZ,,prague,mapillary,2020-05-27,1.0
287953886202094,raw/mapillary/prague/images/287953886202094.jpg,49.952144,14.537658,CZ,,prague,mapillary,2016-09-07,1.0
2141635889374202,raw/mapillary/budapest/images/2141635889374202.jpg,47.520083,18.973067,HU,,budapest,mapillary,2023-05-31,1.0
916589816346484,raw/mapillary/warsaw/images/916589816346484.jpg,52.107821,21.040293,PL,,warsaw,mapillary,2024-01-27,1.0
485298511329673,raw/mapillary/prague/images/485298511329673.jpg,49.959354,14.632516,CZ,,prague,mapillary,2024-10-31,1.0
309893560716193,raw/mapillary/budapest/images/309893560716193.jpg,47.530558,18.978835,HU,,budapest,mapillary,2019-06-02,1.0
1747379298978658,raw/mapillary/warsaw/images/1747379298978658.jpg,52.104185,20.970568,PL,,warsaw,mapillary,2022-09-24,1.0
183908010664191,raw/mapillary/warsaw/images/183908010664191.jpg,52.106903,21.055853,PL,,warsaw,mapillary,2022-08-07,1.0
497746501424497,raw/mapillary/budapest/images/497746501424497.jpg,47.534628,18.990714,HU,,budapest,mapillary,2016-04-10,1.0
294999818782931,raw/mapillary/budapest/images/294999818782931.jpg,47.480415,18.980667,HU,,budapest,mapillary,2019-04-28,1.0
130984082404050,raw/mapillary/budapest/images/130984082404050.jpg,47.499612,19.090618,HU,,budapest,mapillary,2018-03-21,1.0
6870340886415626,raw/mapillary/prague/images/6870340886415626.jpg,49.959482,14.393984,CZ,,prague,mapillary,2022-10-26,1.0
274241262344128,raw/mapillary/warsaw/images/274241262344128.jpg,52.1098,20.996341,PL,,warsaw,mapillary,2024-01-27,1.0
762410647787109,raw/mapillary/prague/images/762410647787109.jpg,49.95285,14.318051,CZ,,prague,mapillary,2016-12-31,1.0
317162583208143,raw/mapillary/prague/images/317162583208143.jpg,49.950383,14.518482,CZ,,prague,mapillary,2020-05-27,1.0
822794055335894,raw/mapillary/budapest/images/822794055335894.jpg,47.532555,18.990007,HU,,budapest,mapillary,2020-04-16,1.0
109340928045428,raw/mapillary/warsaw/images/109340928045428.jpg,52.105361,21.057081,PL,,warsaw,mapillary,2021-06-07,1.0
1336704781473330,raw/mapillary/warsaw/images/1336704781473330.jpg,52.103967,20.970831,PL,,warsaw,mapillary,2026-01-10,1.0
1007213293885026,raw/mapillary/prague/images/1007213293885026.jpg,49.958395,14.393226,CZ,,prague,mapillary,2022-10-26,1.0
1030096165204571,raw/mapillary/budapest/images/1030096165204571.jpg,47.499663,19.090696,HU,,budapest,mapillary,2024-05-27,1.0
1188468782556829,raw/mapillary/prague/images/1188468782556829.jpg,49.95353,14.392019,CZ,,prague,mapillary,2022-10-26,1.0
757467665836219,raw/mapillary/warsaw/images/757467665836219.jpg,52.102905,21.039037,PL,,warsaw,mapillary,2024-01-27,1.0
457862175645698,raw/mapillary/prague/images/457862175645698.jpg,49.953778,14.535016,CZ,,prague,mapillary,2021-10-20,1.0
1117425948766791,raw/mapillary/prague/images/1117425948766791.jpg,49.958409,14.528746,CZ,,prague,mapillary,2016-09-07,1.0
30268336736098606,raw/mapillary/prague/images/30268336736098606.jpg,49.960106,14.379142,CZ,,prague,mapillary,2025-04-20,1.0
745600696668423,raw/mapillary/warsaw/images/745600696668423.jpg,52.104008,21.054738,PL,,warsaw,mapillary,2022-08-07,1.0
1649850225874292,raw/mapillary/budapest/images/1649850225874292.jpg,47.541997,18.98632,HU,,budapest,mapillary,2024-11-03,1.0
468820767570262,raw/mapillary/budapest/images/468820767570262.jpg,47.474928,19.010221,HU,,budapest,mapillary,2018-05-24,1.0
362380770072979,raw/mapillary/warsaw/images/362380770072979.jpg,52.103926,21.04056,PL,,warsaw,mapillary,2024-01-27,1.0
1819846151888866,raw/mapillary/warsaw/images/1819846151888866.jpg,52.100383,21.084071,PL,,warsaw,mapillary,2025-01-25,1.0
897814461595632,raw/mapillary/warsaw/images/897814461595632.jpg,52.100189,20.854908,PL,,warsaw,mapillary,2022-12-02,1.0
225465268919335,raw/mapillary/budapest/images/225465268919335.jpg,47.520046,18.973533,HU,,budapest,mapillary,2018-08-08,1.0
3976402299107114,raw/mapillary/budapest/images/3976402299107114.jpg,47.48645,19.000021,HU,,budapest,mapillary,2018-08-21,1.0
635096978858335,raw/mapillary/warsaw/images/635096978858335.jpg,52.100331,21.084031,PL,,warsaw,mapillary,2025-01-25,1.0
744162322917718,raw/mapillary/prague/images/744162322917718.jpg,49.959358,14.521376,CZ,,prague,mapillary,2016-10-01,1.0
1085535526860061,raw/mapillary/warsaw/images/1085535526860061.jpg,52.101567,20.873428,PL,,warsaw,mapillary,2025-07-25,1.0
496741465082175,raw/mapillary/budapest/images/496741465082175.jpg,47.520184,18.972818,HU,,budapest,mapillary,2018-08-08,1.0
3171898076291422,raw/mapillary/prague/images/3171898076291422.jpg,49.958868,14.601814,CZ,,prague,mapillary,2025-06-01,1.0
4658317007517854,raw/mapillary/budapest/images/4658317007517854.jpg,47.490129,19.002359,HU,,budapest,mapillary,2017-05-05,1.0
1085785589878610,raw/mapillary/budapest/images/1085785589878610.jpg,47.541907,18.986366,HU,,budapest,mapillary,2024-11-03,1.0
1417461928631890,raw/mapillary/prague/images/1417461928631890.jpg,49.960015,14.323115,CZ,,prague,mapillary,2016-10-09,1.0
181184577113016,raw/mapillary/budapest/images/181184577113016.jpg,47.530075,18.986783,HU,,budapest,mapillary,2020-04-25,1.0
364075286069086,raw/mapillary/warsaw/images/364075286069086.jpg,52.109952,21.000546,PL,,warsaw,mapillary,2023-09-07,1.0
3996320900668777,raw/mapillary/prague/images/3996320900668777.jpg,49.959271,14.632318,CZ,,prague,mapillary,2026-04-15,1.0
1168222408405618,raw/mapillary/prague/images/1168222408405618.jpg,49.952297,14.375431,CZ,,prague,mapillary,2025-07-01,1.0
1110126440007965,raw/mapillary/warsaw/images/1110126440007965.jpg,52.102044,21.037638,PL,,warsaw,mapillary,2024-01-27,1.0
1366872570356735,raw/mapillary/prague/images/1366872570356735.jpg,49.957765,14.463516,CZ,,prague,mapillary,2020-05-26,1.0
412839538518299,raw/mapillary/warsaw/images/412839538518299.jpg,52.104843,21.097201,PL,,warsaw,mapillary,2025-01-25,1.0
326018243383062,raw/mapillary/prague/images/326018243383062.jpg,49.958437,14.528669,CZ,,prague,mapillary,2022-10-26,1.0
812391781058200,raw/mapillary/budapest/images/812391781058200.jpg,47.510185,18.977209,HU,,budapest,mapillary,2024-09-01,1.0
4055360714552859,raw/mapillary/prague/images/4055360714552859.jpg,49.95713,14.518002,CZ,,prague,mapillary,2020-05-27,1.0
1137239231281174,raw/mapillary/warsaw/images/1137239231281174.jpg,52.100784,21.084375,PL,,warsaw,mapillary,2025-01-25,1.0
857082874844987,raw/mapillary/prague/images/857082874844987.jpg,49.959079,14.382845,CZ,,prague,mapillary,2016-04-13,1.0
987191002388490,raw/mapillary/prague/images/987191002388490.jpg,49.957944,14.52911,CZ,,prague,mapillary,2022-10-26,1.0
132068382189672,raw/mapillary/budapest/images/132068382189672.jpg,47.490147,19.00234,HU,,budapest,mapillary,2018-06-20,1.0
214606130476864,raw/mapillary/prague/images/214606130476864.jpg,49.968474,14.333841,CZ,,prague,mapillary,2016-10-09,1.0
582308437434520,raw/mapillary/prague/images/582308437434520.jpg,49.966833,14.33871,CZ,,prague,mapillary,2023-07-09,1.0
2329870000812515,raw/mapillary/warsaw/images/2329870000812515.jpg,52.103555,20.970678,PL,,warsaw,mapillary,2026-01-10,1.0
813734456645081,raw/mapillary/warsaw/images/813734456645081.jpg,52.102882,20.970143,PL,,warsaw,mapillary,2022-09-24,1.0
3980848505538057,raw/mapillary/warsaw/images/3980848505538057.jpg,52.104848,21.097249,PL,,warsaw,mapillary,2025-01-25,1.0
1783680235480226,raw/mapillary/budapest/images/1783680235480226.jpg,47.530114,18.983585,HU,,budapest,mapillary,2023-11-20,1.0
660589605963907,raw/mapillary/prague/images/660589605963907.jpg,49.967377,14.33737,CZ,,prague,mapillary,2023-07-09,1.0
294809245595542,raw/mapillary/budapest/images/294809245595542.jpg,47.480864,18.980211,HU,,budapest,mapillary,2016-10-31,1.0
621398860841922,raw/mapillary/budapest/images/621398860841922.jpg,47.530378,18.997689,HU,,budapest,mapillary,2025-09-05,1.0
1152343599242661,raw/mapillary/budapest/images/1152343599242661.jpg,47.499663,19.090245,HU,,budapest,mapillary,2024-05-27,1.0
380323994460175,raw/mapillary/prague/images/380323994460175.jpg,49.95355,14.392023,CZ,,prague,mapillary,2022-10-26,1.0
995446549142419,raw/mapillary/warsaw/images/995446549142419.jpg,52.100017,21.083872,PL,,warsaw,mapillary,2025-01-25,1.0
1014195746500286,raw/mapillary/warsaw/images/1014195746500286.jpg,52.101813,20.877746,PL,,warsaw,mapillary,2023-09-09,1.0
166978522562487,raw/mapillary/warsaw/images/166978522562487.jpg,52.108108,21.057708,PL,,warsaw,mapillary,2022-08-07,1.0
1496863531279980,raw/mapillary/warsaw/images/1496863531279980.jpg,52.101775,20.877326,PL,,warsaw,mapillary,2025-07-23,1.0
218626326293928,raw/mapillary/budapest/images/218626326293928.jpg,47.475118,19.010701,HU,,budapest,mapillary,2018-05-24,1.0
3236767713289896,raw/mapillary/prague/images/3236767713289896.jpg,49.950635,14.39178,CZ,,prague,mapillary,2022-10-26,1.0
292300099053154,raw/mapillary/budapest/images/292300099053154.jpg,47.480449,18.978037,HU,,budapest,mapillary,2020-06-30,1.0
1438301893321225,raw/mapillary/prague/images/1438301893321225.jpg,49.958358,14.528789,CZ,,prague,mapillary,2022-08-27,1.0
1398864263823093,raw/mapillary/budapest/images/1398864263823093.jpg,47.499688,19.090568,HU,,budapest,mapillary,2019-02-24,1.0
304766734362018,raw/mapillary/budapest/images/304766734362018.jpg,47.48062,18.980511,HU,,budapest,mapillary,2016-10-31,1.0
1189787118138974,raw/mapillary/budapest/images/1189787118138974.jpg,47.510293,18.976732,HU,,budapest,mapillary,2020-10-22,1.0
1225164789271786,raw/mapillary/warsaw/images/1225164789271786.jpg,52.107413,20.9322,PL,,warsaw,mapillary,2025-06-12,1.0
1169138693499431,raw/mapillary/budapest/images/1169138693499431.jpg,47.478109,18.974221,HU,,budapest,mapillary,2019-08-11,1.0
249239051475146,raw/mapillary/prague/images/249239051475146.jpg,49.953014,14.391918,CZ,,prague,mapillary,2022-10-26,1.0
813759989540995,raw/mapillary/prague/images/813759989540995.jpg,49.962618,14.381257,CZ,,prague,mapillary,2016-04-13,1.0
883207239203707,raw/mapillary/budapest/images/883207239203707.jpg,47.472011,18.978801,HU,,budapest,mapillary,2019-11-23,1.0
1389268369415365,raw/mapillary/budapest/images/1389268369415365.jpg,47.486442,19.000533,HU,,budapest,mapillary,2025-12-04,1.0
1085198221965389,raw/mapillary/budapest/images/1085198221965389.jpg,47.474135,18.990239,HU,,budapest,mapillary,2017-01-08,1.0
371671922144898,raw/mapillary/warsaw/images/371671922144898.jpg,52.109975,21.000582,PL,,warsaw,mapillary,2024-01-27,1.0
307705028371106,raw/mapillary/prague/images/307705028371106.jpg,49.953468,14.327748,CZ,,prague,mapillary,2023-07-09,1.0
133684475468364,raw/mapillary/budapest/images/133684475468364.jpg,47.530317,18.97892,HU,,budapest,mapillary,2019-05-08,1.0
304053624580960,raw/mapillary/budapest/images/304053624580960.jpg,47.520101,18.973239,HU,,budapest,mapillary,2018-08-14,1.0
461093741783891,raw/mapillary/prague/images/461093741783891.jpg,49.953745,14.376744,CZ,,prague,mapillary,2017-05-21,1.0
1083989487190657,raw/mapillary/prague/images/1083989487190657.jpg,49.967917,14.385414,CZ,,prague,mapillary,2026-02-01,1.0
449113986387363,raw/mapillary/budapest/images/449113986387363.jpg,47.510072,18.978729,HU,,budapest,mapillary,2019-03-26,1.0
1001647233996876,raw/mapillary/prague/images/1001647233996876.jpg,49.952969,14.518048,CZ,,prague,mapillary,2016-10-01,1.0
958393449182728,raw/mapillary/prague/images/958393449182728.jpg,49.952268,14.537411,CZ,,prague,mapillary,2022-10-26,1.0
1374971883132832,raw/mapillary/warsaw/images/1374971883132832.jpg,52.108769,21.033079,PL,,warsaw,mapillary,2024-01-27,1.0
1842227526414355,raw/mapillary/prague/images/1842227526414355.jpg,49.959523,14.632023,CZ,,prague,mapillary,2026-04-15,1.0
431676038909708,raw/mapillary/warsaw/images/431676038909708.jpg,52.10447,21.055101,PL,,warsaw,mapillary,2022-08-07,1.0
211013355098413,raw/mapillary/budapest/images/211013355098413.jpg,47.520035,18.973265,HU,,budapest,mapillary,2023-05-31,1.0
1246355216962690,raw/mapillary/warsaw/images/1246355216962690.jpg,52.101909,20.878121,PL,,warsaw,mapillary,2025-07-25,1.0
294478242210317,raw/mapillary/budapest/images/294478242210317.jpg,47.534551,18.990568,HU,,budapest,mapillary,2016-04-10,1.0
6657214600983616,raw/mapillary/prague/images/6657214600983616.jpg,49.957325,14.324069,CZ,,prague,mapillary,2023-07-09,1.0
739226551346723,raw/mapillary/budapest/images/739226551346723.jpg,47.478056,18.974167,HU,,budapest,mapillary,2023-09-30,1.0
1130993721591136,raw/mapillary/warsaw/images/1130993721591136.jpg,52.108689,21.032924,PL,,warsaw,mapillary,2024-01-27,1.0
2276702689132068,raw/mapillary/prague/images/2276702689132068.jpg,49.951836,14.46861,CZ,,prague,mapillary,2020-05-26,1.0
627326353136447,raw/mapillary/warsaw/images/627326353136447.jpg,52.104377,21.090605,PL,,warsaw,mapillary,2025-01-25,1.0
322099956097535,raw/mapillary/budapest/images/322099956097535.jpg,47.499668,19.090453,HU,,budapest,mapillary,2020-12-14,1.0
305991424342671,raw/mapillary/prague/images/305991424342671.jpg,49.950487,14.518436,CZ,,prague,mapillary,2020-05-27,1.0
848372869387896,raw/mapillary/budapest/images/848372869387896.jpg,47.476149,18.990054,HU,,budapest,mapillary,2018-09-18,1.0
1126210815820318,raw/mapillary/warsaw/images/1126210815820318.jpg,52.104304,21.090346,PL,,warsaw,mapillary,2025-01-25,1.0
1910761566047817,raw/mapillary/warsaw/images/1910761566047817.jpg,52.100693,20.960783,PL,,warsaw,mapillary,2024-01-27,1.0
468372869664248,raw/mapillary/warsaw/images/468372869664248.jpg,52.100905,21.084498,PL,,warsaw,mapillary,2025-01-25,1.0
142309841191200,raw/mapillary/budapest/images/142309841191200.jpg,47.482995,18.980429,HU,,budapest,mapillary,2017-04-01,1.0
866105753940935,raw/mapillary/warsaw/images/866105753940935.jpg,52.101471,20.872585,PL,,warsaw,mapillary,2020-07-03,1.0
1416056159973154,raw/mapillary/prague/images/1416056159973154.jpg,49.969575,14.385399,CZ,,prague,mapillary,2026-02-01,1.0
690001546538753,raw/mapillary/warsaw/images/690001546538753.jpg,52.103601,21.040056,PL,,warsaw,mapillary,2024-01-27,1.0
168131808532449,raw/mapillary/budapest/images/168131808532449.jpg,47.510155,18.97766,HU,,budapest,mapillary,2018-09-09,1.0
3661451894177313,raw/mapillary/warsaw/images/3661451894177313.jpg,52.101835,20.877692,PL,,warsaw,mapillary,2024-01-08,1.0
337475761225426,raw/mapillary/prague/images/337475761225426.jpg,49.957123,14.464153,CZ,,prague,mapillary,2020-05-26,1.0
1082269935601205,raw/mapillary/prague/images/1082269935601205.jpg,49.960665,14.324567,CZ,,prague,mapillary,2016-10-09,1.0
1325160918359551,raw/mapillary/prague/images/1325160918359551.jpg,49.959622,14.394091,CZ,,prague,mapillary,2022-10-26,1.0
1065103897315277,raw/mapillary/budapest/images/1065103897315277.jpg,47.477962,18.990292,HU,,budapest,mapillary,2017-05-13,1.0
1046327836662416,raw/mapillary/warsaw/images/1046327836662416.jpg,52.10612,21.020142,PL,,warsaw,mapillary,2024-01-27,1.0
1598229137754208,raw/mapillary/budapest/images/1598229137754208.jpg,47.541466,18.986137,HU,,budapest,mapillary,2024-11-03,1.0
615949737813971,raw/mapillary/warsaw/images/615949737813971.jpg,52.10433,21.090436,PL,,warsaw,mapillary,2025-01-25,1.0
1201619637994460,raw/mapillary/warsaw/images/1201619637994460.jpg,52.101846,21.037042,PL,,warsaw,mapillary,2025-01-25,1.0
2023469468173380,raw/mapillary/warsaw/images/2023469468173380.jpg,52.104854,21.097296,PL,,warsaw,mapillary,2025-01-25,1.0
768801623825051,raw/mapillary/prague/images/768801623825051.jpg,49.957425,14.518098,CZ,,prague,mapillary,2015-11-14,1.0
473104733935973,raw/mapillary/prague/images/473104733935973.jpg,49.95226,14.51892,CZ,,prague,mapillary,2015-11-14,1.0
1071828504053617,raw/mapillary/warsaw/images/1071828504053617.jpg,52.101016,20.868458,PL,,warsaw,mapillary,2024-01-24,1.0
334843424689233,raw/mapillary/prague/images/334843424689233.jpg,49.957568,14.518251,CZ,,prague,mapillary,2020-05-27,1.0
335705612784821,raw/mapillary/warsaw/images/335705612784821.jpg,52.109346,21.042662,PL,,warsaw,mapillary,2024-01-27,1.0
837175473543972,raw/mapillary/budapest/images/837175473543972.jpg,47.474317,18.990174,HU,,budapest,mapillary,2019-03-26,1.0
1314114405903731,raw/mapillary/warsaw/images/1314114405903731.jpg,52.10403,20.970803,PL,,warsaw,mapillary,2023-09-05,1.0
598612581118239,raw/mapillary/budapest/images/598612581118239.jpg,47.530115,18.986798,HU,,budapest,mapillary,2020-04-25,1.0
1517494799262753,raw/mapillary/warsaw/images/1517494799262753.jpg,52.103717,20.970797,PL,,warsaw,mapillary,2025-09-20,1.0
2030710547310460,raw/mapillary/prague/images/2030710547310460.jpg,49.959873,14.527145,CZ,,prague,mapillary,2022-10-26,1.0
2127818497561488,raw/mapillary/warsaw/images/2127818497561488.jpg,52.10994,21.000284,PL,,warsaw,mapillary,2023-09-07,1.0
1216867695545074,raw/mapillary/warsaw/images/1216867695545074.jpg,52.103735,20.970385,PL,,warsaw,mapillary,2022-09-24,1.0
642874470437576,raw/mapillary/warsaw/images/642874470437576.jpg,52.107813,20.932402,PL,,warsaw,mapillary,2021-05-03,1.0
1199060921893679,raw/mapillary/warsaw/images/1199060921893679.jpg,52.103628,20.970703,PL,,warsaw,mapillary,2026-01-10,1.0
26390724857238621,raw/mapillary/prague/images/26390724857238621.jpg,49.95243,14.609813,CZ,,prague,mapillary,2024-08-28,1.0
685511857305535,raw/mapillary/prague/images/685511857305535.jpg,49.959515,14.632342,CZ,,prague,mapillary,2025-04-17,1.0
2844878812432829,raw/mapillary/budapest/images/2844878812432829.jpg,47.536458,19.00014,HU,,budapest,mapillary,2020-08-31,1.0
402277672176023,raw/mapillary/warsaw/images/402277672176023.jpg,52.106174,21.020128,PL,,warsaw,mapillary,2024-01-27,1.0
299343472507099,raw/mapillary/prague/images/299343472507099.jpg,49.95368,14.327581,CZ,,prague,mapillary,2023-07-09,1.0
834146417198489,raw/mapillary/budapest/images/834146417198489.jpg,47.530135,18.98694,HU,,budapest,mapillary,2020-04-25,1.0
1381151840187627,raw/mapillary/budapest/images/1381151840187627.jpg,47.486672,19.000806,HU,,budapest,mapillary,2025-12-04,1.0
173035364732005,raw/mapillary/budapest/images/173035364732005.jpg,47.549069,18.973356,HU,,budapest,mapillary,2017-12-10,1.0
574689834651332,raw/mapillary/prague/images/574689834651332.jpg,49.966932,14.338498,CZ,,prague,mapillary,2023-07-09,1.0
1637017160582087,raw/mapillary/prague/images/1637017160582087.jpg,49.969365,14.385534,CZ,,prague,mapillary,2024-12-08,1.0
3008942509389051,raw/mapillary/budapest/images/3008942509389051.jpg,47.530493,18.97875,HU,,budapest,mapillary,2018-07-03,1.0
301310728237992,raw/mapillary/budapest/images/301310728237992.jpg,47.493826,18.979649,HU,,budapest,mapillary,2019-03-22,1.0
302097182653964,raw/mapillary/warsaw/images/302097182653964.jpg,52.109991,21.001181,PL,,warsaw,mapillary,2023-09-07,1.0
655377013299647,raw/mapillary/prague/images/655377013299647.jpg,49.967532,14.333874,CZ,,prague,mapillary,2023-07-09,1.0
1416808832255271,raw/mapillary/warsaw/images/1416808832255271.jpg,52.107751,21.040342,PL,,warsaw,mapillary,2024-01-27,1.0
1565303834233918,raw/mapillary/budapest/images/1565303834233918.jpg,47.520166,18.972922,HU,,budapest,mapillary,2024-03-20,1.0
780571239494540,raw/mapillary/prague/images/780571239494540.jpg,49.958658,14.519545,CZ,,prague,mapillary,2016-10-01,1.0
388619987341171,raw/mapillary/prague/images/388619987341171.jpg,49.959469,14.601437,CZ,,prague,mapillary,2024-08-28,1.0
809951822969014,raw/mapillary/prague/images/809951822969014.jpg,49.960644,14.382172,CZ,,prague,mapillary,2016-04-13,1.0
561067859801024,raw/mapillary/prague/images/561067859801024.jpg,49.958231,14.633868,CZ,,prague,mapillary,2024-10-31,1.0
480561383191456,raw/mapillary/budapest/images/480561383191456.jpg,47.472418,18.990134,HU,,budapest,mapillary,2017-04-08,1.0
483964831416207,raw/mapillary/warsaw/images/483964831416207.jpg,52.104483,21.090982,PL,,warsaw,mapillary,2025-01-25,1.0
1501279993645883,raw/mapillary/warsaw/images/1501279993645883.jpg,52.108128,21.057596,PL,,warsaw,mapillary,2022-08-07,1.0
455785065519347,raw/mapillary/budapest/images/455785065519347.jpg,47.480157,19.007784,HU,,budapest,mapillary,2018-08-27,1.0
877803463652861,raw/mapillary/warsaw/images/877803463652861.jpg,52.101746,20.876528,PL,,warsaw,mapillary,2022-12-02,1.0
1316211279796487,raw/mapillary/budapest/images/1316211279796487.jpg,47.541982,18.986371,HU,,budapest,mapillary,2024-11-03,1.0
498239941298504,raw/mapillary/budapest/images/498239941298504.jpg,47.478102,18.974169,HU,,budapest,mapillary,2019-08-11,1.0
669439931875142,raw/mapillary/prague/images/669439931875142.jpg,49.953899,14.327407,CZ,,prague,mapillary,2023-07-09,1.0
3775399972528627,raw/mapillary/budapest/images/3775399972528627.jpg,47.477199,18.990204,HU,,budapest,mapillary,2016-03-19,1.0
812550570119361,raw/mapillary/warsaw/images/812550570119361.jpg,52.108111,21.05776,PL,,warsaw,mapillary,2022-08-07,1.0
5601126846624494,raw/mapillary/budapest/images/5601126846624494.jpg,47.480354,18.978026,HU,,budapest,mapillary,2019-08-11,1.0
500372934501467,raw/mapillary/budapest/images/500372934501467.jpg,47.520222,18.972578,HU,,budapest,mapillary,2018-08-06,1.0
4233458943545845,raw/mapillary/prague/images/4233458943545845.jpg,49.95225,14.328794,CZ,,prague,mapillary,2023-07-09,1.0
544052636582600,raw/mapillary/budapest/images/544052636582600.jpg,47.534621,18.990688,HU,,budapest,mapillary,2016-04-10,1.0
367394519057026,raw/mapillary/prague/images/367394519057026.jpg,49.953407,14.391995,CZ,,prague,mapillary,2022-10-26,1.0
1124001358075632,raw/mapillary/warsaw/images/1124001358075632.jpg,52.104382,21.09052,PL,,warsaw,mapillary,2018-09-23,1.0
924380751746633,raw/mapillary/budapest/images/924380751746633.jpg,47.480224,18.97922,HU,,budapest,mapillary,2018-09-18,1.0
3012108075580957,raw/mapillary/prague/images/3012108075580957.jpg,49.952763,14.467835,CZ,,prague,mapillary,2020-05-26,1.0
227367857112842,raw/mapillary/warsaw/images/227367857112842.jpg,52.104106,21.035073,PL,,warsaw,mapillary,2024-01-27,1.0
829359712238576,raw/mapillary/prague/images/829359712238576.jpg,49.95144,14.538631,CZ,,prague,mapillary,2023-08-21,1.0
1101045603737883,raw/mapillary/budapest/images/1101045603737883.jpg,47.479564,18.980192,HU,,budapest,mapillary,2018-09-18,1.0
1920302178644494,raw/mapillary/prague/images/1920302178644494.jpg,49.959651,14.632077,CZ,,prague,mapillary,2026-04-15,1.0
1142258176243973,raw/mapillary/budapest/images/1142258176243973.jpg,47.478173,18.974978,HU,,budapest,mapillary,2016-10-31,1.0
150411380390135,raw/mapillary/budapest/images/150411380390135.jpg,47.490048,19.002203,HU,,budapest,mapillary,2020-11-17,1.0
207558674252314,raw/mapillary/budapest/images/207558674252314.jpg,47.520189,18.972729,HU,,budapest,mapillary,2018-08-06,1.0
950695886226129,raw/mapillary/prague/images/950695886226129.jpg,49.96561,14.329476,CZ,,prague,mapillary,2023-07-09,1.0
1002835167660552,raw/mapillary/prague/images/1002835167660552.jpg,49.953,14.53633,CZ,,prague,mapillary,2022-10-26,1.0
808706462182794,raw/mapillary/prague/images/808706462182794.jpg,49.95427,14.377307,CZ,,prague,mapillary,2026-01-12,1.0
236823094862861,raw/mapillary/budapest/images/236823094862861.jpg,47.493854,18.979998,HU,,budapest,mapillary,2019-03-22,1.0
580910937795601,raw/mapillary/prague/images/580910937795601.jpg,49.959479,14.632365,CZ,,prague,mapillary,2024-10-31,1.0
152521036826614,raw/mapillary/budapest/images/152521036826614.jpg,47.530416,18.978781,HU,,budapest,mapillary,2018-09-03,1.0
9046301628785761,raw/mapillary/warsaw/images/9046301628785761.jpg,52.100933,21.084515,PL,,warsaw,mapillary,2025-01-25,1.0
282311096896768,raw/mapillary/budapest/images/282311096896768.jpg,47.478183,18.975172,HU,,budapest,mapillary,2016-10-31,1.0
128571985963246,raw/mapillary/budapest/images/128571985963246.jpg,47.530367,18.979017,HU,,budapest,mapillary,,1.0
1004680351478995,raw/mapillary/warsaw/images/1004680351478995.jpg,52.104459,21.090898,PL,,warsaw,mapillary,2025-01-25,1.0
1305186829876596,raw/mapillary/budapest/images/1305186829876596.jpg,47.4781,18.974,HU,,budapest,mapillary,2016-10-31,1.0
1371522313734842,raw/mapillary/warsaw/images/1371522313734842.jpg,52.101763,20.878376,PL,,warsaw,mapillary,2024-01-24,1.0
1429747831112151,raw/mapillary/budapest/images/1429747831112151.jpg,47.482535,18.990235,HU,,budapest,mapillary,2023-06-02,1.0
826390161302611,raw/mapillary/budapest/images/826390161302611.jpg,47.478677,18.980696,HU,,budapest,mapillary,2018-09-18,1.0
577488906789448,raw/mapillary/prague/images/577488906789448.jpg,49.952178,14.537464,CZ,,prague,mapillary,2021-10-20,1.0
205330315473201,raw/mapillary/warsaw/images/205330315473201.jpg,52.105746,21.03496,PL,,warsaw,mapillary,2023-07-07,1.0
327616348801595,raw/mapillary/prague/images/327616348801595.jpg,49.959836,14.522752,CZ,,prague,mapillary,2020-05-27,1.0
233309755227759,raw/mapillary/warsaw/images/233309755227759.jpg,52.101863,20.878952,PL,,warsaw,mapillary,2020-07-03,1.0
1108102720387118,raw/mapillary/warsaw/images/1108102720387118.jpg,52.103673,20.970731,PL,,warsaw,mapillary,2024-02-18,1.0
1056475249939173,raw/mapillary/warsaw/images/1056475249939173.jpg,52.101157,20.867898,PL,,warsaw,mapillary,2025-07-25,1.0
2473722392774107,raw/mapillary/budapest/images/2473722392774107.jpg,47.499677,19.090442,HU,,budapest,mapillary,2016-10-13,1.0
746860645998106,raw/mapillary/budapest/images/746860645998106.jpg,47.493824,18.979636,HU,,budapest,mapillary,2019-03-22,1.0
2087711584911453,raw/mapillary/warsaw/images/2087711584911453.jpg,52.109986,21.00109,PL,,warsaw,mapillary,2023-09-07,1.0
316944686536218,raw/mapillary/budapest/images/316944686536218.jpg,47.480025,18.978052,HU,,budapest,mapillary,2019-08-11,1.0
3213348522141815,raw/mapillary/prague/images/3213348522141815.jpg,49.958392,14.52871,CZ,,prague,mapillary,2022-10-26,1.0
1090662115397122,raw/mapillary/warsaw/images/1090662115397122.jpg,52.109966,21.000389,PL,,warsaw,mapillary,2024-01-27,1.0
1344995896312121,raw/mapillary/warsaw/images/1344995896312121.jpg,52.101131,20.868094,PL,,warsaw,mapillary,2022-12-02,1.0
2132436090571434,raw/mapillary/warsaw/images/2132436090571434.jpg,52.100185,20.855156,PL,,warsaw,mapillary,2025-07-23,1.0
303901905908845,raw/mapillary/prague/images/303901905908845.jpg,49.957898,14.529151,CZ,,prague,mapillary,2022-10-26,1.0
764537285009734,raw/mapillary/warsaw/images/764537285009734.jpg,52.100506,20.960686,PL,,warsaw,mapillary,2024-01-27,1.0
1084275582512341,raw/mapillary/warsaw/images/1084275582512341.jpg,52.108501,21.056851,PL,,warsaw,mapillary,2022-08-07,1.0
1415167928979967,raw/mapillary/warsaw/images/1415167928979967.jpg,52.108435,21.057001,PL,,warsaw,mapillary,2022-08-07,1.0
327468069605751,raw/mapillary/warsaw/images/327468069605751.jpg,52.103946,21.040592,PL,,warsaw,mapillary,2024-01-27,1.0
730575086578318,raw/mapillary/prague/images/730575086578318.jpg,49.968242,14.384497,CZ,,prague,mapillary,2026-02-01,1.0
1574736823283407,raw/mapillary/warsaw/images/1574736823283407.jpg,52.103616,20.97071,PL,,warsaw,mapillary,2024-02-18,1.0
2164829697197099,raw/mapillary/warsaw/images/2164829697197099.jpg,52.102837,20.99194,PL,,warsaw,mapillary,2024-01-27,1.0
181494547178649,raw/mapillary/budapest/images/181494547178649.jpg,47.490007,19.00239,HU,,budapest,mapillary,2018-08-27,1.0
707496017598062,raw/mapillary/prague/images/707496017598062.jpg,49.951387,14.391701,CZ,,prague,mapillary,2022-10-26,1.0
304535041117643,raw/mapillary/budapest/images/304535041117643.jpg,47.480448,18.978037,HU,,budapest,mapillary,2020-06-30,1.0
3792355084413347,raw/mapillary/warsaw/images/3792355084413347.jpg,52.104872,21.097037,PL,,warsaw,mapillary,2025-01-25,1.0
2219503154914197,raw/mapillary/warsaw/images/2219503154914197.jpg,52.103535,20.970616,PL,,warsaw,mapillary,2023-09-05,1.0
305443987745348,raw/mapillary/warsaw/images/305443987745348.jpg,52.109939,21.000198,PL,,warsaw,mapillary,2020-06-30,1.0
828506244426046,raw/mapillary/budapest/images/828506244426046.jpg,47.520132,18.973045,HU,,budapest,mapillary,2018-08-08,1.0
1903144956939986,raw/mapillary/budapest/images/1903144956939986.jpg,47.486753,19.000856,HU,,budapest,mapillary,2025-12-04,1.0
231208981704418,raw/mapillary/prague/images/231208981704418.jpg,49.957904,14.518517,CZ,,prague,mapillary,2020-05-27,1.0
659593512665174,raw/mapillary/prague/images/659593512665174.jpg,49.95829,14.393165,CZ,,prague,mapillary,2022-10-26,1.0
2153913868305051,raw/mapillary/prague/images/2153913868305051.jpg,49.95232,14.537336,CZ,,prague,mapillary,2022-10-26,1.0
319560296414103,raw/mapillary/warsaw/images/319560296414103.jpg,52.100623,21.065821,PL,,warsaw,mapillary,2021-06-07,1.0
299351611908982,raw/mapillary/budapest/images/299351611908982.jpg,47.530213,18.97904,HU,,budapest,mapillary,2019-05-06,1.0
1035970105366481,raw/mapillary/prague/images/1035970105366481.jpg,49.950407,14.374377,CZ,,prague,mapillary,2025-04-20,1.0
522197089154699,raw/mapillary/budapest/images/522197089154699.jpg,47.49525,18.979344,HU,,budapest,mapillary,2018-08-24,1.0
1361037268109258,raw/mapillary/warsaw/images/1361037268109258.jpg,52.107594,21.04009,PL,,warsaw,mapillary,2024-01-27,1.0
1149669333576665,raw/mapillary/warsaw/images/1149669333576665.jpg,52.102295,21.018848,PL,,warsaw,mapillary,2025-11-22,1.0
355634870299916,raw/mapillary/prague/images/355634870299916.jpg,49.951205,14.391709,CZ,,prague,mapillary,2022-10-26,1.0
740298178034161,raw/mapillary/warsaw/images/740298178034161.jpg,52.104629,21.035516,PL,,warsaw,mapillary,2024-01-27,1.0
333779238115600,raw/mapillary/prague/images/333779238115600.jpg,49.950563,14.518404,CZ,,prague,mapillary,2020-05-27,1.0
1242490126414962,raw/mapillary/prague/images/1242490126414962.jpg,49.956896,14.530254,CZ,,prague,mapillary,2023-08-21,1.0
878659492720339,raw/mapillary/budapest/images/878659492720339.jpg,47.480899,18.980167,HU,,budapest,mapillary,2016-10-31,1.0
205558611229434,raw/mapillary/prague/images/205558611229434.jpg,49.95939,14.632088,CZ,,prague,mapillary,2019-06-24,1.0
151965113562750,raw/mapillary/budapest/images/151965113562750.jpg,47.530319,18.978914,HU,,budapest,mapillary,2020-08-14,1.0
4973624979331907,raw/mapillary/warsaw/images/4973624979331907.jpg,52.106071,21.055375,PL,,warsaw,mapillary,2021-06-07,1.0
1212017683196727,raw/mapillary/prague/images/1212017683196727.jpg,49.969479,14.386995,CZ,,prague,mapillary,2024-12-08,1.0
1157609348041614,raw/mapillary/prague/images/1157609348041614.jpg,49.959476,14.631978,CZ,,prague,mapillary,2019-06-24,1.0
1494206941240954,raw/mapillary/budapest/images/1494206941240954.jpg,47.541745,18.986233,HU,,budapest,mapillary,2024-11-03,1.0
1285576129842501,raw/mapillary/warsaw/images/1285576129842501.jpg,52.101092,20.866681,PL,,warsaw,mapillary,2025-07-25,1.0
2843438779350142,raw/mapillary/prague/images/2843438779350142.jpg,49.959164,14.632445,CZ,,prague,mapillary,2026-04-15,1.0
542350310129060,raw/mapillary/warsaw/images/542350310129060.jpg,52.106323,21.053215,PL,,warsaw,mapillary,2021-06-07,1.0
913020256701597,raw/mapillary/warsaw/images/913020256701597.jpg,52.104157,21.035114,PL,,warsaw,mapillary,2024-01-27,1.0
1147944120029562,raw/mapillary/warsaw/images/1147944120029562.jpg,52.104402,21.090688,PL,,warsaw,mapillary,2025-01-25,1.0
2106115986505309,raw/mapillary/warsaw/images/2106115986505309.jpg,52.100033,21.066862,PL,,warsaw,mapillary,2025-01-25,1.0
158586356209522,raw/mapillary/budapest/images/158586356209522.jpg,47.530474,18.978717,HU,,budapest,mapillary,2018-09-03,1.0
137179541767064,raw/mapillary/budapest/images/137179541767064.jpg,47.530535,18.978687,HU,,budapest,mapillary,2019-05-06,1.0
179896500717063,raw/mapillary/prague/images/179896500717063.jpg,49.957496,14.46379,CZ,,prague,mapillary,2020-05-26,1.0
502716287590091,raw/mapillary/prague/images/502716287590091.jpg,49.953015,14.518013,CZ,,prague,mapillary,2020-05-27,1.0
485429960963995,raw/mapillary/warsaw/images/485429960963995.jpg,52.104293,21.090415,PL,,warsaw,mapillary,2025-01-25,1.0
306136437822763,raw/mapillary/prague/images/306136437822763.jpg,49.953858,14.319797,CZ,,prague,mapillary,2016-12-31,1.0
745637410825040,raw/mapillary/warsaw/images/745637410825040.jpg,52.109187,21.042449,PL,,warsaw,mapillary,2024-01-27,1.0
1408178536207826,raw/mapillary/warsaw/images/1408178536207826.jpg,52.104752,21.093143,PL,,warsaw,mapillary,2018-09-23,1.0
160080383815663,raw/mapillary/warsaw/images/160080383815663.jpg,52.100234,20.855065,PL,,warsaw,mapillary,2023-09-09,1.0
24026812260316912,raw/mapillary/warsaw/images/24026812260316912.jpg,52.101706,20.876362,PL,,warsaw,mapillary,2025-07-23,1.0
6249750455140382,raw/mapillary/budapest/images/6249750455140382.jpg,47.5302,18.983512,HU,,budapest,mapillary,2023-06-02,1.0
1290900498787758,raw/mapillary/warsaw/images/1290900498787758.jpg,52.100572,21.084213,PL,,warsaw,mapillary,2025-01-25,1.0
330115389929602,raw/mapillary/warsaw/images/330115389929602.jpg,52.101746,20.876498,PL,,warsaw,mapillary,2024-01-08,1.0
304763458794354,raw/mapillary/warsaw/images/304763458794354.jpg,52.103183,21.039483,PL,,warsaw,mapillary,2024-01-27,1.0
462008674893979,raw/mapillary/budapest/images/462008674893979.jpg,47.490297,19.002288,HU,,budapest,mapillary,2018-06-20,1.0
586702397006781,raw/mapillary/warsaw/images/586702397006781.jpg,52.100193,20.85461,PL,,warsaw,mapillary,2023-09-09,1.0
246728570550345,raw/mapillary/budapest/images/246728570550345.jpg,47.530367,18.97891,HU,,budapest,mapillary,2019-05-08,1.0
941027526644045,raw/mapillary/warsaw/images/941027526644045.jpg,52.104429,21.09072,PL,,warsaw,mapillary,2018-09-23,1.0
1075251007456190,raw/mapillary/prague/images/1075251007456190.jpg,49.95026,14.610483,CZ,,prague,mapillary,2024-08-28,1.0
1819113618741070,raw/mapillary/prague/images/1819113618741070.jpg,49.954965,14.37827,CZ,,prague,mapillary,2026-01-12,1.0
132454928832365,raw/mapillary/budapest/images/132454928832365.jpg,47.530294,18.978961,HU,,budapest,mapillary,2019-05-13,1.0
601721251364905,raw/mapillary/warsaw/images/601721251364905.jpg,52.103531,21.054513,PL,,warsaw,mapillary,2022-08-07,1.0
949415395881501,raw/mapillary/budapest/images/949415395881501.jpg,47.530037,19.016151,HU,,budapest,mapillary,2020-04-11,1.0
209621150757444,raw/mapillary/budapest/images/209621150757444.jpg,47.478091,18.975369,HU,,budapest,mapillary,2018-09-29,1.0
1407109963519085,raw/mapillary/warsaw/images/1407109963519085.jpg,52.104173,20.970595,PL,,warsaw,mapillary,2023-12-18,1.0
648392540550113,raw/mapillary/prague/images/648392540550113.jpg,49.95738,14.324043,CZ,,prague,mapillary,2023-07-09,1.0
747551531705708,raw/mapillary/prague/images/747551531705708.jpg,49.953623,14.376552,CZ,,prague,mapillary,2026-01-12,1.0
185453796811097,raw/mapillary/prague/images/185453796811097.jpg,49.959275,14.52098,CZ,,prague,mapillary,2020-05-27,1.0
387798169160239,raw/mapillary/warsaw/images/387798169160239.jpg,52.100215,20.854764,PL,,warsaw,mapillary,2017-03-01,1.0
1190915688132305,raw/mapillary/warsaw/images/1190915688132305.jpg,52.103096,20.970167,PL,,warsaw,mapillary,2022-08-30,1.0
1198360387888722,raw/mapillary/budapest/images/1198360387888722.jpg,47.541972,18.986328,HU,,budapest,mapillary,2024-11-03,1.0
4084012164998858,raw/mapillary/prague/images/4084012164998858.jpg,49.956929,14.464334,CZ,,prague,mapillary,2020-05-26,1.0
842788886640688,raw/mapillary/budapest/images/842788886640688.jpg,47.478111,18.974033,HU,,budapest,mapillary,2019-08-11,1.0
1379339546378712,raw/mapillary/warsaw/images/1379339546378712.jpg,52.104866,21.096991,PL,,warsaw,mapillary,2025-01-25,1.0
586177017338776,raw/mapillary/prague/images/586177017338776.jpg,49.969664,14.385371,CZ,,prague,mapillary,2024-12-08,1.0
267256352472185,raw/mapillary/prague/images/267256352472185.jpg,49.95318,14.391951,CZ,,prague,mapillary,2022-10-26,1.0
919873632867481,raw/mapillary/warsaw/images/919873632867481.jpg,52.106564,20.993392,PL,,warsaw,mapillary,2024-01-27,1.0
1265175038664966,raw/mapillary/warsaw/images/1265175038664966.jpg,52.101157,20.867885,PL,,warsaw,mapillary,2025-07-25,1.0
281415093694483,raw/mapillary/budapest/images/281415093694483.jpg,47.497405,19.09037,HU,,budapest,mapillary,2017-11-12,1.0
1325516682964136,raw/mapillary/prague/images/1325516682964136.jpg,49.953936,14.37697,CZ,,prague,mapillary,2026-04-03,1.0
2030194787120273,raw/mapillary/budapest/images/2030194787120273.jpg,47.530421,18.978934,HU,,budapest,mapillary,2018-11-05,1.0
3825894124196015,raw/mapillary/budapest/images/3825894124196015.jpg,47.520202,18.97259,HU,,budapest,mapillary,2020-03-30,1.0
867525141789754,raw/mapillary/warsaw/images/867525141789754.jpg,52.10997,21.000437,PL,,warsaw,mapillary,2024-01-27,1.0
213545713647482,raw/mapillary/budapest/images/213545713647482.jpg,47.520154,18.972985,HU,,budapest,mapillary,2018-08-14,1.0
534403230892987,raw/mapillary/budapest/images/534403230892987.jpg,47.530271,18.987106,HU,,budapest,mapillary,2020-04-25,1.0
2027466360986280,raw/mapillary/warsaw/images/2027466360986280.jpg,52.108962,21.033118,PL,,warsaw,mapillary,2024-01-27,1.0
388622089059107,raw/mapillary/warsaw/images/388622089059107.jpg,52.101236,20.868947,PL,,warsaw,mapillary,2017-03-01,1.0
1435164570150246,raw/mapillary/warsaw/images/1435164570150246.jpg,52.101222,20.868969,PL,,warsaw,mapillary,2020-07-03,1.0
187095050983719,raw/mapillary/budapest/images/187095050983719.jpg,47.530313,18.983486,HU,,budapest,mapillary,2023-06-02,1.0
889281506135822,raw/mapillary/prague/images/889281506135822.jpg,49.958347,14.52875,CZ,,prague,mapillary,2022-10-26,1.0
1491911668157636,raw/mapillary/budapest/images/1491911668157636.jpg,47.541989,18.986366,HU,,budapest,mapillary,2024-11-03,1.0
1397965284446073,raw/mapillary/warsaw/images/1397965284446073.jpg,52.108849,21.033103,PL,,warsaw,mapillary,2024-01-27,1.0
898555034048378,raw/mapillary/budapest/images/898555034048378.jpg,47.534162,18.990125,HU,,budapest,mapillary,2016-04-10,1.0
990346003006071,raw/mapillary/warsaw/images/990346003006071.jpg,52.103315,21.040857,PL,,warsaw,mapillary,2025-01-25,1.0
1152681449955742,raw/mapillary/warsaw/images/1152681449955742.jpg,52.107727,20.932334,PL,,warsaw,mapillary,2025-06-12,1.0
1605922184058985,raw/mapillary/warsaw/images/1605922184058985.jpg,52.107664,20.932297,PL,,warsaw,mapillary,2026-03-01,1.0
2293437117750370,raw/mapillary/prague/images/2293437117750370.jpg,49.968263,14.384469,CZ,,prague,mapillary,2026-02-01,1.0
1200524593857807,raw/mapillary/warsaw/images/1200524593857807.jpg,52.102914,20.970146,PL,,warsaw,mapillary,2022-09-24,1.0
493440168651940,raw/mapillary/prague/images/493440168651940.jpg,49.955484,14.319956,CZ,,prague,mapillary,2016-10-09,1.0
906167107799643,raw/mapillary/warsaw/images/906167107799643.jpg,52.101193,20.868113,PL,,warsaw,mapillary,2024-01-08,1.0
1574234550482532,raw/mapillary/prague/images/1574234550482532.jpg,49.96945,14.386984,CZ,,prague,mapillary,2026-02-01,1.0
839978193394372,raw/mapillary/prague/images/839978193394372.jpg,49.959126,14.520529,CZ,,prague,mapillary,2020-05-27,1.0
931812084306596,raw/mapillary/budapest/images/931812084306596.jpg,47.544649,18.97701,HU,,budapest,mapillary,2020-08-14,1.0
316144733847144,raw/mapillary/budapest/images/316144733847144.jpg,47.482778,18.980833,HU,,budapest,mapillary,2021-12-22,1.0
678565043600855,raw/mapillary/prague/images/678565043600855.jpg,49.967762,14.336097,CZ,,prague,mapillary,2023-07-09,1.0
1041845550413446,raw/mapillary/warsaw/images/1041845550413446.jpg,52.102807,21.038884,PL,,warsaw,mapillary,2024-01-27,1.0
1122222645777002,raw/mapillary/warsaw/images/1122222645777002.jpg,52.103029,21.03886,PL,,warsaw,mapillary,2025-01-25,1.0
288753959590702,raw/mapillary/budapest/images/288753959590702.jpg,47.499688,19.090372,HU,,budapest,mapillary,2019-02-24,1.0
832210501385779,raw/mapillary/prague/images/832210501385779.jpg,49.952204,14.328836,CZ,,prague,mapillary,2023-07-09,1.0
1469756324543580,raw/mapillary/prague/images/1469756324543580.jpg,49.960265,14.379133,CZ,,prague,mapillary,2026-04-03,1.0
1352717105113490,raw/mapillary/prague/images/1352717105113490.jpg,49.953665,14.376763,CZ,,prague,mapillary,2017-10-19,1.0
1654563772261411,raw/mapillary/warsaw/images/1654563772261411.jpg,52.107717,20.932275,PL,,warsaw,mapillary,2026-04-30,1.0
723513110167910,raw/mapillary/warsaw/images/723513110167910.jpg,52.107585,20.932272,PL,,warsaw,mapillary,2025-06-12,1.0
502352350956404,raw/mapillary/budapest/images/502352350956404.jpg,47.534703,18.990273,HU,,budapest,mapillary,2017-12-10,1.0
239423344647758,raw/mapillary/budapest/images/239423344647758.jpg,47.478027,18.990431,HU,,budapest,mapillary,2017-05-13,1.0
1217160982035547,raw/mapillary/budapest/images/1217160982035547.jpg,47.490212,19.002334,HU,,budapest,mapillary,2017-05-05,1.0
1030018504402879,raw/mapillary/warsaw/images/1030018504402879.jpg,52.107682,20.932345,PL,,warsaw,mapillary,2021-05-03,1.0
5838747736151575,raw/mapillary/warsaw/images/5838747736151575.jpg,52.106241,21.053663,PL,,warsaw,mapillary,2021-06-07,1.0
989733932986387,raw/mapillary/prague/images/989733932986387.jpg,49.969349,14.386683,CZ,,prague,mapillary,2024-12-08,1.0
166435572073047,raw/mapillary/budapest/images/166435572073047.jpg,47.490541,18.97855,HU,,budapest,mapillary,2017-11-01,1.0
24165083896455787,raw/mapillary/prague/images/24165083896455787.jpg,49.954279,14.37732,CZ,,prague,mapillary,2025-07-27,1.0
3846887238721400,raw/mapillary/budapest/images/3846887238721400.jpg,47.480856,18.980218,HU,,budapest,mapillary,2016-10-31,1.0
138649948172911,raw/mapillary/prague/images/138649948172911.jpg,49.953215,14.380313,CZ,,prague,mapillary,2016-04-13,1.0
1109387604063975,raw/mapillary/warsaw/images/1109387604063975.jpg,52.10112,21.084662,PL,,warsaw,mapillary,2025-01-25,1.0
2201640840192020,raw/mapillary/budapest/images/2201640840192020.jpg,47.510212,18.977104,HU,,budapest,mapillary,2024-10-05,1.0
595119825434724,raw/mapillary/prague/images/595119825434724.jpg,49.956842,14.530286,CZ,,prague,mapillary,2022-08-27,1.0
596762918566481,raw/mapillary/warsaw/images/596762918566481.jpg,52.103349,20.970236,PL,,warsaw,mapillary,2022-08-30,1.0
898918700954821,raw/mapillary/budapest/images/898918700954821.jpg,47.490244,19.002313,HU,,budapest,mapillary,2017-05-05,1.0
516120636071383,raw/mapillary/budapest/images/516120636071383.jpg,47.530134,18.986826,HU,,budapest,mapillary,2020-04-25,1.0
487402335942278,raw/mapillary/budapest/images/487402335942278.jpg,47.487376,19.010452,HU,,budapest,mapillary,2016-03-19,1.0
796887420951270,raw/mapillary/budapest/images/796887420951270.jpg,47.472023,18.978804,HU,,budapest,mapillary,2018-11-01,1.0
570566781014002,raw/mapillary/budapest/images/570566781014002.jpg,47.532622,18.990252,HU,,budapest,mapillary,2020-04-16,1.0
1032791014586731,raw/mapillary/prague/images/1032791014586731.jpg,49.951367,14.391702,CZ,,prague,mapillary,2022-10-26,1.0
476161126998583,raw/mapillary/prague/images/476161126998583.jpg,49.950807,14.519057,CZ,,prague,mapillary,2016-10-01,1.0
2547404605597262,raw/mapillary/prague/images/2547404605597262.jpg,49.953646,14.376582,CZ,,prague,mapillary,2025-07-01,1.0
310649830573823,raw/mapillary/budapest/images/310649830573823.jpg,47.485705,19.010603,HU,,budapest,mapillary,2018-08-23,1.0
317823739732030,raw/mapillary/budapest/images/317823739732030.jpg,47.53489,18.99072,HU,,budapest,mapillary,2017-12-10,1.0
484616609264786,raw/mapillary/prague/images/484616609264786.jpg,49.959228,14.462268,CZ,,prague,mapillary,2020-05-26,1.0
391373852154783,raw/mapillary/prague/images/391373852154783.jpg,49.95818,14.518803,CZ,,prague,mapillary,2020-05-27,1.0
188956292977210,raw/mapillary/warsaw/images/188956292977210.jpg,52.107336,20.932182,PL,,warsaw,mapillary,2020-01-04,1.0
1087467049752578,raw/mapillary/budapest/images/1087467049752578.jpg,47.541703,18.986099,HU,,budapest,mapillary,2024-11-03,1.0
6590160194360586,raw/mapillary/prague/images/6590160194360586.jpg,49.958108,14.52904,CZ,,prague,mapillary,2023-08-21,1.0
836188417016903,raw/mapillary/budapest/images/836188417016903.jpg,47.488889,18.970278,HU,,budapest,mapillary,2020-12-31,1.0
1216613938752661,raw/mapillary/budapest/images/1216613938752661.jpg,47.54991,18.979761,HU,,budapest,mapillary,2017-12-10,1.0
802344933745639,raw/mapillary/prague/images/802344933745639.jpg,49.956875,14.517906,CZ,,prague,mapillary,2020-05-27,1.0
291062919378807,raw/mapillary/budapest/images/291062919378807.jpg,47.49013,18.979265,HU,,budapest,mapillary,2018-09-16,1.0
1050393252157247,raw/mapillary/budapest/images/1050393252157247.jpg,47.485749,19.01064,HU,,budapest,mapillary,2018-08-23,1.0
169902018357372,raw/mapillary/budapest/images/169902018357372.jpg,47.493819,18.979596,HU,,budapest,mapillary,2019-03-22,1.0
490070985648154,raw/mapillary/budapest/images/490070985648154.jpg,47.470233,19.000607,HU,,budapest,mapillary,2019-06-14,1.0
1327155247942942,raw/mapillary/warsaw/images/1327155247942942.jpg,52.101922,20.878904,PL,,warsaw,mapillary,2024-01-08,1.0
414537700914332,raw/mapillary/warsaw/images/414537700914332.jpg,52.106331,20.993406,PL,,warsaw,mapillary,2024-01-27,1.0
314422270099069,raw/mapillary/budapest/images/314422270099069.jpg,47.534603,18.990638,HU,,budapest,mapillary,2016-04-10,1.0
176796304334624,raw/mapillary/budapest/images/176796304334624.jpg,47.53054,18.978693,HU,,budapest,mapillary,2019-05-13,1.0
2984483761789350,raw/mapillary/prague/images/2984483761789350.jpg,49.959965,14.323073,CZ,,prague,mapillary,2016-12-31,1.0
1602215594013645,raw/mapillary/budapest/images/1602215594013645.jpg,47.541711,18.98628,HU,,budapest,mapillary,2024-11-03,1.0
801289240503846,raw/mapillary/warsaw/images/801289240503846.jpg,52.101757,20.876608,PL,,warsaw,mapillary,2020-07-03,1.0
299921494907116,raw/mapillary/budapest/images/299921494907116.jpg,47.47815,18.974415,HU,,budapest,mapillary,2016-10-31,1.0
766635854224503,raw/mapillary/budapest/images/766635854224503.jpg,47.534806,19.000007,HU,,budapest,mapillary,2018-08-30,1.0
856802505924710,raw/mapillary/prague/images/856802505924710.jpg,49.953745,14.535157,CZ,,prague,mapillary,2022-10-26,1.0
489947065398537,raw/mapillary/warsaw/images/489947065398537.jpg,52.101888,20.878374,PL,,warsaw,mapillary,2017-03-01,1.0
959942591940502,raw/mapillary/warsaw/images/959942591940502.jpg,52.106209,21.032295,PL,,warsaw,mapillary,2023-07-07,1.0
1457857618474061,raw/mapillary/warsaw/images/1457857618474061.jpg,52.102946,20.991927,PL,,warsaw,mapillary,2024-01-27,1.0
1013460999925101,raw/mapillary/prague/images/1013460999925101.jpg,49.959856,14.394269,CZ,,prague,mapillary,2022-10-26,1.0
871764500796255,raw/mapillary/prague/images/871764500796255.jpg,49.953304,14.391975,CZ,,prague,mapillary,2022-10-26,1.0
497848190004406,raw/mapillary/warsaw/images/497848190004406.jpg,52.100546,21.084192,PL,,warsaw,mapillary,2025-01-25,1.0
6708284225931919,raw/mapillary/prague/images/6708284225931919.jpg,49.959327,14.393867,CZ,,prague,mapillary,2022-10-26,1.0
978440007378398,raw/mapillary/prague/images/978440007378398.jpg,49.959441,14.63241,CZ,,prague,mapillary,2024-10-31,1.0
2237322856477893,raw/mapillary/warsaw/images/2237322856477893.jpg,52.106383,21.02017,PL,,warsaw,mapillary,2024-01-27,1.0
189456219700351,raw/mapillary/budapest/images/189456219700351.jpg,47.53,18.987222,HU,,budapest,mapillary,2021-04-02,1.0
177244064284035,raw/mapillary/budapest/images/177244064284035.jpg,47.499536,19.09027,HU,,budapest,mapillary,2020-09-09,1.0
703554364929554,raw/mapillary/warsaw/images/703554364929554.jpg,52.10622,21.020178,PL,,warsaw,mapillary,2024-01-27,1.0
310687743836668,raw/mapillary/budapest/images/310687743836668.jpg,47.520096,18.973264,HU,,budapest,mapillary,2018-08-14,1.0
2776148159364946,raw/mapillary/budapest/images/2776148159364946.jpg,47.478163,18.97445,HU,,budapest,mapillary,2016-10-31,1.0
295430018963789,raw/mapillary/prague/images/295430018963789.jpg,49.958785,14.323203,CZ,,prague,mapillary,2016-12-31,1.0
771494968437819,raw/mapillary/warsaw/images/771494968437819.jpg,52.107886,20.932357,PL,,warsaw,mapillary,2024-06-05,1.0
2869856756585818,raw/mapillary/prague/images/2869856756585818.jpg,49.952199,14.520676,CZ,,prague,mapillary,2015-11-08,1.0
991729454932266,raw/mapillary/budapest/images/991729454932266.jpg,47.530128,18.986931,HU,,budapest,mapillary,2017-12-10,1.0
601031055872916,raw/mapillary/warsaw/images/601031055872916.jpg,52.10049,21.08421,PL,,warsaw,mapillary,2025-01-25,1.0
182535390402875,raw/mapillary/budapest/images/182535390402875.jpg,47.495201,18.979288,HU,,budapest,mapillary,2018-08-24,1.0
152641956851793,raw/mapillary/warsaw/images/152641956851793.jpg,52.104926,21.092598,PL,,warsaw,mapillary,2021-06-07,1.0
451153376917362,raw/mapillary/warsaw/images/451153376917362.jpg,52.108461,21.056936,PL,,warsaw,mapillary,2022-08-07,1.0
814790160051437,raw/mapillary/prague/images/814790160051437.jpg,49.95783,14.529298,CZ,,prague,mapillary,2023-08-21,1.0
500025124366911,raw/mapillary/budapest/images/500025124366911.jpg,47.480026,19.008174,HU,,budapest,mapillary,2018-08-27,1.0
530431521450756,raw/mapillary/prague/images/530431521450756.jpg,49.952456,14.518047,CZ,,prague,mapillary,2020-05-27,1.0
822343731707145,raw/mapillary/prague/images/822343731707145.jpg,49.960316,14.379347,CZ,,prague,mapillary,2016-11-08,1.0
147867347356521,raw/mapillary/budapest/images/147867347356521.jpg,47.530278,18.997778,HU,,budapest,mapillary,2021-04-02,1.0
832630673997836,raw/mapillary/budapest/images/832630673997836.jpg,47.490123,19.002362,HU,,budapest,mapillary,2017-05-05,1.0
1097698721769500,raw/mapillary/budapest/images/1097698721769500.jpg,47.54202,18.986353,HU,,budapest,mapillary,2024-11-03,1.0
894861828712742,raw/mapillary/prague/images/894861828712742.jpg,49.950847,14.391745,CZ,,prague,mapillary,2022-10-26,1.0
978428196030013,raw/mapillary/budapest/images/978428196030013.jpg,47.470056,18.979734,HU,,budapest,mapillary,2021-04-27,1.0
289775802480866,raw/mapillary/budapest/images/289775802480866.jpg,47.499618,19.090141,HU,,budapest,mapillary,2018-03-21,1.0
198386668614204,raw/mapillary/budapest/images/198386668614204.jpg,47.520201,18.972651,HU,,budapest,mapillary,2018-08-06,1.0
1393300274638962,raw/mapillary/warsaw/images/1393300274638962.jpg,52.106353,20.963495,PL,,warsaw,mapillary,2024-01-27,1.0
2847752165384404,raw/mapillary/prague/images/2847752165384404.jpg,49.969338,14.385538,CZ,,prague,mapillary,2024-12-08,1.0
1416109269342310,raw/mapillary/warsaw/images/1416109269342310.jpg,52.106012,21.020142,PL,,warsaw,mapillary,2024-01-27,1.0
2286530261825342,raw/mapillary/budapest/images/2286530261825342.jpg,47.486494,19.000511,HU,,budapest,mapillary,2025-12-04,1.0
462068801743960,raw/mapillary/budapest/images/462068801743960.jpg,47.490005,19.002425,HU,,budapest,mapillary,2017-05-05,1.0
1353522782757596,raw/mapillary/warsaw/images/1353522782757596.jpg,52.100349,21.084112,PL,,warsaw,mapillary,2025-01-25,1.0
3441517722832402,raw/mapillary/prague/images/3441517722832402.jpg,49.950052,14.330278,CZ,,prague,mapillary,2023-07-09,1.0
587759619283327,raw/mapillary/budapest/images/587759619283327.jpg,47.480862,18.980117,HU,,budapest,mapillary,2019-04-28,1.0
1856297605031971,raw/mapillary/prague/images/1856297605031971.jpg,49.959574,14.631963,CZ,,prague,mapillary,2026-04-15,1.0
984252555726824,raw/mapillary/budapest/images/984252555726824.jpg,47.477085,18.990582,HU,,budapest,mapillary,2020-07-15,1.0
3723109051127803,raw/mapillary/budapest/images/3723109051127803.jpg,47.510547,18.976899,HU,,budapest,mapillary,2020-10-16,1.0
337696982276415,raw/mapillary/prague/images/337696982276415.jpg,49.958198,14.528883,CZ,,prague,mapillary,2022-10-26,1.0
217527308111058,raw/mapillary/warsaw/images/217527308111058.jpg,52.102456,20.991962,PL,,warsaw,mapillary,2024-01-27,1.0
1707529163003982,raw/mapillary/budapest/images/1707529163003982.jpg,47.499666,19.090068,HU,,budapest,mapillary,2023-03-03,1.0
739482218812089,raw/mapillary/warsaw/images/739482218812089.jpg,52.101201,20.868487,PL,,warsaw,mapillary,2025-07-25,1.0
1054930022218796,raw/mapillary/warsaw/images/1054930022218796.jpg,52.109996,21.001272,PL,,warsaw,mapillary,2023-09-07,1.0
825352219030950,raw/mapillary/warsaw/images/825352219030950.jpg,52.107385,20.932144,PL,,warsaw,mapillary,2024-06-05,1.0
282812736826967,raw/mapillary/budapest/images/282812736826967.jpg,47.549143,18.979066,HU,,budapest,mapillary,2017-08-13,1.0
1038619347465229,raw/mapillary/warsaw/images/1038619347465229.jpg,52.103968,20.97082,PL,,warsaw,mapillary,2023-09-05,1.0
963661664838642,raw/mapillary/prague/images/963661664838642.jpg,49.966451,14.339841,CZ,,prague,mapillary,2023-07-09,1.0
1103093327786953,raw/mapillary/warsaw/images/1103093327786953.jpg,52.109729,20.996785,PL,,warsaw,mapillary,2024-01-27,1.0
3677424399201821,raw/mapillary/prague/images/3677424399201821.jpg,49.967861,14.334901,CZ,,prague,mapillary,2023-07-09,1.0
279427870540936,raw/mapillary/budapest/images/279427870540936.jpg,47.52014,18.973039,HU,,budapest,mapillary,2018-08-06,1.0
388752767024103,raw/mapillary/warsaw/images/388752767024103.jpg,52.100586,20.960727,PL,,warsaw,mapillary,2024-01-27,1.0
333401345056600,raw/mapillary/budapest/images/333401345056600.jpg,47.490101,18.979182,HU,,budapest,mapillary,2018-09-16,1.0
495448885209692,raw/mapillary/budapest/images/495448885209692.jpg,47.549405,18.973985,HU,,budapest,mapillary,2017-12-10,1.0
174355751277753,raw/mapillary/warsaw/images/174355751277753.jpg,52.102469,21.018871,PL,,warsaw,mapillary,2017-03-05,1.0
1094637877943608,raw/mapillary/warsaw/images/1094637877943608.jpg,52.107658,20.93232,PL,,warsaw,mapillary,2021-05-03,1.0
629144885902803,raw/mapillary/prague/images/629144885902803.jpg,49.966331,14.341146,CZ,,prague,mapillary,2023-07-09,1.0
764687178866204,raw/mapillary/warsaw/images/764687178866204.jpg,52.104313,21.035215,PL,,warsaw,mapillary,2024-01-27,1.0
450247259398872,raw/mapillary/budapest/images/450247259398872.jpg,47.47877,18.980798,HU,,budapest,mapillary,2018-09-18,1.0
297246718562418,raw/mapillary/budapest/images/297246718562418.jpg,47.53055,18.97879,HU,,budapest,mapillary,2018-11-05,1.0
1531197358726360,raw/mapillary/prague/images/1531197358726360.jpg,49.959675,14.631845,CZ,,prague,mapillary,2026-04-15,1.0
137233138349545,raw/mapillary/warsaw/images/137233138349545.jpg,52.100189,20.854574,PL,,warsaw,mapillary,2020-07-03,1.0
162228139051388,raw/mapillary/budapest/images/162228139051388.jpg,47.534291,18.990237,HU,,budapest,mapillary,2016-04-10,1.0
1414853696077369,raw/mapillary/warsaw/images/1414853696077369.jpg,52.103814,20.97082,PL,,warsaw,mapillary,2023-09-21,1.0
349811780751785,raw/mapillary/prague/images/349811780751785.jpg,49.953201,14.391955,CZ,,prague,mapillary,2022-10-26,1.0
1326139745364987,raw/mapillary/warsaw/images/1326139745364987.jpg,52.104257,21.090175,PL,,warsaw,mapillary,2025-01-25,1.0
1115721428839288,raw/mapillary/prague/images/1115721428839288.jpg,49.959719,14.522446,CZ,,prague,mapillary,2015-11-08,1.0
300788348388039,raw/mapillary/budapest/images/300788348388039.jpg,47.530583,18.97868,HU,,budapest,mapillary,2020-04-09,1.0
122498456676594,raw/mapillary/warsaw/images/122498456676594.jpg,52.105828,21.091378,PL,,warsaw,mapillary,2021-06-07,1.0
2408331009310353,raw/mapillary/budapest/images/2408331009310353.jpg,47.549818,18.974657,HU,,budapest,mapillary,2020-08-14,1.0
403550331667419,raw/mapillary/warsaw/images/403550331667419.jpg,52.106396,21.05559,PL,,warsaw,mapillary,2022-08-07,1.0
592107178850280,raw/mapillary/prague/images/592107178850280.jpg,49.959286,14.632518,CZ,,prague,mapillary,2019-07-22,1.0
482936359571060,raw/mapillary/budapest/images/482936359571060.jpg,47.475107,18.990184,HU,,budapest,mapillary,2016-03-19,1.0
1152705122127315,raw/mapillary/warsaw/images/1152705122127315.jpg,52.108165,21.057736,PL,,warsaw,mapillary,2022-08-07,1.0
1463147387719425,raw/mapillary/warsaw/images/1463147387719425.jpg,52.103028,21.038807,PL,,warsaw,mapillary,2024-09-12,1.0
223268087523675,raw/mapillary/warsaw/images/223268087523675.jpg,52.10242,20.992027,PL,,warsaw,mapillary,2024-01-27,1.0
849962568929103,raw/mapillary/prague/images/849962568929103.jpg,49.959013,14.520294,CZ,,prague,mapillary,2016-10-01,1.0
948772099289243,raw/mapillary/budapest/images/948772099289243.jpg,47.474067,18.990348,HU,,budapest,mapillary,2017-01-08,1.0
1055265922210256,raw/mapillary/warsaw/images/1055265922210256.jpg,52.10024,20.853818,PL,,warsaw,mapillary,2024-01-24,1.0
1678456969313858,raw/mapillary/prague/images/1678456969313858.jpg,49.950769,14.391757,CZ,,prague,mapillary,2022-10-26,1.0
822823170376315,raw/mapillary/budapest/images/822823170376315.jpg,47.486494,19.000511,HU,,budapest,mapillary,2025-12-04,1.0
181414133868723,raw/mapillary/prague/images/181414133868723.jpg,49.960082,14.379398,CZ,,prague,mapillary,2019-04-12,1.0
1163527370765508,raw/mapillary/budapest/images/1163527370765508.jpg,47.478119,18.974265,HU,,budapest,mapillary,2016-10-31,1.0
950782950275548,raw/mapillary/prague/images/950782950275548.jpg,49.969258,14.386442,CZ,,prague,mapillary,2024-12-08,1.0
501240389245956,raw/mapillary/warsaw/images/501240389245956.jpg,52.100649,21.084273,PL,,warsaw,mapillary,2025-01-25,1.0
647767817681213,raw/mapillary/warsaw/images/647767817681213.jpg,52.100199,21.083942,PL,,warsaw,mapillary,2025-01-25,1.0
937826020308536,raw/mapillary/budapest/images/937826020308536.jpg,47.48039,18.978036,HU,,budapest,mapillary,2019-08-11,1.0
1295176975195388,raw/mapillary/budapest/images/1295176975195388.jpg,47.510172,18.977239,HU,,budapest,mapillary,2024-10-05,1.0
1089715265747743,raw/mapillary/prague/images/1089715265747743.jpg,49.9652,14.328829,CZ,,prague,mapillary,2023-07-09,1.0
1876080889236583,raw/mapillary/budapest/images/1876080889236583.jpg,47.475,19.01,HU,,budapest,mapillary,2021-03-25,1.0
506806057024401,raw/mapillary/budapest/images/506806057024401.jpg,47.492422,18.97928,HU,,budapest,mapillary,2019-05-12,1.0
706131391574415,raw/mapillary/prague/images/706131391574415.jpg,49.951487,14.3917,CZ,,prague,mapillary,2022-10-26,1.0
1120098892918563,raw/mapillary/warsaw/images/1120098892918563.jpg,52.103133,21.03902,PL,,warsaw,mapillary,2025-01-25,1.0
1131116058457830,raw/mapillary/warsaw/images/1131116058457830.jpg,52.100545,21.084249,PL,,warsaw,mapillary,2025-01-25,1.0
905536087779286,raw/mapillary/warsaw/images/905536087779286.jpg,52.10182,20.879138,PL,,warsaw,mapillary,2024-01-24,1.0
762362048004539,raw/mapillary/budapest/images/762362048004539.jpg,47.478585,18.98052,HU,,budapest,mapillary,2018-09-18,1.0
1168454658141900,raw/mapillary/warsaw/images/1168454658141900.jpg,52.100023,21.067088,PL,,warsaw,mapillary,2025-01-25,1.0
6364537046969144,raw/mapillary/prague/images/6364537046969144.jpg,49.966325,14.341019,CZ,,prague,mapillary,2023-07-09,1.0
1506536939890542,raw/mapillary/warsaw/images/1506536939890542.jpg,52.105998,21.020009,PL,,warsaw,mapillary,2024-01-27,1.0
1148639606659583,raw/mapillary/warsaw/images/1148639606659583.jpg,52.104765,21.093078,PL,,warsaw,mapillary,2025-01-25,1.0
4751663448247358,raw/mapillary/budapest/images/4751663448247358.jpg,47.485756,19.000245,HU,,budapest,mapillary,2021-11-10,1.0
2058567064571855,raw/mapillary/warsaw/images/2058567064571855.jpg,52.104294,21.090305,PL,,warsaw,mapillary,2025-01-25,1.0
5492256780844885,raw/mapillary/warsaw/images/5492256780844885.jpg,52.100244,20.855696,PL,,warsaw,mapillary,2020-07-03,1.0
305037941253953,raw/mapillary/budapest/images/305037941253953.jpg,47.499619,19.090088,HU,,budapest,mapillary,2018-03-21,1.0
589129567213728,raw/mapillary/warsaw/images/589129567213728.jpg,52.100222,21.084021,PL,,warsaw,mapillary,2025-01-25,1.0
2913129962308680,raw/mapillary/prague/images/2913129962308680.jpg,49.95554,14.320458,CZ,,prague,mapillary,2016-10-09,1.0
2592731410894412,raw/mapillary/warsaw/images/2592731410894412.jpg,52.109944,21.000371,PL,,warsaw,mapillary,2023-09-07,1.0
470183087604458,raw/mapillary/prague/images/470183087604458.jpg,49.950335,14.525663,CZ,,prague,mapillary,2016-01-31,1.0
1203690270061094,raw/mapillary/budapest/images/1203690270061094.jpg,47.490164,19.002334,HU,,budapest,mapillary,2017-05-05,1.0
1029923388373810,raw/mapillary/prague/images/1029923388373810.jpg,49.96779,14.334368,CZ,,prague,mapillary,2023-07-09,1.0
3194410944126668,raw/mapillary/prague/images/3194410944126668.jpg,49.951095,14.518225,CZ,,prague,mapillary,2020-05-27,1.0
1216389499591349,raw/mapillary/budapest/images/1216389499591349.jpg,47.541554,18.986234,HU,,budapest,mapillary,2024-11-03,1.0
190485322772578,raw/mapillary/budapest/images/190485322772578.jpg,47.485662,19.01057,HU,,budapest,mapillary,2018-08-23,1.0
1188635919373197,raw/mapillary/prague/images/1188635919373197.jpg,49.954189,14.377174,CZ,,prague,mapillary,2025-04-20,1.0
1458190861420799,raw/mapillary/prague/images/1458190861420799.jpg,49.95207,14.391742,CZ,,prague,mapillary,2022-10-26,1.0
758439746547468,raw/mapillary/warsaw/images/758439746547468.jpg,52.101831,20.877119,PL,,warsaw,mapillary,2025-07-25,1.0
1688005221782427,raw/mapillary/warsaw/images/1688005221782427.jpg,52.100004,21.067125,PL,,warsaw,mapillary,2025-01-25,1.0
2641755516122534,raw/mapillary/budapest/images/2641755516122534.jpg,47.549831,18.979895,HU,,budapest,mapillary,2017-12-10,1.0
590792998990813,raw/mapillary/warsaw/images/590792998990813.jpg,52.101345,21.064748,PL,,warsaw,mapillary,2021-06-07,1.0
483063949704337,raw/mapillary/budapest/images/483063949704337.jpg,47.480207,18.971368,HU,,budapest,mapillary,2020-06-30,1.0
158821442857010,raw/mapillary/budapest/images/158821442857010.jpg,47.475041,19.010391,HU,,budapest,mapillary,2018-08-27,1.0
1090513638858731,raw/mapillary/warsaw/images/1090513638858731.jpg,52.108655,21.032706,PL,,warsaw,mapillary,2024-01-27,1.0
5913641005374499,raw/mapillary/prague/images/5913641005374499.jpg,49.959308,14.632277,CZ,,prague,mapillary,2018-07-17,1.0
1085496596322194,raw/mapillary/budapest/images/1085496596322194.jpg,47.541962,18.986288,HU,,budapest,mapillary,2024-11-03,1.0
830563538416338,raw/mapillary/prague/images/830563538416338.jpg,49.967744,14.336162,CZ,,prague,mapillary,2023-07-09,1.0
1494748712181526,raw/mapillary/prague/images/1494748712181526.jpg,49.959516,14.63224,CZ,,prague,mapillary,2026-04-15,1.0
674692751429000,raw/mapillary/warsaw/images/674692751429000.jpg,52.103274,20.970258,PL,,warsaw,mapillary,2023-09-05,1.0
1335215174339644,raw/mapillary/warsaw/images/1335215174339644.jpg,52.100651,21.084327,PL,,warsaw,mapillary,2025-01-25,1.0
474101707249597,raw/mapillary/budapest/images/474101707249597.jpg,47.480299,18.978033,HU,,budapest,mapillary,2019-08-11,1.0
762340847785522,raw/mapillary/budapest/images/762340847785522.jpg,47.520148,18.973011,HU,,budapest,mapillary,2018-08-14,1.0
507749587307929,raw/mapillary/budapest/images/507749587307929.jpg,47.530139,18.986904,HU,,budapest,mapillary,2020-04-25,1.0
2543590772604288,raw/mapillary/budapest/images/2543590772604288.jpg,47.480007,18.978911,HU,,budapest,mapillary,2018-09-18,1.0
294357905582763,raw/mapillary/budapest/images/294357905582763.jpg,47.476312,18.970267,HU,,budapest,mapillary,2016-10-31,1.0
532594247793875,raw/mapillary/prague/images/532594247793875.jpg,49.958925,14.323226,CZ,,prague,mapillary,2016-12-31,1.0
2036735906483511,raw/mapillary/warsaw/images/2036735906483511.jpg,52.101759,20.876337,PL,,warsaw,mapillary,2017-03-01,1.0
131867175599980,raw/mapillary/budapest/images/131867175599980.jpg,47.474223,18.990101,HU,,budapest,mapillary,2017-01-08,1.0
314011710397669,raw/mapillary/budapest/images/314011710397669.jpg,47.490044,19.002343,HU,,budapest,mapillary,2018-08-27,1.0
1186292238469277,raw/mapillary/budapest/images/1186292238469277.jpg,47.530445,18.978749,HU,,budapest,mapillary,2018-09-03,1.0
714899743414112,raw/mapillary/prague/images/714899743414112.jpg,49.957929,14.529124,CZ,,prague,mapillary,2022-10-26,1.0
309417530764841,raw/mapillary/budapest/images/309417530764841.jpg,47.530387,18.978825,HU,,budapest,mapillary,2019-05-08,1.0
1496906758078178,raw/mapillary/prague/images/1496906758078178.jpg,49.95366,14.376845,CZ,,prague,mapillary,2026-01-12,1.0
146914930753665,raw/mapillary/budapest/images/146914930753665.jpg,47.530278,18.987222,HU,,budapest,mapillary,2021-04-02,1.0
816122599011834,raw/mapillary/budapest/images/816122599011834.jpg,47.480002,18.987394,HU,,budapest,mapillary,2017-09-09,1.0
1493541287944450,raw/mapillary/prague/images/1493541287944450.jpg,49.95773,14.603081,CZ,,prague,mapillary,2024-08-28,1.0
24369564212641942,raw/mapillary/budapest/images/24369564212641942.jpg,47.499499,19.09037,HU,,budapest,mapillary,2023-10-19,1.0
740937524516246,raw/mapillary/prague/images/740937524516246.jpg,49.96368,14.327054,CZ,,prague,mapillary,2023-07-09,1.0
308468757407915,raw/mapillary/prague/images/308468757407915.jpg,49.952211,14.537467,CZ,,prague,mapillary,2016-10-01,1.0
311036650569599,raw/mapillary/budapest/images/311036650569599.jpg,47.483089,18.980251,HU,,budapest,mapillary,2017-04-01,1.0
132061656041642,raw/mapillary/warsaw/images/132061656041642.jpg,52.103671,20.970361,PL,,warsaw,mapillary,2022-09-24,1.0
1475256874097025,raw/mapillary/prague/images/1475256874097025.jpg,49.952888,14.375807,CZ,,prague,mapillary,2026-03-28,1.0
486992195840833,raw/mapillary/prague/images/486992195840833.jpg,49.950613,14.518382,CZ,,prague,mapillary,2020-05-27,1.0
1506023643461709,raw/mapillary/warsaw/images/1506023643461709.jpg,52.103054,20.991951,PL,,warsaw,mapillary,2024-01-27,1.0
123129656449344,raw/mapillary/prague/images/123129656449344.jpg,49.951373,14.538602,CZ,,prague,mapillary,2016-08-28,1.0
1154855718869725,raw/mapillary/budapest/images/1154855718869725.jpg,47.499663,19.090614,HU,,budapest,mapillary,2024-05-27,1.0
1639664547196006,raw/mapillary/prague/images/1639664547196006.jpg,49.960412,14.379013,CZ,,prague,mapillary,2026-01-12,1.0
3927259330643268,raw/mapillary/budapest/images/3927259330643268.jpg,47.474142,18.990424,HU,,budapest,mapillary,2020-11-05,1.0
3851284054968944,raw/mapillary/budapest/images/3851284054968944.jpg,47.534636,18.990733,HU,,budapest,mapillary,2016-04-10,1.0
448491279883420,raw/mapillary/budapest/images/448491279883420.jpg,47.510126,18.977749,HU,,budapest,mapillary,2020-12-06,1.0
800861470561290,raw/mapillary/prague/images/800861470561290.jpg,49.957794,14.518472,CZ,,prague,mapillary,2016-10-01,1.0
304435067973033,raw/mapillary/budapest/images/304435067973033.jpg,47.47654,18.970396,HU,,budapest,mapillary,2016-10-31,1.0
136997876109290,raw/mapillary/prague/images/136997876109290.jpg,49.967562,14.336858,CZ,,prague,mapillary,2023-07-09,1.0
1127126125791451,raw/mapillary/warsaw/images/1127126125791451.jpg,52.103703,20.970729,PL,,warsaw,mapillary,2024-09-19,1.0
1821839091606727,raw/mapillary/warsaw/images/1821839091606727.jpg,52.109698,20.996907,PL,,warsaw,mapillary,2023-09-07,1.0
1063559271687049,raw/mapillary/warsaw/images/1063559271687049.jpg,52.101268,20.870373,PL,,warsaw,mapillary,2023-09-09,1.0
566318449661739,raw/mapillary/prague/images/566318449661739.jpg,49.969136,14.386011,CZ,,prague,mapillary,2024-12-08,1.0
3631524737100796,raw/mapillary/warsaw/images/3631524737100796.jpg,52.107291,20.932104,PL,,warsaw,mapillary,2024-06-05,1.0
1652701258452475,raw/mapillary/budapest/images/1652701258452475.jpg,47.475,19.01,HU,,budapest,mapillary,2015-07-01,1.0
246720117252474,raw/mapillary/prague/images/246720117252474.jpg,49.957089,14.517983,CZ,,prague,mapillary,2020-05-27,1.0
323528155814282,raw/mapillary/prague/images/323528155814282.jpg,49.954049,14.320021,CZ,,prague,mapillary,2016-12-31,1.0
470033717612218,raw/mapillary/budapest/images/470033717612218.jpg,47.534704,18.990784,HU,,budapest,mapillary,2016-04-10,1.0
1267904004337652,raw/mapillary/budapest/images/1267904004337652.jpg,47.541666,18.986094,HU,,budapest,mapillary,2024-11-03,1.0
1085612215665083,raw/mapillary/warsaw/images/1085612215665083.jpg,52.10659,21.055386,PL,,warsaw,mapillary,2022-08-07,1.0
1594639640742280,raw/mapillary/budapest/images/1594639640742280.jpg,47.530465,18.978817,HU,,budapest,mapillary,2019-08-24,1.0
663190162301008,raw/mapillary/budapest/images/663190162301008.jpg,47.520172,18.972716,HU,,budapest,mapillary,2023-05-31,1.0
870499161718472,raw/mapillary/warsaw/images/870499161718472.jpg,52.104366,21.090563,PL,,warsaw,mapillary,2025-01-25,1.0
881888456889063,raw/mapillary/prague/images/881888456889063.jpg,49.953035,14.391922,CZ,,prague,mapillary,2022-10-26,1.0
1704735333829301,raw/mapillary/warsaw/images/1704735333829301.jpg,52.104093,20.970964,PL,,warsaw,mapillary,2026-03-01,1.0
828336276471279,raw/mapillary/warsaw/images/828336276471279.jpg,52.1025,21.018831,PL,,warsaw,mapillary,2025-11-22,1.0
1683169799350358,raw/mapillary/prague/images/1683169799350358.jpg,49.95938,14.632403,CZ,,prague,mapillary,2026-04-15,1.0
223461644173921,raw/mapillary/warsaw/images/223461644173921.jpg,52.10177,20.876795,PL,,warsaw,mapillary,2024-01-08,1.0
293347605745363,raw/mapillary/budapest/images/293347605745363.jpg,47.540219,18.970391,HU,,budapest,mapillary,2018-04-22,1.0
569976654825585,raw/mapillary/warsaw/images/569976654825585.jpg,52.101908,21.054135,PL,,warsaw,mapillary,2022-08-07,1.0
475162643813952,raw/mapillary/budapest/images/475162643813952.jpg,47.474888,19.010128,HU,,budapest,mapillary,2018-05-24,1.0
1050294586222623,raw/mapillary/warsaw/images/1050294586222623.jpg,52.109166,21.042421,PL,,warsaw,mapillary,2024-01-27,1.0
1767179547596582,raw/mapillary/prague/images/1767179547596582.jpg,49.959628,14.632104,CZ,,prague,mapillary,2026-04-15,1.0
1492413724439684,raw/mapillary/budapest/images/1492413724439684.jpg,47.478171,18.974838,HU,,budapest,mapillary,2016-10-31,1.0
744779057586365,raw/mapillary/warsaw/images/744779057586365.jpg,52.106147,21.020133,PL,,warsaw,mapillary,2024-01-27,1.0
390616645313368,raw/mapillary/budapest/images/390616645313368.jpg,47.534399,18.99038,HU,,budapest,mapillary,2016-04-10,1.0
3322747187828574,raw/mapillary/prague/images/3322747187828574.jpg,49.959622,14.631807,CZ,,prague,mapillary,2019-06-24,1.0
1219936528771966,raw/mapillary/warsaw/images/1219936528771966.jpg,52.102809,20.991943,PL,,warsaw,mapillary,2024-01-27,1.0
1045466090083942,raw/mapillary/warsaw/images/1045466090083942.jpg,52.103863,21.040468,PL,,warsaw,mapillary,2024-01-27,1.0
567658280886754,raw/mapillary/prague/images/567658280886754.jpg,49.953754,14.376689,CZ,,prague,mapillary,2017-10-01,1.0
144390594324744,raw/mapillary/budapest/images/144390594324744.jpg,47.480099,18.979008,HU,,budapest,mapillary,2018-09-18,1.0
3954119141389911,raw/mapillary/warsaw/images/3954119141389911.jpg,52.107507,20.932226,PL,,warsaw,mapillary,2026-03-01,1.0
155543129833645,raw/mapillary/warsaw/images/155543129833645.jpg,52.104325,21.090316,PL,,warsaw,mapillary,2018-09-23,1.0
1671520113764050,raw/mapillary/warsaw/images/1671520113764050.jpg,52.100465,21.08413,PL,,warsaw,mapillary,2025-01-25,1.0
261184275732361,raw/mapillary/budapest/images/261184275732361.jpg,47.510132,18.977987,HU,,budapest,mapillary,2018-08-16,1.0
305941114246863,raw/mapillary/budapest/images/305941114246863.jpg,47.530344,18.97886,HU,,budapest,mapillary,2018-09-03,1.0
489426988963261,raw/mapillary/budapest/images/489426988963261.jpg,47.471987,18.978832,HU,,budapest,mapillary,2019-11-23,1.0
662213025943489,raw/mapillary/prague/images/662213025943489.jpg,49.967848,14.335351,CZ,,prague,mapillary,2023-07-09,1.0
1423271781342637,raw/mapillary/budapest/images/1423271781342637.jpg,47.493902,18.979366,HU,,budapest,mapillary,2019-03-22,1.0
151221260345320,raw/mapillary/budapest/images/151221260345320.jpg,47.478011,18.990499,HU,,budapest,mapillary,2017-09-09,1.0
890146741568813,raw/mapillary/prague/images/890146741568813.jpg,49.958825,14.323151,CZ,,prague,mapillary,2016-10-09,1.0
1077194084614595,raw/mapillary/warsaw/images/1077194084614595.jpg,52.101223,20.868521,PL,,warsaw,mapillary,2025-07-25,1.0
1387914015627290,raw/mapillary/warsaw/images/1387914015627290.jpg,52.101066,20.866712,PL,,warsaw,mapillary,2025-07-25,1.0
2749897878538756,raw/mapillary/warsaw/images/2749897878538756.jpg,52.101439,20.872486,PL,,warsaw,mapillary,2025-07-23,1.0
942806889627007,raw/mapillary/prague/images/942806889627007.jpg,49.959652,14.631804,CZ,,prague,mapillary,2017-09-21,1.0
967183894832608,raw/mapillary/warsaw/images/967183894832608.jpg,52.100054,21.06689,PL,,warsaw,mapillary,2025-01-25,1.0
1080824836025049,raw/mapillary/budapest/images/1080824836025049.jpg,47.49968,19.090106,HU,,budapest,mapillary,2019-09-21,1.0
807031023548844,raw/mapillary/prague/images/807031023548844.jpg,49.952304,14.375437,CZ,,prague,mapillary,2019-04-12,1.0
959120284871383,raw/mapillary/budapest/images/959120284871383.jpg,47.51032,18.976861,HU,,budapest,mapillary,2017-07-07,1.0
3949476911814554,raw/mapillary/prague/images/3949476911814554.jpg,49.953144,14.518006,CZ,,prague,mapillary,2020-05-27,1.0
4038004936292766,raw/mapillary/budapest/images/4038004936292766.jpg,47.530147,18.987938,HU,,budapest,mapillary,2019-05-24,1.0
1463845843959844,raw/mapillary/budapest/images/1463845843959844.jpg,47.530293,18.978982,HU,,budapest,mapillary,2020-03-02,1.0
1586325062526134,raw/mapillary/budapest/images/1586325062526134.jpg,47.486672,19.000806,HU,,budapest,mapillary,2025-12-04,1.0
3520994868114378,raw/mapillary/warsaw/images/3520994868114378.jpg,52.10191,20.878922,PL,,warsaw,mapillary,2022-12-02,1.0
609931517875154,raw/mapillary/prague/images/609931517875154.jpg,49.954228,14.326965,CZ,,prague,mapillary,2023-07-09,1.0
272359614604390,raw/mapillary/prague/images/272359614604390.jpg,49.954593,14.38159,CZ,,prague,mapillary,2016-04-13,1.0
300164296371314,raw/mapillary/warsaw/images/300164296371314.jpg,52.103164,21.039451,PL,,warsaw,mapillary,2024-01-27,1.0
1713823285672307,raw/mapillary/budapest/images/1713823285672307.jpg,47.520066,18.973418,HU,,budapest,mapillary,2018-08-14,1.0
684714091296594,raw/mapillary/budapest/images/684714091296594.jpg,47.530116,18.997475,HU,,budapest,mapillary,2025-09-05,1.0
1199918440444387,raw/mapillary/budapest/images/1199918440444387.jpg,47.53396,18.990003,HU,,budapest,mapillary,2016-04-10,1.0
382825553161362,raw/mapillary/prague/images/382825553161362.jpg,49.959747,14.522469,CZ,,prague,mapillary,2020-05-27,1.0
341246701829992,raw/mapillary/warsaw/images/341246701829992.jpg,52.105973,21.020078,PL,,warsaw,mapillary,2023-09-07,1.0
149814847111724,raw/mapillary/budapest/images/149814847111724.jpg,47.520143,18.973036,HU,,budapest,mapillary,2018-08-14,1.0
6726787034047805,raw/mapillary/prague/images/6726787034047805.jpg,49.951355,14.53874,CZ,,prague,mapillary,2023-08-21,1.0
808602853112146,raw/mapillary/budapest/images/808602853112146.jpg,47.49022,19.00233,HU,,budapest,mapillary,2017-05-05,1.0
174830611220156,raw/mapillary/prague/images/174830611220156.jpg,49.959212,14.632305,CZ,,prague,mapillary,2019-06-24,1.0
1125092411831323,raw/mapillary/warsaw/images/1125092411831323.jpg,52.102006,21.037575,PL,,warsaw,mapillary,2024-01-27,1.0
477256190247263,raw/mapillary/budapest/images/477256190247263.jpg,47.477997,18.990362,HU,,budapest,mapillary,2020-11-05,1.0
2950733948545055,raw/mapillary/budapest/images/2950733948545055.jpg,47.530408,18.978817,HU,,budapest,mapillary,2019-05-13,1.0
781384149116505,raw/mapillary/prague/images/781384149116505.jpg,49.953491,14.381018,CZ,,prague,mapillary,2016-04-13,1.0
3962663767114395,raw/mapillary/prague/images/3962663767114395.jpg,49.952672,14.467958,CZ,,prague,mapillary,2020-05-26,1.0
4233568286695430,raw/mapillary/prague/images/4233568286695430.jpg,49.960306,14.379304,CZ,,prague,mapillary,2019-04-12,1.0
294991075449705,raw/mapillary/budapest/images/294991075449705.jpg,47.534796,18.990843,HU,,budapest,mapillary,2017-12-10,1.0
474896007165426,raw/mapillary/budapest/images/474896007165426.jpg,47.478937,18.990682,HU,,budapest,mapillary,2018-10-14,1.0
782237217079417,raw/mapillary/warsaw/images/782237217079417.jpg,52.106367,21.020125,PL,,warsaw,mapillary,2024-01-27,1.0
1739904359830584,raw/mapillary/warsaw/images/1739904359830584.jpg,52.101302,20.870317,PL,,warsaw,mapillary,2024-01-08,1.0
3525183381100996,raw/mapillary/prague/images/3525183381100996.jpg,49.951828,14.329131,CZ,,prague,mapillary,2023-07-09,1.0
2614601402174133,raw/mapillary/budapest/images/2614601402174133.jpg,47.520137,18.973061,HU,,budapest,mapillary,2018-08-14,1.0
4008592452553379,raw/mapillary/budapest/images/4008592452553379.jpg,47.549973,18.974855,HU,,budapest,mapillary,2017-12-10,1.0
2881174972155573,raw/mapillary/budapest/images/2881174972155573.jpg,47.499535,19.090598,HU,,budapest,mapillary,2019-08-08,1.0
208289907495460,raw/mapillary/budapest/images/208289907495460.jpg,47.549208,18.97809,HU,,budapest,mapillary,2017-08-13,1.0
1998610806944615,raw/mapillary/prague/images/1998610806944615.jpg,49.950074,14.518638,CZ,,prague,mapillary,2020-05-27,1.0
9360859074021378,raw/mapillary/warsaw/images/9360859074021378.jpg,52.100597,21.084288,PL,,warsaw,mapillary,2025-01-25,1.0
1687835698071371,raw/mapillary/budapest/images/1687835698071371.jpg,47.480201,19.007943,HU,,budapest,mapillary,2018-08-27,1.0
196005852341582,raw/mapillary/prague/images/196005852341582.jpg,49.952442,14.375544,CZ,,prague,mapillary,2019-04-12,1.0
887178692946493,raw/mapillary/warsaw/images/887178692946493.jpg,52.103563,20.970625,PL,,warsaw,mapillary,2023-09-05,1.0
251007357956979,raw/mapillary/prague/images/251007357956979.jpg,49.950886,14.39174,CZ,,prague,mapillary,2022-10-26,1.0
914291169114361,raw/mapillary/budapest/images/914291169114361.jpg,47.474882,18.990031,HU,,budapest,mapillary,2017-04-09,1.0
1843608632920114,raw/mapillary/budapest/images/1843608632920114.jpg,47.530191,18.997545,HU,,budapest,mapillary,2025-09-05,1.0
995463287929462,raw/mapillary/budapest/images/995463287929462.jpg,47.52016,18.972918,HU,,budapest,mapillary,2018-08-08,1.0
1430527024190596,raw/mapillary/prague/images/1430527024190596.jpg,49.953787,14.327493,CZ,,prague,mapillary,2023-07-09,1.0
519682259464854,raw/mapillary/prague/images/519682259464854.jpg,49.954694,14.320789,CZ,,prague,mapillary,2016-12-31,1.0
772509190135680,raw/mapillary/budapest/images/772509190135680.jpg,47.534515,18.990535,HU,,budapest,mapillary,2016-04-10,1.0
2354576938063261,raw/mapillary/budapest/images/2354576938063261.jpg,47.482232,18.990605,HU,,budapest,mapillary,2023-06-02,1.0
595460694761947,raw/mapillary/prague/images/595460694761947.jpg,49.951649,14.518759,CZ,,prague,mapillary,2016-10-01,1.0
315426363314764,raw/mapillary/budapest/images/315426363314764.jpg,47.485705,19.010603,HU,,budapest,mapillary,2018-08-23,1.0
995019764649577,raw/mapillary/prague/images/995019764649577.jpg,49.955848,14.465062,CZ,,prague,mapillary,2020-05-26,1.0
299393174970782,raw/mapillary/budapest/images/299393174970782.jpg,47.480491,18.98057,HU,,budapest,mapillary,2018-10-06,1.0
260469229101867,raw/mapillary/prague/images/260469229101867.jpg,49.95554,14.320291,CZ,,prague,mapillary,2016-10-09,1.0
1374159646320953,raw/mapillary/warsaw/images/1374159646320953.jpg,52.108295,21.057308,PL,,warsaw,mapillary,2022-08-07,1.0
1026011951137330,raw/mapillary/prague/images/1026011951137330.jpg,49.951727,14.468658,CZ,,prague,mapillary,2020-05-26,1.0
142121664577170,raw/mapillary/budapest/images/142121664577170.jpg,47.530438,18.978768,HU,,budapest,mapillary,2019-05-08,1.0
1478233262948476,raw/mapillary/prague/images/1478233262948476.jpg,49.967422,14.333729,CZ,,prague,mapillary,2023-07-09,1.0
1120210002304334,raw/mapillary/warsaw/images/1120210002304334.jpg,52.101662,20.883496,PL,,warsaw,mapillary,2024-01-24,1.0
211712207176508,raw/mapillary/budapest/images/211712207176508.jpg,47.520007,18.973806,HU,,budapest,mapillary,2018-08-14,1.0
213271673686734,raw/mapillary/prague/images/213271673686734.jpg,49.95373,14.376736,CZ,,prague,mapillary,2019-04-12,1.0
2971966226368128,raw/mapillary/budapest/images/2971966226368128.jpg,47.480289,18.980862,HU,,budapest,mapillary,2018-10-06,1.0
365827959530723,raw/mapillary/warsaw/images/365827959530723.jpg,52.109992,21.000925,PL,,warsaw,mapillary,2024-01-27,1.0
1914998489156555,raw/mapillary/warsaw/images/1914998489156555.jpg,52.107553,20.932206,PL,,warsaw,mapillary,2026-04-30,1.0
1479498319473657,raw/mapillary/prague/images/1479498319473657.jpg,49.967511,14.337005,CZ,,prague,mapillary,2023-07-09,1.0
728971872578061,raw/mapillary/warsaw/images/728971872578061.jpg,52.101717,20.876355,PL,,warsaw,mapillary,2023-09-09,1.0
138254254991933,raw/mapillary/warsaw/images/138254254991933.jpg,52.109754,20.996458,PL,,warsaw,mapillary,2020-06-30,1.0
760415678543093,raw/mapillary/warsaw/images/760415678543093.jpg,52.108535,21.056878,PL,,warsaw,mapillary,2022-08-07,1.0
508810303815304,raw/mapillary/budapest/images/508810303815304.jpg,47.510028,18.978765,HU,,budapest,mapillary,2020-10-22,1.0
1373037220089233,raw/mapillary/prague/images/1373037220089233.jpg,49.951728,14.391706,CZ,,prague,mapillary,2022-10-26,1.0
654045110234505,raw/mapillary/prague/images/654045110234505.jpg,49.950827,14.391748,CZ,,prague,mapillary,2022-10-26,1.0
949036039186817,raw/mapillary/budapest/images/949036039186817.jpg,47.474231,18.99029,HU,,budapest,mapillary,2020-11-05,1.0
701487208640571,raw/mapillary/warsaw/images/701487208640571.jpg,52.104538,21.035406,PL,,warsaw,mapillary,2024-01-27,1.0
582358130094820,raw/mapillary/warsaw/images/582358130094820.jpg,52.105843,21.055655,PL,,warsaw,mapillary,2022-08-07,1.0
1354713855160196,raw/mapillary/warsaw/images/1354713855160196.jpg,52.109954,21.000592,PL,,warsaw,mapillary,2023-09-07,1.0
177491394187044,raw/mapillary/prague/images/177491394187044.jpg,49.954549,14.320665,CZ,,prague,mapillary,2016-12-31,1.0
24160666803562848,raw/mapillary/warsaw/images/24160666803562848.jpg,52.102477,21.01878,PL,,warsaw,mapillary,2025-07-05,1.0
949386179927170,raw/mapillary/warsaw/images/949386179927170.jpg,52.103021,21.039228,PL,,warsaw,mapillary,2024-01-27,1.0
474637130275796,raw/mapillary/prague/images/474637130275796.jpg,49.956904,14.517951,CZ,,prague,mapillary,2016-10-01,1.0
115993341198530,raw/mapillary/warsaw/images/115993341198530.jpg,52.108868,21.056,PL,,warsaw,mapillary,2022-08-07,1.0
579694814126398,raw/mapillary/prague/images/579694814126398.jpg,49.965661,14.329605,CZ,,prague,mapillary,2023-07-09,1.0
404990715423726,raw/mapillary/warsaw/images/404990715423726.jpg,52.108661,21.032779,PL,,warsaw,mapillary,2024-01-27,1.0
1760706634456650,raw/mapillary/warsaw/images/1760706634456650.jpg,52.101481,20.873112,PL,,warsaw,mapillary,2023-09-09,1.0
392082556809105,raw/mapillary/warsaw/images/392082556809105.jpg,52.109981,21.000729,PL,,warsaw,mapillary,2024-01-27,1.0
1126301552643041,raw/mapillary/prague/images/1126301552643041.jpg,49.954752,14.378018,CZ,,prague,mapillary,2025-07-01,1.0
1796497077741375,raw/mapillary/warsaw/images/1796497077741375.jpg,52.100226,20.8557,PL,,warsaw,mapillary,2025-07-23,1.0
507192163815325,raw/mapillary/prague/images/507192163815325.jpg,49.96892,14.334841,CZ,,prague,mapillary,2016-10-09,1.0
927978841372988,raw/mapillary/budapest/images/927978841372988.jpg,47.480013,18.978123,HU,,budapest,mapillary,2020-06-30,1.0
233791156316485,raw/mapillary/prague/images/233791156316485.jpg,49.959893,14.527199,CZ,,prague,mapillary,2023-08-21,1.0
1518720218939436,raw/mapillary/prague/images/1518720218939436.jpg,49.952334,14.537314,CZ,,prague,mapillary,2022-10-26,1.0
1721861164663463,raw/mapillary/prague/images/1721861164663463.jpg,49.95116,14.518239,CZ,,prague,mapillary,2020-05-27,1.0
365832369113227,raw/mapillary/prague/images/365832369113227.jpg,49.95696,14.530081,CZ,,prague,mapillary,2022-10-26,1.0
1806725300103088,raw/mapillary/warsaw/images/1806725300103088.jpg,52.104317,21.090391,PL,,warsaw,mapillary,2025-01-25,1.0
3885300568228409,raw/mapillary/budapest/images/3885300568228409.jpg,47.474149,18.99044,HU,,budapest,mapillary,2019-03-26,1.0
1068740927438182,raw/mapillary/prague/images/1068740927438182.jpg,49.954435,14.326724,CZ,,prague,mapillary,2023-07-09,1.0
4606211952729159,raw/mapillary/budapest/images/4606211952729159.jpg,47.47933,18.980179,HU,,budapest,mapillary,2018-09-18,1.0
363031875156546,raw/mapillary/warsaw/images/363031875156546.jpg,52.102407,21.018753,PL,,warsaw,mapillary,2020-06-30,1.0
594685515255595,raw/mapillary/prague/images/594685515255595.jpg,49.95933,14.521151,CZ,,prague,mapillary,2020-05-27,1.0
1072781553432177,raw/mapillary/warsaw/images/1072781553432177.jpg,52.103959,20.970475,PL,,warsaw,mapillary,2022-09-24,1.0
1079859063056454,raw/mapillary/warsaw/images/1079859063056454.jpg,52.103495,20.970322,PL,,warsaw,mapillary,2023-09-05,1.0
718810209660533,raw/mapillary/prague/images/718810209660533.jpg,49.951927,14.391723,CZ,,prague,mapillary,2022-10-26,1.0
123925399812820,raw/mapillary/warsaw/images/123925399812820.jpg,52.10435,21.058946,PL,,warsaw,mapillary,2021-06-07,1.0
1061952281486189,raw/mapillary/prague/images/1061952281486189.jpg,49.953591,14.392031,CZ,,prague,mapillary,2022-10-26,1.0
1219809745670531,raw/mapillary/prague/images/1219809745670531.jpg,49.959448,14.632118,CZ,,prague,mapillary,2024-05-29,1.0
2303983173139969,raw/mapillary/warsaw/images/2303983173139969.jpg,52.100638,20.960755,PL,,warsaw,mapillary,2024-01-27,1.0
314972461007492,raw/mapillary/warsaw/images/314972461007492.jpg,52.108665,21.032795,PL,,warsaw,mapillary,2024-01-27,1.0
2327445564371458,raw/mapillary/warsaw/images/2327445564371458.jpg,52.101549,20.873021,PL,,warsaw,mapillary,2025-07-25,1.0
746810595985941,raw/mapillary/budapest/images/746810595985941.jpg,47.480092,18.972033,HU,,budapest,mapillary,2020-06-30,1.0
1199058159083457,raw/mapillary/prague/images/1199058159083457.jpg,49.952823,14.37592,CZ,,prague,mapillary,2026-01-12,1.0
817216278903097,raw/mapillary/budapest/images/817216278903097.jpg,47.474115,18.990458,HU,,budapest,mapillary,2017-05-14,1.0
253374821049060,raw/mapillary/prague/images/253374821049060.jpg,49.952275,14.537401,CZ,,prague,mapillary,2022-10-26,1.0
932264954203144,raw/mapillary/budapest/images/932264954203144.jpg,47.534162,18.990104,HU,,budapest,mapillary,2016-04-10,1.0
879256025994269,raw/mapillary/budapest/images/879256025994269.jpg,47.510212,18.977145,HU,,budapest,mapillary,2020-12-06,1.0
131739162309099,raw/mapillary/budapest/images/131739162309099.jpg,47.530171,18.979108,HU,,budapest,mapillary,2018-07-03,1.0
303740118043719,raw/mapillary/prague/images/303740118043719.jpg,49.95911,14.520577,CZ,,prague,mapillary,2016-10-01,1.0
380133821003664,raw/mapillary/prague/images/380133821003664.jpg,49.951396,14.538585,CZ,,prague,mapillary,2022-10-26,1.0
704373691829651,raw/mapillary/warsaw/images/704373691829651.jpg,52.109352,21.042709,PL,,warsaw,mapillary,2024-01-27,1.0
1208686030432424,raw/mapillary/budapest/images/1208686030432424.jpg,47.542007,18.986263,HU,,budapest,mapillary,2024-11-03,1.0
1629675607564105,raw/mapillary/prague/images/1629675607564105.jpg,49.958272,14.633827,CZ,,prague,mapillary,2023-10-19,1.0
208804504112694,raw/mapillary/budapest/images/208804504112694.jpg,47.534042,18.99002,HU,,budapest,mapillary,2016-04-10,1.0
382680824090066,raw/mapillary/prague/images/382680824090066.jpg,49.951787,14.39171,CZ,,prague,mapillary,2022-10-26,1.0
1153390270140661,raw/mapillary/prague/images/1153390270140661.jpg,49.954927,14.378187,CZ,,prague,mapillary,2025-07-01,1.0
744864997250807,raw/mapillary/warsaw/images/744864997250807.jpg,52.103842,21.040438,PL,,warsaw,mapillary,2024-01-27,1.0
206793131056169,raw/mapillary/budapest/images/206793131056169.jpg,47.530417,18.978826,HU,,budapest,mapillary,2018-07-03,1.0
720528350375952,raw/mapillary/prague/images/720528350375952.jpg,49.953851,14.607885,CZ,,prague,mapillary,2025-06-01,1.0
2511589122482781,raw/mapillary/budapest/images/2511589122482781.jpg,47.530582,18.978735,HU,,budapest,mapillary,2018-07-03,1.0
1119427379670046,raw/mapillary/warsaw/images/1119427379670046.jpg,52.101415,21.084861,PL,,warsaw,mapillary,2025-01-25,1.0
1106863193166422,raw/mapillary/budapest/images/1106863193166422.jpg,47.474366,18.990095,HU,,budapest,mapillary,2017-05-13,1.0
9320697084698481,raw/mapillary/prague/images/9320697084698481.jpg,49.952209,14.609994,CZ,,prague,mapillary,2025-06-01,1.0
873938124217965,raw/mapillary/warsaw/images/873938124217965.jpg,52.109984,21.001046,PL,,warsaw,mapillary,2023-09-07,1.0
487296369268301,raw/mapillary/warsaw/images/487296369268301.jpg,52.106103,21.055188,PL,,warsaw,mapillary,2021-06-07,1.0
1310575459592886,raw/mapillary/prague/images/1310575459592886.jpg,49.953242,14.391963,CZ,,prague,mapillary,2022-10-26,1.0
531097891255624,raw/mapillary/prague/images/531097891255624.jpg,49.95529,14.319826,CZ,,prague,mapillary,2016-12-31,1.0
1649519159276148,raw/mapillary/warsaw/images/1649519159276148.jpg,52.104494,21.091022,PL,,warsaw,mapillary,2025-01-25,1.0
839042570901417,raw/mapillary/prague/images/839042570901417.jpg,49.950274,14.330091,CZ,,prague,mapillary,2023-07-09,1.0
1251813418854676,raw/mapillary/prague/images/1251813418854676.jpg,49.965076,14.32873,CZ,,prague,mapillary,2023-07-09,1.0
7142328079191374,raw/mapillary/warsaw/images/7142328079191374.jpg,52.1008,20.960843,PL,,warsaw,mapillary,2024-01-27,1.0
606305075344296,raw/mapillary/warsaw/images/606305075344296.jpg,52.100676,21.084293,PL,,warsaw,mapillary,2025-01-25,1.0
1259082611722352,raw/mapillary/warsaw/images/1259082611722352.jpg,52.109145,21.042393,PL,,warsaw,mapillary,2024-01-27,1.0
1050125616345940,raw/mapillary/prague/images/1050125616345940.jpg,49.958689,14.323636,CZ,,prague,mapillary,2023-07-09,1.0
330406041763572,raw/mapillary/budapest/images/330406041763572.jpg,47.472951,18.977671,HU,,budapest,mapillary,2019-11-23,1.0
133334885503662,raw/mapillary/budapest/images/133334885503662.jpg,47.530564,18.978774,HU,,budapest,mapillary,2018-11-05,1.0
8144434988977998,raw/mapillary/budapest/images/8144434988977998.jpg,47.510103,18.97761,HU,,budapest,mapillary,2024-09-01,1.0
747822784689623,raw/mapillary/budapest/images/747822784689623.jpg,47.53048,18.997725,HU,,budapest,mapillary,2025-09-05,1.0
490876552112365,raw/mapillary/budapest/images/490876552112365.jpg,47.49021,19.002254,HU,,budapest,mapillary,2018-08-27,1.0
1772094536857891,raw/mapillary/warsaw/images/1772094536857891.jpg,52.104173,21.090031,PL,,warsaw,mapillary,2025-01-25,1.0
776966823003321,raw/mapillary/budapest/images/776966823003321.jpg,47.480456,18.978012,HU,,budapest,mapillary,2019-08-11,1.0
2029171411276631,raw/mapillary/warsaw/images/2029171411276631.jpg,52.107771,20.932346,PL,,warsaw,mapillary,2026-03-01,1.0
1177553460020981,raw/mapillary/warsaw/images/1177553460020981.jpg,52.101988,21.037222,PL,,warsaw,mapillary,2024-09-12,1.0
1410793019674571,raw/mapillary/prague/images/1410793019674571.jpg,49.969342,14.385694,CZ,,prague,mapillary,2024-12-08,1.0
243602698564588,raw/mapillary/prague/images/243602698564588.jpg,49.96499,14.328645,CZ,,prague,mapillary,2023-07-09,1.0
739128303449048,raw/mapillary/budapest/images/739128303449048.jpg,47.486418,19.000521,HU,,budapest,mapillary,2018-08-21,1.0
1621662565367335,raw/mapillary/warsaw/images/1621662565367335.jpg,52.10767,20.932308,PL,,warsaw,mapillary,2025-06-12,1.0
364417411652138,raw/mapillary/budapest/images/364417411652138.jpg,47.477269,18.99037,HU,,budapest,mapillary,2016-03-19,1.0
302120144867325,raw/mapillary/budapest/images/302120144867325.jpg,47.520172,18.972702,HU,,budapest,mapillary,2020-03-30,1.0
1428946341889237,raw/mapillary/prague/images/1428946341889237.jpg,49.959207,14.632394,CZ,,prague,mapillary,2026-04-15,1.0
612336141113013,raw/mapillary/warsaw/images/612336141113013.jpg,52.101691,20.876045,PL,,warsaw,mapillary,2023-09-09,1.0
519215462431064,raw/mapillary/budapest/images/519215462431064.jpg,47.492167,18.979847,HU,,budapest,mapillary,2019-03-22,1.0
468102157752354,raw/mapillary/budapest/images/468102157752354.jpg,47.480053,18.978039,HU,,budapest,mapillary,2019-08-11,1.0
174746554550843,raw/mapillary/budapest/images/174746554550843.jpg,47.520071,18.973392,HU,,budapest,mapillary,2018-08-14,1.0
1280864652622733,raw/mapillary/warsaw/images/1280864652622733.jpg,52.103606,20.970356,PL,,warsaw,mapillary,2023-09-05,1.0
2926879597448001,raw/mapillary/prague/images/2926879597448001.jpg,49.967724,14.336244,CZ,,prague,mapillary,2023-07-09,1.0
271033561476951,raw/mapillary/budapest/images/271033561476951.jpg,47.520104,18.973248,HU,,budapest,mapillary,2020-03-15,1.0
171897775914181,raw/mapillary/budapest/images/171897775914181.jpg,47.499504,19.090238,HU,,budapest,mapillary,2023-10-19,1.0
249365333640731,raw/mapillary/prague/images/249365333640731.jpg,49.959475,14.63208,CZ,,prague,mapillary,2018-07-17,1.0
872003993380380,raw/mapillary/prague/images/872003993380380.jpg,49.957848,14.518396,CZ,,prague,mapillary,2015-11-07,1.0
1414692845554499,raw/mapillary/budapest/images/1414692845554499.jpg,47.477904,18.990042,HU,,budapest,mapillary,2020-11-05,1.0
271083624757470,raw/mapillary/budapest/images/271083624757470.jpg,47.520132,18.973087,HU,,budapest,mapillary,2018-08-14,1.0
654676992740590,raw/mapillary/warsaw/images/654676992740590.jpg,52.103166,20.970204,PL,,warsaw,mapillary,2022-09-24,1.0
503394537381930,raw/mapillary/budapest/images/503394537381930.jpg,47.490344,18.978792,HU,,budapest,mapillary,2017-11-01,1.0
2718955048360629,raw/mapillary/budapest/images/2718955048360629.jpg,47.480008,19.008245,HU,,budapest,mapillary,2018-08-27,1.0
3658135084463168,raw/mapillary/warsaw/images/3658135084463168.jpg,52.102297,21.018652,PL,,warsaw,mapillary,2024-01-27,1.0
3357968994448987,raw/mapillary/warsaw/images/3357968994448987.jpg,52.107677,20.932278,PL,,warsaw,mapillary,2022-07-29,1.0
2994510127540183,raw/mapillary/budapest/images/2994510127540183.jpg,47.493803,18.97946,HU,,budapest,mapillary,2019-03-22,1.0
206443077785579,raw/mapillary/budapest/images/206443077785579.jpg,47.474173,18.990404,HU,,budapest,mapillary,2018-08-20,1.0
701114423009754,raw/mapillary/warsaw/images/701114423009754.jpg,52.101851,20.877561,PL,,warsaw,mapillary,2025-07-25,1.0
1135674195145200,raw/mapillary/budapest/images/1135674195145200.jpg,47.530039,18.997366,HU,,budapest,mapillary,2025-09-05,1.0
652246633352153,raw/mapillary/warsaw/images/652246633352153.jpg,52.10187,20.878596,PL,,warsaw,mapillary,2023-09-09,1.0
3314859298659458,raw/mapillary/warsaw/images/3314859298659458.jpg,52.105973,21.020344,PL,,warsaw,mapillary,2023-09-07,1.0
175501881146666,raw/mapillary/budapest/images/175501881146666.jpg,47.474992,19.010222,HU,,budapest,mapillary,2019-10-07,1.0
2869306303318514,raw/mapillary/warsaw/images/2869306303318514.jpg,52.101205,20.868646,PL,,warsaw,mapillary,2017-03-01,1.0
1767426884084838,raw/mapillary/prague/images/1767426884084838.jpg,49.959566,14.63226,CZ,,prague,mapillary,2024-10-31,1.0
135159088606310,raw/mapillary/budapest/images/135159088606310.jpg,47.530589,18.978695,HU,,budapest,mapillary,2018-07-03,1.0
251467484711763,raw/mapillary/warsaw/images/251467484711763.jpg,52.107715,20.932283,PL,,warsaw,mapillary,2024-06-05,1.0
212358087072256,raw/mapillary/budapest/images/212358087072256.jpg,47.480308,18.980961,HU,,budapest,mapillary,2016-10-31,1.0
371334784309040,raw/mapillary/budapest/images/371334784309040.jpg,47.480398,18.978049,HU,,budapest,mapillary,2020-06-30,1.0
2981935768732569,raw/mapillary/budapest/images/2981935768732569.jpg,47.510076,18.978662,HU,,budapest,mapillary,2018-08-16,1.0
831420406171111,raw/mapillary/budapest/images/831420406171111.jpg,47.486494,19.000511,HU,,budapest,mapillary,2025-12-04,1.0
6662631630450860,raw/mapillary/warsaw/images/6662631630450860.jpg,52.101496,20.873331,PL,,warsaw,mapillary,2023-09-09,1.0
216915223246614,raw/mapillary/budapest/images/216915223246614.jpg,47.520022,18.973702,HU,,budapest,mapillary,2018-08-14,1.0
178364434172643,raw/mapillary/budapest/images/178364434172643.jpg,47.477073,18.990179,HU,,budapest,mapillary,2020-09-03,1.0
1020847149234801,raw/mapillary/warsaw/images/1020847149234801.jpg,52.102964,20.970183,PL,,warsaw,mapillary,2023-09-05,1.0
277209934087787,raw/mapillary/warsaw/images/277209934087787.jpg,52.105475,21.091575,PL,,warsaw,mapillary,2021-06-07,1.0
1149916688860610,raw/mapillary/warsaw/images/1149916688860610.jpg,52.101245,20.869361,PL,,warsaw,mapillary,2020-07-03,1.0
858207418371393,raw/mapillary/budapest/images/858207418371393.jpg,47.493815,18.979419,HU,,budapest,mapillary,2019-03-22,1.0
464473471299619,raw/mapillary/budapest/images/464473471299619.jpg,47.530306,18.987049,HU,,budapest,mapillary,2017-12-10,1.0
541590103911730,raw/mapillary/budapest/images/541590103911730.jpg,47.474856,19.010059,HU,,budapest,mapillary,2018-05-24,1.0
1405166254640635,raw/mapillary/prague/images/1405166254640635.jpg,49.951862,14.375188,CZ,,prague,mapillary,2026-01-12,1.0
1357380825139015,raw/mapillary/warsaw/images/1357380825139015.jpg,52.109761,20.996563,PL,,warsaw,mapillary,2024-01-27,1.0
1019335778599431,raw/mapillary/warsaw/images/1019335778599431.jpg,52.101958,20.880019,PL,,warsaw,mapillary,2019-11-03,1.0
158451176822517,raw/mapillary/warsaw/images/158451176822517.jpg,52.103481,20.970298,PL,,warsaw,mapillary,2022-09-24,1.0
514559603259438,raw/mapillary/budapest/images/514559603259438.jpg,47.479479,18.980063,HU,,budapest,mapillary,2018-09-18,1.0
1272501023151614,raw/mapillary/budapest/images/1272501023151614.jpg,47.52005,18.973507,HU,,budapest,mapillary,2018-08-08,1.0
931641934550886,raw/mapillary/warsaw/images/931641934550886.jpg,52.108877,21.033105,PL,,warsaw,mapillary,2024-01-27,1.0
1098479050562491,raw/mapillary/budapest/images/1098479050562491.jpg,47.477231,18.990476,HU,,budapest,mapillary,2016-03-19,1.0
1603227800458856,raw/mapillary/prague/images/1603227800458856.jpg,49.966765,14.338865,CZ,,prague,mapillary,2023-07-09,1.0
2781616085425218,raw/mapillary/budapest/images/2781616085425218.jpg,47.490147,18.979177,HU,,budapest,mapillary,2017-11-01,1.0
588598562116093,raw/mapillary/budapest/images/588598562116093.jpg,47.53014,18.986886,HU,,budapest,mapillary,2020-04-25,1.0
848599292674723,raw/mapillary/warsaw/images/848599292674723.jpg,52.101708,20.87648,PL,,warsaw,mapillary,2019-08-17,1.0
372028371839046,raw/mapillary/prague/images/372028371839046.jpg,49.958079,14.52899,CZ,,prague,mapillary,2022-10-26,1.0
1376530690712176,raw/mapillary/budapest/images/1376530690712176.jpg,47.499763,19.090118,HU,,budapest,mapillary,2025-09-24,1.0
1030968351571656,raw/mapillary/prague/images/1030968351571656.jpg,49.950692,14.39177,CZ,,prague,mapillary,2022-10-26,1.0
211776967132203,raw/mapillary/budapest/images/211776967132203.jpg,47.480351,18.980879,HU,,budapest,mapillary,2016-10-31,1.0
656246172004659,raw/mapillary/warsaw/images/656246172004659.jpg,52.100221,21.053936,PL,,warsaw,mapillary,2022-08-07,1.0
922341228563612,raw/mapillary/budapest/images/922341228563612.jpg,47.480166,19.008062,HU,,budapest,mapillary,2018-08-27,1.0
223391992880252,raw/mapillary/prague/images/223391992880252.jpg,49.952659,14.375773,CZ,,prague,mapillary,2016-11-08,1.0
483052266364063,raw/mapillary/prague/images/483052266364063.jpg,49.957218,14.464063,CZ,,prague,mapillary,2020-05-26,1.0
919115014128460,raw/mapillary/prague/images/919115014128460.jpg,49.969492,14.385414,CZ,,prague,mapillary,2026-02-01,1.0
1456785818005406,raw/mapillary/budapest/images/1456785818005406.jpg,47.478848,18.990748,HU,,budapest,mapillary,2018-10-14,1.0
663330295948025,raw/mapillary/prague/images/663330295948025.jpg,49.953719,14.535198,CZ,,prague,mapillary,2022-10-26,1.0
1909615563052191,raw/mapillary/warsaw/images/1909615563052191.jpg,52.107332,20.932108,PL,,warsaw,mapillary,2026-04-30,1.0
311350610378043,raw/mapillary/budapest/images/311350610378043.jpg,47.480313,18.98084,HU,,budapest,mapillary,2019-04-28,1.0
6917630958298238,raw/mapillary/warsaw/images/6917630958298238.jpg,52.10969,20.997045,PL,,warsaw,mapillary,2023-09-07,1.0
829739215134353,raw/mapillary/prague/images/829739215134353.jpg,49.95144,14.538631,CZ,,prague,mapillary,2023-08-21,1.0
610436101998781,raw/mapillary/warsaw/images/610436101998781.jpg,52.100144,21.0839,PL,,warsaw,mapillary,2025-01-25,1.0
1169173500220317,raw/mapillary/prague/images/1169173500220317.jpg,49.951005,14.518232,CZ,,prague,mapillary,2020-05-27,1.0
134342403092119,raw/mapillary/warsaw/images/134342403092119.jpg,52.101449,20.87262,PL,,warsaw,mapillary,2023-09-09,1.0
1430788004557066,raw/mapillary/warsaw/images/1430788004557066.jpg,52.103578,21.040254,PL,,warsaw,mapillary,2025-01-25,1.0
485441602572686,raw/mapillary/budapest/images/485441602572686.jpg,47.490028,18.979666,HU,,budapest,mapillary,2017-11-01,1.0
1457562258510768,raw/mapillary/warsaw/images/1457562258510768.jpg,52.104161,20.970903,PL,,warsaw,mapillary,2023-09-05,1.0
4136758866386353,raw/mapillary/budapest/images/4136758866386353.jpg,47.492328,18.979515,HU,,budapest,mapillary,2019-05-12,1.0
176734588649783,raw/mapillary/prague/images/176734588649783.jpg,49.956834,14.324332,CZ,,prague,mapillary,2023-07-09,1.0
9950474624967779,raw/mapillary/warsaw/images/9950474624967779.jpg,52.100518,21.084171,PL,,warsaw,mapillary,2025-01-25,1.0
1595436591054917,raw/mapillary/budapest/images/1595436591054917.jpg,47.542056,18.986199,HU,,budapest,mapillary,2024-11-03,1.0
256778859563574,raw/mapillary/warsaw/images/256778859563574.jpg,52.108568,20.980982,PL,,warsaw,mapillary,2020-06-30,1.0
147922097350868,raw/mapillary/budapest/images/147922097350868.jpg,47.530374,18.978893,HU,,budapest,mapillary,2020-03-02,1.0
1006071614646171,raw/mapillary/prague/images/1006071614646171.jpg,49.952497,14.609773,CZ,,prague,mapillary,2025-06-01,1.0
1266389565540137,raw/mapillary/prague/images/1266389565540137.jpg,49.955135,14.378423,CZ,,prague,mapillary,2026-01-12,1.0
304358024491909,raw/mapillary/budapest/images/304358024491909.jpg,47.480351,18.978038,HU,,budapest,mapillary,2019-08-11,1.0
1045784906123272,raw/mapillary/warsaw/images/1045784906123272.jpg,52.106858,21.055811,PL,,warsaw,mapillary,2022-08-07,1.0
797559162816392,raw/mapillary/budapest/images/797559162816392.jpg,47.530405,18.997688,HU,,budapest,mapillary,2025-09-05,1.0
1204957256958211,raw/mapillary/warsaw/images/1204957256958211.jpg,52.108713,21.056356,PL,,warsaw,mapillary,2022-08-07,1.0
131596882287705,raw/mapillary/budapest/images/131596882287705.jpg,47.479346,18.980127,HU,,budapest,mapillary,2018-09-18,1.0
1087184509729376,raw/mapillary/budapest/images/1087184509729376.jpg,47.510107,18.977901,HU,,budapest,mapillary,2024-10-05,1.0
744345451768473,raw/mapillary/prague/images/744345451768473.jpg,49.969632,14.385356,CZ,,prague,mapillary,2026-02-01,1.0
328027188670066,raw/mapillary/prague/images/328027188670066.jpg,49.95753,14.518224,CZ,,prague,mapillary,2020-05-27,1.0
1394086344807990,raw/mapillary/warsaw/images/1394086344807990.jpg,52.106326,20.96348,PL,,warsaw,mapillary,2024-01-27,1.0
151330610247545,raw/mapillary/warsaw/images/151330610247545.jpg,52.101841,20.877793,PL,,warsaw,mapillary,2017-03-01,1.0
3942235219347149,raw/mapillary/warsaw/images/3942235219347149.jpg,52.10475,21.093208,PL,,warsaw,mapillary,2025-01-25,1.0
1451424472973087,raw/mapillary/warsaw/images/1451424472973087.jpg,52.102336,21.018791,PL,,warsaw,mapillary,2025-07-05,1.0
7487010721351361,raw/mapillary/warsaw/images/7487010721351361.jpg,52.100213,20.853487,PL,,warsaw,mapillary,2024-01-24,1.0
1846855089202680,raw/mapillary/budapest/images/1846855089202680.jpg,47.530095,18.997448,HU,,budapest,mapillary,2025-09-05,1.0
1656046448238667,raw/mapillary/warsaw/images/1656046448238667.jpg,52.101465,20.872868,PL,,warsaw,mapillary,2023-09-09,1.0
1439943876900967,raw/mapillary/warsaw/images/1439943876900967.jpg,52.109083,21.042296,PL,,warsaw,mapillary,2024-01-27,1.0
381578318108775,raw/mapillary/prague/images/381578318108775.jpg,49.957239,14.603347,CZ,,prague,mapillary,2024-08-28,1.0
299498079788850,raw/mapillary/warsaw/images/299498079788850.jpg,52.104652,21.035545,PL,,warsaw,mapillary,2024-01-27,1.0
866231681625888,raw/mapillary/prague/images/866231681625888.jpg,49.950711,14.391766,CZ,,prague,mapillary,2022-10-26,1.0
547472562909486,raw/mapillary/prague/images/547472562909486.jpg,49.958718,14.519593,CZ,,prague,mapillary,2020-05-27,1.0
300582738266505,raw/mapillary/budapest/images/300582738266505.jpg,47.48039,18.978018,HU,,budapest,mapillary,2019-08-11,1.0
341115947358023,raw/mapillary/budapest/images/341115947358023.jpg,47.48563,19.010536,HU,,budapest,mapillary,2018-08-23,1.0
881290530458727,raw/mapillary/warsaw/images/881290530458727.jpg,52.109973,21.000534,PL,,warsaw,mapillary,2024-01-27,1.0
177722274300996,raw/mapillary/warsaw/images/177722274300996.jpg,52.104818,21.058058,PL,,warsaw,mapillary,2021-06-07,1.0
1156203382426392,raw/mapillary/warsaw/images/1156203382426392.jpg,52.106958,20.993343,PL,,warsaw,mapillary,2024-01-27,1.0
1389664738343284,raw/mapillary/warsaw/images/1389664738343284.jpg,52.104561,21.035431,PL,,warsaw,mapillary,2024-01-27,1.0
802662157058671,raw/mapillary/budapest/images/802662157058671.jpg,47.530133,18.986957,HU,,budapest,mapillary,2020-04-25,1.0
3233918726932178,raw/mapillary/warsaw/images/3233918726932178.jpg,52.101285,20.870178,PL,,warsaw,mapillary,2019-11-03,1.0
146567990783351,raw/mapillary/budapest/images/146567990783351.jpg,47.534221,19.000039,HU,,budapest,mapillary,2018-08-30,1.0
824353971507408,raw/mapillary/warsaw/images/824353971507408.jpg,52.101436,20.872823,PL,,warsaw,mapillary,2019-08-17,1.0
1019686579325519,raw/mapillary/warsaw/images/1019686579325519.jpg,52.103475,20.970642,PL,,warsaw,mapillary,2023-09-05,1.0
1274313090079447,raw/mapillary/warsaw/images/1274313090079447.jpg,52.101837,20.877987,PL,,warsaw,mapillary,2022-12-02,1.0
926131829767855,raw/mapillary/prague/images/926131829767855.jpg,49.953822,14.377033,CZ,,prague,mapillary,2026-01-12,1.0
4097516130463485,raw/mapillary/prague/images/4097516130463485.jpg,49.9543,14.377336,CZ,,prague,mapillary,2025-07-01,1.0
1039513727989767,raw/mapillary/warsaw/images/1039513727989767.jpg,52.101328,20.870218,PL,,warsaw,mapillary,2025-07-25,1.0
1162816761700110,raw/mapillary/budapest/images/1162816761700110.jpg,47.499663,19.090492,HU,,budapest,mapillary,2024-05-27,1.0
306713850944936,raw/mapillary/prague/images/306713850944936.jpg,49.959166,14.6324,CZ,,prague,mapillary,2016-10-09,1.0
1160260127809401,raw/mapillary/prague/images/1160260127809401.jpg,49.958281,14.518925,CZ,,prague,mapillary,2020-05-27,1.0
950377521124406,raw/mapillary/warsaw/images/950377521124406.jpg,52.107388,20.932133,PL,,warsaw,mapillary,2026-04-30,1.0
226705048816780,raw/mapillary/budapest/images/226705048816780.jpg,47.499644,19.090034,HU,,budapest,mapillary,2020-01-26,1.0
1411754843764758,raw/mapillary/warsaw/images/1411754843764758.jpg,52.10745,20.932202,PL,,warsaw,mapillary,2026-03-01,1.0
765375530787968,raw/mapillary/prague/images/765375530787968.jpg,49.959509,14.63201,CZ,,prague,mapillary,2017-12-01,1.0
576614360395883,raw/mapillary/prague/images/576614360395883.jpg,49.958495,14.462876,CZ,,prague,mapillary,2020-05-26,1.0
1283654566593732,raw/mapillary/warsaw/images/1283654566593732.jpg,52.107606,20.93223,PL,,warsaw,mapillary,2026-04-30,1.0
815949179128550,raw/mapillary/budapest/images/815949179128550.jpg,47.478197,18.974595,HU,,budapest,mapillary,2016-10-31,1.0
2845343772370316,raw/mapillary/budapest/images/2845343772370316.jpg,47.480973,18.980059,HU,,budapest,mapillary,2016-10-31,1.0
185687567968502,raw/mapillary/warsaw/images/185687567968502.jpg,52.107836,21.040331,PL,,warsaw,mapillary,2024-01-27,1.0
220067166218865,raw/mapillary/budapest/images/220067166218865.jpg,47.549491,18.974063,HU,,budapest,mapillary,2017-12-10,1.0
2325700941205937,raw/mapillary/prague/images/2325700941205937.jpg,49.96008,14.379395,CZ,,prague,mapillary,2026-01-12,1.0
177767890907878,raw/mapillary/budapest/images/177767890907878.jpg,47.478012,18.975186,HU,,budapest,mapillary,2018-09-29,1.0
1536487286554672,raw/mapillary/warsaw/images/1536487286554672.jpg,52.10493,21.057883,PL,,warsaw,mapillary,2021-06-07,1.0
486607272913607,raw/mapillary/warsaw/images/486607272913607.jpg,52.103231,20.970243,PL,,warsaw,mapillary,2022-09-01,1.0
2035438887263836,raw/mapillary/warsaw/images/2035438887263836.jpg,52.100236,20.855563,PL,,warsaw,mapillary,2025-07-25,1.0
663625528632567,raw/mapillary/prague/images/663625528632567.jpg,49.96533,14.328932,CZ,,prague,mapillary,2023-07-09,1.0
162107522459695,raw/mapillary/prague/images/162107522459695.jpg,49.952939,14.518017,CZ,,prague,mapillary,2020-05-27,1.0
1081442719044648,raw/mapillary/budapest/images/1081442719044648.jpg,47.486394,19.000392,HU,,budapest,mapillary,2018-09-16,1.0
726156192228368,raw/mapillary/budapest/images/726156192228368.jpg,47.530069,18.983592,HU,,budapest,mapillary,2023-11-20,1.0
1261880952661687,raw/mapillary/prague/images/1261880952661687.jpg,49.967906,14.385503,CZ,,prague,mapillary,2026-02-01,1.0
484751226136555,raw/mapillary/prague/images/484751226136555.jpg,49.951117,14.518228,CZ,,prague,mapillary,2020-05-27,1.0
274359931101170,raw/mapillary/prague/images/274359931101170.jpg,49.959765,14.461994,CZ,,prague,mapillary,2020-05-26,1.0
818690329032528,raw/mapillary/budapest/images/818690329032528.jpg,47.520117,18.973163,HU,,budapest,mapillary,2018-08-14,1.0
763393091203519,raw/mapillary/budapest/images/763393091203519.jpg,47.532546,18.990121,HU,,budapest,mapillary,2018-01-31,1.0
151695036966662,raw/mapillary/budapest/images/151695036966662.jpg,47.530237,18.979026,HU,,budapest,mapillary,2019-05-13,1.0
3645857362319194,raw/mapillary/prague/images/3645857362319194.jpg,49.95393,14.376971,CZ,,prague,mapillary,2019-04-12,1.0
557588001894021,raw/mapillary/prague/images/557588001894021.jpg,49.955852,14.381703,CZ,,prague,mapillary,2016-04-13,1.0
759057652392632,raw/mapillary/warsaw/images/759057652392632.jpg,52.100936,20.960915,PL,,warsaw,mapillary,2024-01-27,1.0
1454845042636299,raw/mapillary/warsaw/images/1454845042636299.jpg,52.102364,21.018789,PL,,warsaw,mapillary,2025-07-05,1.0
1468654046811769,raw/mapillary/budapest/images/1468654046811769.jpg,47.490181,18.979066,HU,,budapest,mapillary,2017-11-01,1.0
1820350975066238,raw/mapillary/warsaw/images/1820350975066238.jpg,52.108905,21.033109,PL,,warsaw,mapillary,2024-01-27,1.0
320556390386135,raw/mapillary/warsaw/images/320556390386135.jpg,52.10099,20.960944,PL,,warsaw,mapillary,2024-01-27,1.0
751735552174948,raw/mapillary/budapest/images/751735552174948.jpg,47.478667,18.980645,HU,,budapest,mapillary,2018-09-18,1.0
26315765218093248,raw/mapillary/prague/images/26315765218093248.jpg,49.95403,14.377091,CZ,,prague,mapillary,2026-04-03,1.0
274319720829343,raw/mapillary/prague/images/274319720829343.jpg,49.958373,14.322488,CZ,,prague,mapillary,2016-12-31,1.0
411244398029150,raw/mapillary/warsaw/images/411244398029150.jpg,52.107731,21.04031,PL,,warsaw,mapillary,2024-01-27,1.0
592857411674813,raw/mapillary/warsaw/images/592857411674813.jpg,52.108921,20.981535,PL,,warsaw,mapillary,2020-06-30,1.0
465243236154943,raw/mapillary/warsaw/images/465243236154943.jpg,52.107798,20.932319,PL,,warsaw,mapillary,2024-06-05,1.0
152512466818351,raw/mapillary/prague/images/152512466818351.jpg,49.962616,14.380951,CZ,,prague,mapillary,2016-04-13,1.0
1280028160577098,raw/mapillary/warsaw/images/1280028160577098.jpg,52.101527,20.872827,PL,,warsaw,mapillary,2025-07-25,1.0
24505729895786019,raw/mapillary/budapest/images/24505729895786019.jpg,47.49976,19.090607,HU,,budapest,mapillary,2025-09-24,1.0
2617906698367357,raw/mapillary/warsaw/images/2617906698367357.jpg,52.109737,20.996551,PL,,warsaw,mapillary,2023-09-07,1.0
148518057242591,raw/mapillary/budapest/images/148518057242591.jpg,47.520123,18.973096,HU,,budapest,mapillary,2018-08-08,1.0
1318524832893347,raw/mapillary/budapest/images/1318524832893347.jpg,47.541997,18.986328,HU,,budapest,mapillary,2024-11-03,1.0
764782514182517,raw/mapillary/budapest/images/764782514182517.jpg,47.480286,18.970651,HU,,budapest,mapillary,2020-06-30,1.0
1105295249937229,raw/mapillary/budapest/images/1105295249937229.jpg,47.520003,18.973832,HU,,budapest,mapillary,2018-08-14,1.0
317336953292704,raw/mapillary/warsaw/images/317336953292704.jpg,52.100287,20.855548,PL,,warsaw,mapillary,2017-03-01,1.0
356326844010186,raw/mapillary/warsaw/images/356326844010186.jpg,52.104261,21.035178,PL,,warsaw,mapillary,2024-01-27,1.0
798152242539288,raw/mapillary/budapest/images/798152242539288.jpg,47.530084,18.997411,HU,,budapest,mapillary,2025-09-05,1.0
178715867480689,raw/mapillary/warsaw/images/178715867480689.jpg,52.107442,20.932227,PL,,warsaw,mapillary,2020-01-04,1.0
289667086186020,raw/mapillary/prague/images/289667086186020.jpg,49.958293,14.322392,CZ,,prague,mapillary,2016-12-31,1.0
1420769845104185,raw/mapillary/warsaw/images/1420769845104185.jpg,52.108725,21.056188,PL,,warsaw,mapillary,2022-08-07,1.0
263876006641063,raw/mapillary/prague/images/263876006641063.jpg,49.951688,14.391704,CZ,,prague,mapillary,2022-10-26,1.0
911814551116714,raw/mapillary/warsaw/images/911814551116714.jpg,52.103051,21.038893,PL,,warsaw,mapillary,2025-01-25,1.0
3476242729344085,raw/mapillary/warsaw/images/3476242729344085.jpg,52.10017,21.083983,PL,,warsaw,mapillary,2025-01-25,1.0
206286381066272,raw/mapillary/budapest/images/206286381066272.jpg,47.534665,18.990748,HU,,budapest,mapillary,2016-04-10,1.0
1120596256001041,raw/mapillary/warsaw/images/1120596256001041.jpg,52.103672,21.040033,PL,,warsaw,mapillary,2025-01-25,1.0
527077331626517,raw/mapillary/budapest/images/527077331626517.jpg,47.480017,18.972235,HU,,budapest,mapillary,2020-06-30,1.0
295605950099499,raw/mapillary/prague/images/295605950099499.jpg,49.951668,14.391703,CZ,,prague,mapillary,2022-10-26,1.0
1522837928259295,raw/mapillary/warsaw/images/1522837928259295.jpg,52.103855,20.970439,PL,,warsaw,mapillary,2023-09-05,1.0
344345964760635,raw/mapillary/prague/images/344345964760635.jpg,49.95835,14.3932,CZ,,prague,mapillary,2022-10-26,1.0
177807844239193,raw/mapillary/budapest/images/177807844239193.jpg,47.53033,18.978974,HU,,budapest,mapillary,2020-04-09,1.0
180830368436872,raw/mapillary/warsaw/images/180830368436872.jpg,52.103135,20.97022,PL,,warsaw,mapillary,2023-09-05,1.0
363791938408963,raw/mapillary/budapest/images/363791938408963.jpg,47.532538,18.990076,HU,,budapest,mapillary,2018-01-31,1.0
285455917882706,raw/mapillary/warsaw/images/285455917882706.jpg,52.10679,20.993358,PL,,warsaw,mapillary,2024-01-27,1.0
2928018150858190,raw/mapillary/budapest/images/2928018150858190.jpg,47.520117,18.973163,HU,,budapest,mapillary,2018-08-14,1.0
258139192767923,raw/mapillary/prague/images/258139192767923.jpg,49.959258,14.632251,CZ,,prague,mapillary,2019-06-24,1.0
3303100106528686,raw/mapillary/warsaw/images/3303100106528686.jpg,52.107804,20.932311,PL,,warsaw,mapillary,2026-04-30,1.0
1558464411615339,raw/mapillary/warsaw/images/1558464411615339.jpg,52.103992,20.970859,PL,,warsaw,mapillary,2023-09-07,1.0
1386994815252135,raw/mapillary/warsaw/images/1386994815252135.jpg,52.101434,20.873273,PL,,warsaw,mapillary,2024-01-24,1.0
1796983327893025,raw/mapillary/warsaw/images/1796983327893025.jpg,52.101238,20.868935,PL,,warsaw,mapillary,2025-07-25,1.0
1373003383792509,raw/mapillary/warsaw/images/1373003383792509.jpg,52.101416,20.871266,PL,,warsaw,mapillary,2025-07-25,1.0
486761486091921,raw/mapillary/budapest/images/486761486091921.jpg,47.480496,18.980657,HU,,budapest,mapillary,2016-10-31,1.0
932542505611044,raw/mapillary/warsaw/images/932542505611044.jpg,52.103266,21.040971,PL,,warsaw,mapillary,2025-01-25,1.0
204504261902182,raw/mapillary/warsaw/images/204504261902182.jpg,52.109091,21.055863,PL,,warsaw,mapillary,2022-08-07,1.0
460121871883187,raw/mapillary/budapest/images/460121871883187.jpg,47.530229,18.987055,HU,,budapest,mapillary,2020-04-25,1.0
452388742516141,raw/mapillary/budapest/images/452388742516141.jpg,47.48034,18.980904,HU,,budapest,mapillary,2016-10-31,1.0
3026346984265598,raw/mapillary/prague/images/3026346984265598.jpg,49.95666,14.517856,CZ,,prague,mapillary,2020-05-27,1.0
626755686414459,raw/mapillary/warsaw/images/626755686414459.jpg,52.10361,21.040177,PL,,warsaw,mapillary,2025-01-25,1.0
984691785674954,raw/mapillary/prague/images/984691785674954.jpg,49.96974,14.337072,CZ,,prague,mapillary,2016-10-09,1.0
582944103098618,raw/mapillary/budapest/images/582944103098618.jpg,47.471996,18.978805,HU,,budapest,mapillary,2019-11-23,1.0
403898335353318,raw/mapillary/warsaw/images/403898335353318.jpg,52.107776,21.040241,PL,,warsaw,mapillary,2024-01-27,1.0
960544994702031,raw/mapillary/budapest/images/960544994702031.jpg,47.51009,18.978326,HU,,budapest,mapillary,2020-10-22,1.0
124931049719949,raw/mapillary/budapest/images/124931049719949.jpg,47.47,19.0,HU,,budapest,mapillary,2021-06-08,1.0
108362134811799,raw/mapillary/warsaw/images/108362134811799.jpg,52.107746,21.090396,PL,,warsaw,mapillary,2021-06-07,1.0
508664530264796,raw/mapillary/budapest/images/508664530264796.jpg,47.48042,18.978012,HU,,budapest,mapillary,2019-08-11,1.0
5308614695884504,raw/mapillary/warsaw/images/5308614695884504.jpg,52.104163,21.054853,PL,,warsaw,mapillary,2022-08-07,1.0
308904890772895,raw/mapillary/prague/images/308904890772895.jpg,49.95414,14.320129,CZ,,prague,mapillary,2016-12-31,1.0
387421780497604,raw/mapillary/warsaw/images/387421780497604.jpg,52.102846,21.038945,PL,,warsaw,mapillary,2024-01-27,1.0
639506981991540,raw/mapillary/warsaw/images/639506981991540.jpg,52.104224,21.090054,PL,,warsaw,mapillary,2025-01-25,1.0
350864627436973,raw/mapillary/prague/images/350864627436973.jpg,49.953263,14.391967,CZ,,prague,mapillary,2022-10-26,1.0
466246147801143,raw/mapillary/warsaw/images/466246147801143.jpg,52.100107,20.853231,PL,,warsaw,mapillary,2017-03-01,1.0
309307977571011,raw/mapillary/prague/images/309307977571011.jpg,49.964121,14.326315,CZ,,prague,mapillary,2016-10-09,1.0
901737207035822,raw/mapillary/prague/images/901737207035822.jpg,49.959625,14.632171,CZ,,prague,mapillary,2018-09-09,1.0
1248679333386420,raw/mapillary/warsaw/images/1248679333386420.jpg,52.101962,20.880041,PL,,warsaw,mapillary,2025-07-23,1.0
2238739619654763,raw/mapillary/budapest/images/2238739619654763.jpg,47.540267,18.970466,HU,,budapest,mapillary,2023-06-02,1.0
1146924577047488,raw/mapillary/warsaw/images/1146924577047488.jpg,52.104518,21.091103,PL,,warsaw,mapillary,2025-01-25,1.0
592641086276065,raw/mapillary/prague/images/592641086276065.jpg,49.965466,14.329128,CZ,,prague,mapillary,2023-07-09,1.0
467869424269925,raw/mapillary/budapest/images/467869424269925.jpg,47.486416,19.000641,HU,,budapest,mapillary,2018-08-21,1.0
503988067616919,raw/mapillary/warsaw/images/503988067616919.jpg,52.101847,20.878447,PL,,warsaw,mapillary,2019-11-03,1.0
262632182315638,raw/mapillary/budapest/images/262632182315638.jpg,47.499665,19.090409,HU,,budapest,mapillary,2019-04-28,1.0
475913035282946,raw/mapillary/budapest/images/475913035282946.jpg,47.510236,18.976746,HU,,budapest,mapillary,2024-09-01,1.0
2848575605456271,raw/mapillary/prague/images/2848575605456271.jpg,49.958344,14.519008,CZ,,prague,mapillary,2020-05-27,1.0
309325475329288,raw/mapillary/budapest/images/309325475329288.jpg,47.530017,18.983579,HU,,budapest,mapillary,2023-11-20,1.0
1388187335152049,raw/mapillary/warsaw/images/1388187335152049.jpg,52.104082,21.035051,PL,,warsaw,mapillary,2024-01-27,1.0
1523930351504362,raw/mapillary/warsaw/images/1523930351504362.jpg,52.104129,20.970915,PL,,warsaw,mapillary,2024-02-18,1.0
183049720342717,raw/mapillary/prague/images/183049720342717.jpg,49.952512,14.375654,CZ,,prague,mapillary,2016-11-08,1.0
645828660476277,raw/mapillary/budapest/images/645828660476277.jpg,47.530436,18.983464,HU,,budapest,mapillary,2023-06-02,1.0
1383084069583930,raw/mapillary/warsaw/images/1383084069583930.jpg,52.103991,20.970841,PL,,warsaw,mapillary,2026-01-10,1.0
840398232303402,raw/mapillary/budapest/images/840398232303402.jpg,47.486667,19.000747,HU,,budapest,mapillary,2025-12-04,1.0
1779952485518248,raw/mapillary/budapest/images/1779952485518248.jpg,47.530255,18.987085,HU,,budapest,mapillary,2020-04-25,1.0
322973977403085,raw/mapillary/warsaw/images/322973977403085.jpg,52.107958,21.040513,PL,,warsaw,mapillary,2024-01-27,1.0
528459554959061,raw/mapillary/budapest/images/528459554959061.jpg,47.470038,18.979705,HU,,budapest,mapillary,2021-04-27,1.0
1189143012176982,raw/mapillary/budapest/images/1189143012176982.jpg,47.541515,18.986129,HU,,budapest,mapillary,2024-11-03,1.0
1272287047669350,raw/mapillary/warsaw/images/1272287047669350.jpg,52.101288,20.869699,PL,,warsaw,mapillary,2025-07-25,1.0
1695905780799946,raw/mapillary/budapest/images/1695905780799946.jpg,47.53039,18.978865,HU,,budapest,mapillary,2019-06-01,1.0
1073942157131864,raw/mapillary/prague/images/1073942157131864.jpg,49.959358,14.39389,CZ,,prague,mapillary,2022-10-26,1.0
538155964992614,raw/mapillary/budapest/images/538155964992614.jpg,47.520121,18.972909,HU,,budapest,mapillary,2023-05-31,1.0
426179846409609,raw/mapillary/warsaw/images/426179846409609.jpg,52.106096,21.020103,PL,,warsaw,mapillary,2024-01-27,1.0
1412192395810437,raw/mapillary/warsaw/images/1412192395810437.jpg,52.101349,20.870408,PL,,warsaw,mapillary,2017-03-01,1.0
482042280310763,raw/mapillary/warsaw/images/482042280310763.jpg,52.10304,20.970176,PL,,warsaw,mapillary,2022-09-24,1.0
427799475964625,raw/mapillary/warsaw/images/427799475964625.jpg,52.108441,21.057036,PL,,warsaw,mapillary,2022-08-07,1.0
525513385191607,raw/mapillary/warsaw/images/525513385191607.jpg,52.107617,20.932316,PL,,warsaw,mapillary,2021-05-03,1.0
236331514949252,raw/mapillary/budapest/images/236331514949252.jpg,47.480479,18.9806,HU,,budapest,mapillary,2018-10-06,1.0
2886629764882886,raw/mapillary/warsaw/images/2886629764882886.jpg,52.105623,21.056503,PL,,warsaw,mapillary,2021-06-07,1.0
396728339682788,raw/mapillary/warsaw/images/396728339682788.jpg,52.100268,20.854132,PL,,warsaw,mapillary,2024-01-24,1.0
676139133188990,raw/mapillary/prague/images/676139133188990.jpg,49.960711,14.324756,CZ,,prague,mapillary,2016-10-09,1.0
494491642266631,raw/mapillary/warsaw/images/494491642266631.jpg,52.103323,20.970253,PL,,warsaw,mapillary,2022-09-24,1.0
327649249596776,raw/mapillary/prague/images/327649249596776.jpg,49.959498,14.323911,CZ,,prague,mapillary,2023-07-09,1.0
401211925580400,raw/mapillary/warsaw/images/401211925580400.jpg,52.100259,20.85614,PL,,warsaw,mapillary,2024-01-08,1.0
683778657250306,raw/mapillary/warsaw/images/683778657250306.jpg,52.106706,20.963664,PL,,warsaw,mapillary,2024-01-27,1.0
1257868092010403,raw/mapillary/budapest/images/1257868092010403.jpg,47.541756,18.986297,HU,,budapest,mapillary,2024-11-03,1.0
1038172137221419,raw/mapillary/warsaw/images/1038172137221419.jpg,52.109993,21.001227,PL,,warsaw,mapillary,2023-09-07,1.0
796549377909084,raw/mapillary/budapest/images/796549377909084.jpg,47.520124,18.973143,HU,,budapest,mapillary,2018-08-06,1.0
181170881073431,raw/mapillary/warsaw/images/181170881073431.jpg,52.103071,20.970186,PL,,warsaw,mapillary,2022-09-24,1.0
1647214292446906,raw/mapillary/prague/images/1647214292446906.jpg,49.96785,14.335089,CZ,,prague,mapillary,2023-07-09,1.0
192243266097510,raw/mapillary/prague/images/192243266097510.jpg,49.950684,14.468901,CZ,,prague,mapillary,2020-05-26,1.0
886785542794281,raw/mapillary/warsaw/images/886785542794281.jpg,52.103357,20.970281,PL,,warsaw,mapillary,2023-09-05,1.0
1095857954157970,raw/mapillary/budapest/images/1095857954157970.jpg,47.474452,18.990797,HU,,budapest,mapillary,2017-04-09,1.0
997877298317059,raw/mapillary/prague/images/997877298317059.jpg,49.966636,14.339283,CZ,,prague,mapillary,2023-07-09,1.0
769313217103704,raw/mapillary/budapest/images/769313217103704.jpg,47.477012,18.990681,HU,,budapest,mapillary,2016-03-19,1.0
153928443360470,raw/mapillary/budapest/images/153928443360470.jpg,47.480005,19.014529,HU,,budapest,mapillary,2021-02-02,1.0
463181744980150,raw/mapillary/budapest/images/463181744980150.jpg,47.490164,18.979227,HU,,budapest,mapillary,2019-11-01,1.0
315995100080501,raw/mapillary/prague/images/315995100080501.jpg,49.957491,14.518199,CZ,,prague,mapillary,2020-05-27,1.0
334187209475717,raw/mapillary/warsaw/images/334187209475717.jpg,52.103589,20.970361,PL,,warsaw,mapillary,2023-12-18,1.0
292121489281882,raw/mapillary/budapest/images/292121489281882.jpg,47.520148,18.973011,HU,,budapest,mapillary,2018-08-14,1.0
180356734011021,raw/mapillary/prague/images/180356734011021.jpg,49.953952,14.319913,CZ,,prague,mapillary,2016-12-31,1.0
1016451113654802,raw/mapillary/warsaw/images/1016451113654802.jpg,52.104149,21.089948,PL,,warsaw,mapillary,2025-01-25,1.0
336530354539952,raw/mapillary/warsaw/images/336530354539952.jpg,52.101083,20.866673,PL,,warsaw,mapillary,2020-07-03,1.0
2341872162989772,raw/mapillary/prague/images/2341872162989772.jpg,49.959561,14.632185,CZ,,prague,mapillary,2026-04-15,1.0
836714289324534,raw/mapillary/warsaw/images/836714289324534.jpg,52.102266,21.01885,PL,,warsaw,mapillary,2025-11-22,1.0
2060679110991854,raw/mapillary/warsaw/images/2060679110991854.jpg,52.103624,21.040085,PL,,warsaw,mapillary,2024-01-27,1.0
299062658356031,raw/mapillary/budapest/images/299062658356031.jpg,47.480228,18.978088,HU,,budapest,mapillary,2020-06-30,1.0
1401664854439463,raw/mapillary/warsaw/images/1401664854439463.jpg,52.1015,20.872597,PL,,warsaw,mapillary,2025-07-25,1.0
1500485354238962,raw/mapillary/warsaw/images/1500485354238962.jpg,52.109183,21.033151,PL,,warsaw,mapillary,2024-01-27,1.0
1363309574069523,raw/mapillary/prague/images/1363309574069523.jpg,49.958744,14.519641,CZ,,prague,mapillary,2020-05-27,1.0
278216970713114,raw/mapillary/budapest/images/278216970713114.jpg,47.493585,18.979943,HU,,budapest,mapillary,2019-05-12,1.0
1463879307778030,raw/mapillary/prague/images/1463879307778030.jpg,49.958836,14.323626,CZ,,prague,mapillary,2023-07-09,1.0
933633920793500,raw/mapillary/prague/images/933633920793500.jpg,49.950333,14.518504,CZ,,prague,mapillary,2020-05-27,1.0
2895073917295024,raw/mapillary/warsaw/images/2895073917295024.jpg,52.101853,20.878316,PL,,warsaw,mapillary,2023-09-09,1.0
1098868362031951,raw/mapillary/warsaw/images/1098868362031951.jpg,52.100279,21.083995,PL,,warsaw,mapillary,2025-01-25,1.0
1132839294812073,raw/mapillary/warsaw/images/1132839294812073.jpg,52.109983,21.000779,PL,,warsaw,mapillary,2024-01-27,1.0
911465049584180,raw/mapillary/prague/images/911465049584180.jpg,49.957311,14.463972,CZ,,prague,mapillary,2020-05-26,1.0
318800974045022,raw/mapillary/prague/images/318800974045022.jpg,49.95825,14.528911,CZ,,prague,mapillary,2023-08-21,1.0
1658398971324557,raw/mapillary/prague/images/1658398971324557.jpg,49.966402,14.340056,CZ,,prague,mapillary,2023-07-09,1.0
325597255674341,raw/mapillary/budapest/images/325597255674341.jpg,47.490109,19.002371,HU,,budapest,mapillary,2017-05-05,1.0
219749042822605,raw/mapillary/budapest/images/219749042822605.jpg,47.486441,19.0004,HU,,budapest,mapillary,2018-06-20,1.0
1103814350222687,raw/mapillary/warsaw/images/1103814350222687.jpg,52.103774,20.970405,PL,,warsaw,mapillary,2022-08-31,1.0
2954559848158678,raw/mapillary/budapest/images/2954559848158678.jpg,47.470018,18.979677,HU,,budapest,mapillary,2021-04-27,1.0
1201065520589092,raw/mapillary/warsaw/images/1201065520589092.jpg,52.105671,21.035201,PL,,warsaw,mapillary,2023-07-07,1.0
190159040080711,raw/mapillary/warsaw/images/190159040080711.jpg,52.102945,20.970157,PL,,warsaw,mapillary,2022-09-24,1.0
1244950099527056,raw/mapillary/warsaw/images/1244950099527056.jpg,52.101099,20.868197,PL,,warsaw,mapillary,2023-09-09,1.0
1215765725524397,raw/mapillary/budapest/images/1215765725524397.jpg,47.520085,18.973315,HU,,budapest,mapillary,2018-08-14,1.0
1055661859591491,raw/mapillary/budapest/images/1055661859591491.jpg,47.541596,18.98618,HU,,budapest,mapillary,2024-11-03,1.0
461508474943308,raw/mapillary/budapest/images/461508474943308.jpg,47.490335,19.002321,HU,,budapest,mapillary,2017-05-05,1.0
2063718920747139,raw/mapillary/budapest/images/2063718920747139.jpg,47.54177,18.986258,HU,,budapest,mapillary,2024-11-03,1.0
220897443086756,raw/mapillary/prague/images/220897443086756.jpg,49.953818,14.376979,CZ,,prague,mapillary,2019-04-12,1.0
1483092662533333,raw/mapillary/prague/images/1483092662533333.jpg,49.957883,14.529165,CZ,,prague,mapillary,2022-10-26,1.0
402485419110869,raw/mapillary/warsaw/images/402485419110869.jpg,52.101197,20.870332,PL,,warsaw,mapillary,2024-01-24,1.0
297738579829658,raw/mapillary/prague/images/297738579829658.jpg,49.952245,14.537444,CZ,,prague,mapillary,2022-10-26,1.0
1854472185483829,raw/mapillary/budapest/images/1854472185483829.jpg,47.499762,19.090362,HU,,budapest,mapillary,2025-09-24,1.0
308928780609995,raw/mapillary/prague/images/308928780609995.jpg,49.954749,14.378017,CZ,,prague,mapillary,2017-10-19,1.0
326427445515408,raw/mapillary/prague/images/326427445515408.jpg,49.951406,14.5386,CZ,,prague,mapillary,2016-09-07,1.0
280926513708502,raw/mapillary/budapest/images/280926513708502.jpg,47.472301,18.990003,HU,,budapest,mapillary,2017-01-08,1.0
1956524295104460,raw/mapillary/budapest/images/1956524295104460.jpg,47.499764,19.090036,HU,,budapest,mapillary,2025-09-24,1.0
1181015559092953,raw/mapillary/warsaw/images/1181015559092953.jpg,52.101778,20.877545,PL,,warsaw,mapillary,2019-08-17,1.0
223113722573304,raw/mapillary/budapest/images/223113722573304.jpg,47.530131,18.986972,HU,,budapest,mapillary,2020-04-25,1.0
258066139432654,raw/mapillary/prague/images/258066139432654.jpg,49.959854,14.522807,CZ,,prague,mapillary,2020-05-27,1.0
285663953037838,raw/mapillary/budapest/images/285663953037838.jpg,47.480784,18.980276,HU,,budapest,mapillary,2018-10-14,1.0
762548287958773,raw/mapillary/budapest/images/762548287958773.jpg,47.474163,18.990392,HU,,budapest,mapillary,2017-05-13,1.0
3726089817520129,raw/mapillary/budapest/images/3726089817520129.jpg,47.480212,19.007883,HU,,budapest,mapillary,2018-08-27,1.0
973964753853841,raw/mapillary/prague/images/973964753853841.jpg,49.966535,14.33951,CZ,,prague,mapillary,2023-07-09,1.0
1836665536520094,raw/mapillary/prague/images/1836665536520094.jpg,49.952983,14.518015,CZ,,prague,mapillary,2020-05-27,1.0
157213086421182,raw/mapillary/prague/images/157213086421182.jpg,49.957649,14.518308,CZ,,prague,mapillary,2020-05-27,1.0
331256318472873,raw/mapillary/prague/images/331256318472873.jpg,49.953758,14.535119,CZ,,prague,mapillary,2016-10-01,1.0
924188881665103,raw/mapillary/budapest/images/924188881665103.jpg,47.485678,19.01061,HU,,budapest,mapillary,2016-03-19,1.0
3951714581548981,raw/mapillary/warsaw/images/3951714581548981.jpg,52.106583,21.051883,PL,,warsaw,mapillary,2021-06-07,1.0
3902688166445885,raw/mapillary/prague/images/3902688166445885.jpg,49.959716,14.522292,CZ,,prague,mapillary,2015-11-14,1.0
1212798840862297,raw/mapillary/warsaw/images/1212798840862297.jpg,52.101968,20.878942,PL,,warsaw,mapillary,2025-07-25,1.0
122885676486384,raw/mapillary/budapest/images/122885676486384.jpg,47.520045,18.973547,HU,,budapest,mapillary,2018-08-14,1.0
3662862120649392,raw/mapillary/prague/images/3662862120649392.jpg,49.958137,14.393072,CZ,,prague,mapillary,2022-10-26,1.0
1360398304329734,raw/mapillary/prague/images/1360398304329734.jpg,49.959293,14.521037,CZ,,prague,mapillary,2020-05-27,1.0
707158024798233,raw/mapillary/prague/images/707158024798233.jpg,49.951246,14.391707,CZ,,prague,mapillary,2022-10-26,1.0
1607651002762111,raw/mapillary/budapest/images/1607651002762111.jpg,47.544785,18.976775,HU,,budapest,mapillary,2020-11-18,1.0
259904303454586,raw/mapillary/prague/images/259904303454586.jpg,49.95196,14.329022,CZ,,prague,mapillary,2023-07-09,1.0
135350218628038,raw/mapillary/budapest/images/135350218628038.jpg,47.530291,19.01606,HU,,budapest,mapillary,2020-04-11,1.0
360382189894297,raw/mapillary/warsaw/images/360382189894297.jpg,52.105973,21.020122,PL,,warsaw,mapillary,2023-09-07,1.0
501613707550116,raw/mapillary/prague/images/501613707550116.jpg,49.95922,14.52081,CZ,,prague,mapillary,2020-05-27,1.0
932860047255938,raw/mapillary/budapest/images/932860047255938.jpg,47.480036,19.008476,HU,,budapest,mapillary,2018-08-27,1.0
1909466693123143,raw/mapillary/warsaw/images/1909466693123143.jpg,52.107641,20.932294,PL,,warsaw,mapillary,2025-06-12,1.0
1770351920139803,raw/mapillary/warsaw/images/1770351920139803.jpg,52.106192,21.020178,PL,,warsaw,mapillary,2024-01-27,1.0
999327944836296,raw/mapillary/warsaw/images/999327944836296.jpg,52.109731,20.996595,PL,,warsaw,mapillary,2023-09-07,1.0
318471232981307,raw/mapillary/prague/images/318471232981307.jpg,49.953735,14.319652,CZ,,prague,mapillary,2016-10-09,1.0
202881264892504,raw/mapillary/warsaw/images/202881264892504.jpg,52.101925,20.878956,PL,,warsaw,mapillary,2017-03-01,1.0
2025604724245026,raw/mapillary/budapest/images/2025604724245026.jpg,47.54028,18.970608,HU,,budapest,mapillary,2017-04-16,1.0
1112523610725124,raw/mapillary/warsaw/images/1112523610725124.jpg,52.101213,20.868657,PL,,warsaw,mapillary,2025-07-25,1.0
1002497575032848,raw/mapillary/warsaw/images/1002497575032848.jpg,52.104727,21.093447,PL,,warsaw,mapillary,2025-01-25,1.0
955488582206441,raw/mapillary/prague/images/955488582206441.jpg,49.955593,14.325444,CZ,,prague,mapillary,2023-07-09,1.0
687252777811155,raw/mapillary/warsaw/images/687252777811155.jpg,52.10153,20.872746,PL,,warsaw,mapillary,2025-07-25,1.0
1283833432240084,raw/mapillary/prague/images/1283833432240084.jpg,49.958494,14.323657,CZ,,prague,mapillary,2023-07-09,1.0
1570972050644026,raw/mapillary/prague/images/1570972050644026.jpg,49.954197,14.377289,CZ,,prague,mapillary,2026-04-03,1.0
837041304194463,raw/mapillary/prague/images/837041304194463.jpg,49.96769,14.334115,CZ,,prague,mapillary,2023-07-09,1.0
1359262891348164,raw/mapillary/prague/images/1359262891348164.jpg,49.959744,14.527307,CZ,,prague,mapillary,2022-10-26,1.0
1090034865358488,raw/mapillary/budapest/images/1090034865358488.jpg,47.541485,18.986182,HU,,budapest,mapillary,2024-11-03,1.0
1681404575390675,raw/mapillary/budapest/images/1681404575390675.jpg,47.520058,18.973455,HU,,budapest,mapillary,2018-08-08,1.0
308408590737492,raw/mapillary/prague/images/308408590737492.jpg,49.959236,14.632388,CZ,,prague,mapillary,2019-10-11,1.0
160457782753203,raw/mapillary/budapest/images/160457782753203.jpg,47.480261,18.970781,HU,,budapest,mapillary,2020-06-30,1.0
142029984494727,raw/mapillary/budapest/images/142029984494727.jpg,47.520197,18.972677,HU,,budapest,mapillary,2018-08-06,1.0
2105501926478006,raw/mapillary/warsaw/images/2105501926478006.jpg,52.108681,21.03288,PL,,warsaw,mapillary,2024-01-27,1.0
1245916059751925,raw/mapillary/warsaw/images/1245916059751925.jpg,52.103532,20.97067,PL,,warsaw,mapillary,2024-09-19,1.0
1073989907181573,raw/mapillary/warsaw/images/1073989907181573.jpg,52.109036,21.04214,PL,,warsaw,mapillary,2024-01-27,1.0
958153648292572,raw/mapillary/prague/images/958153648292572.jpg,49.950028,14.314748,CZ,,prague,mapillary,2016-10-09,1.0
235092056112054,raw/mapillary/prague/images/235092056112054.jpg,49.952425,14.328638,CZ,,prague,mapillary,2023-07-09,1.0
194789315822331,raw/mapillary/budapest/images/194789315822331.jpg,47.520014,18.973754,HU,,budapest,mapillary,2018-08-14,1.0
485651429351339,raw/mapillary/budapest/images/485651429351339.jpg,47.490145,18.979179,HU,,budapest,mapillary,2018-09-16,1.0
307555794230682,raw/mapillary/budapest/images/307555794230682.jpg,47.544426,18.975782,HU,,budapest,mapillary,2020-08-14,1.0
525069315168913,raw/mapillary/prague/images/525069315168913.jpg,49.965904,14.32731,CZ,,prague,mapillary,2016-10-09,1.0
480860339691859,raw/mapillary/budapest/images/480860339691859.jpg,47.532587,18.990156,HU,,budapest,mapillary,2020-04-16,1.0
238121798982618,raw/mapillary/budapest/images/238121798982618.jpg,47.520005,18.973388,HU,,budapest,mapillary,2023-05-31,1.0
924149745105041,raw/mapillary/budapest/images/924149745105041.jpg,47.480426,18.978035,HU,,budapest,mapillary,2019-08-11,1.0
2953113181633650,raw/mapillary/budapest/images/2953113181633650.jpg,47.490135,18.979263,HU,,budapest,mapillary,2017-11-01,1.0
741062417825558,raw/mapillary/prague/images/741062417825558.jpg,49.950562,14.329916,CZ,,prague,mapillary,2023-07-09,1.0
299179398314725,raw/mapillary/budapest/images/299179398314725.jpg,47.4997,19.090557,HU,,budapest,mapillary,2019-10-06,1.0
495434384991190,raw/mapillary/prague/images/495434384991190.jpg,49.955518,14.319903,CZ,,prague,mapillary,2016-12-31,1.0
193461825926225,raw/mapillary/budapest/images/193461825926225.jpg,47.520136,18.973065,HU,,budapest,mapillary,2018-08-06,1.0
298730983045004,raw/mapillary/prague/images/298730983045004.jpg,49.95984,14.394257,CZ,,prague,mapillary,2022-10-26,1.0
581434907056864,raw/mapillary/warsaw/images/581434907056864.jpg,52.108161,21.057528,PL,,warsaw,mapillary,2022-08-07,1.0
210532425281564,raw/mapillary/prague/images/210532425281564.jpg,49.967601,14.336722,CZ,,prague,mapillary,2023-07-09,1.0
1025042145973305,raw/mapillary/budapest/images/1025042145973305.jpg,47.541918,18.986202,HU,,budapest,mapillary,2024-11-03,1.0
854964126006037,raw/mapillary/prague/images/854964126006037.jpg,49.951867,14.391717,CZ,,prague,mapillary,2022-10-26,1.0
1026435231933126,raw/mapillary/prague/images/1026435231933126.jpg,49.958441,14.393254,CZ,,prague,mapillary,2022-10-26,1.0
573032055714354,raw/mapillary/prague/images/573032055714354.jpg,49.969534,14.385432,CZ,,prague,mapillary,2024-12-08,1.0
1715515768968428,raw/mapillary/warsaw/images/1715515768968428.jpg,52.10175,20.876925,PL,,warsaw,mapillary,2023-09-09,1.0
305892804469754,raw/mapillary/prague/images/305892804469754.jpg,49.951038,14.468827,CZ,,prague,mapillary,2020-05-26,1.0
512725813081653,raw/mapillary/budapest/images/512725813081653.jpg,47.534107,18.99007,HU,,budapest,mapillary,2016-04-10,1.0
1075442630564047,raw/mapillary/prague/images/1075442630564047.jpg,49.959606,14.394079,CZ,,prague,mapillary,2022-10-26,1.0
310469908151157,raw/mapillary/warsaw/images/310469908151157.jpg,52.106844,20.993354,PL,,warsaw,mapillary,2024-01-27,1.0
525298375155466,raw/mapillary/warsaw/images/525298375155466.jpg,52.101185,20.868338,PL,,warsaw,mapillary,2017-03-01,1.0
828433137774019,raw/mapillary/budapest/images/828433137774019.jpg,47.510235,18.977052,HU,,budapest,mapillary,2020-10-22,1.0
614020267835321,raw/mapillary/warsaw/images/614020267835321.jpg,52.103594,21.040216,PL,,warsaw,mapillary,2025-01-25,1.0
955251988636508,raw/mapillary/prague/images/955251988636508.jpg,49.959463,14.521568,CZ,,prague,mapillary,2020-05-27,1.0
1113991629110892,raw/mapillary/prague/images/1113991629110892.jpg,49.959913,14.323057,CZ,,prague,mapillary,2016-10-09,1.0
764348439714629,raw/mapillary/warsaw/images/764348439714629.jpg,52.102324,21.018845,PL,,warsaw,mapillary,2025-11-22,1.0
310215497487612,raw/mapillary/warsaw/images/310215497487612.jpg,52.1019,20.87867,PL,,warsaw,mapillary,2017-03-01,1.0
2982364178754978,raw/mapillary/prague/images/2982364178754978.jpg,49.956624,14.464583,CZ,,prague,mapillary,2020-05-26,1.0
1098300384011437,raw/mapillary/budapest/images/1098300384011437.jpg,47.49951,19.090226,HU,,budapest,mapillary,2020-12-14,1.0
1329968110998933,raw/mapillary/warsaw/images/1329968110998933.jpg,52.104106,20.970879,PL,,warsaw,mapillary,2023-09-05,1.0
1238096400732034,raw/mapillary/budapest/images/1238096400732034.jpg,47.541684,18.986201,HU,,budapest,mapillary,2024-11-03,1.0
525824755250394,raw/mapillary/budapest/images/525824755250394.jpg,47.51,18.979028,HU,,budapest,mapillary,2017-07-07,1.0
261297539806616,raw/mapillary/prague/images/261297539806616.jpg,49.951648,14.391702,CZ,,prague,mapillary,2022-10-26,1.0
287866187141997,raw/mapillary/budapest/images/287866187141997.jpg,47.540297,18.970336,HU,,budapest,mapillary,2023-06-02,1.0
1023131176312754,raw/mapillary/warsaw/images/1023131176312754.jpg,52.101568,21.084978,PL,,warsaw,mapillary,2025-01-25,1.0
1405430039813467,raw/mapillary/budapest/images/1405430039813467.jpg,47.480659,18.980417,HU,,budapest,mapillary,2018-10-14,1.0
1333920857300083,raw/mapillary/warsaw/images/1333920857300083.jpg,52.100294,20.854457,PL,,warsaw,mapillary,2024-01-24,1.0
1370903186896900,raw/mapillary/prague/images/1370903186896900.jpg,49.95676,14.530315,CZ,,prague,mapillary,2022-10-26,1.0
269915929283387,raw/mapillary/warsaw/images/269915929283387.jpg,52.101748,20.876896,PL,,warsaw,mapillary,2023-09-09,1.0
283057023521217,raw/mapillary/prague/images/283057023521217.jpg,49.957947,14.463341,CZ,,prague,mapillary,2020-05-26,1.0
310850973877036,raw/mapillary/prague/images/310850973877036.jpg,49.959514,14.521863,CZ,,prague,mapillary,2016-10-01,1.0
1042453453417238,raw/mapillary/prague/images/1042453453417238.jpg,49.959272,14.323583,CZ,,prague,mapillary,2023-07-09,1.0
723666953112385,raw/mapillary/prague/images/723666953112385.jpg,49.958467,14.528642,CZ,,prague,mapillary,2022-10-26,1.0
1905876769980480,raw/mapillary/warsaw/images/1905876769980480.jpg,52.101177,20.868167,PL,,warsaw,mapillary,2025-07-25,1.0
891596301420396,raw/mapillary/budapest/images/891596301420396.jpg,47.474487,18.990704,HU,,budapest,mapillary,2017-04-09,1.0
263949272156175,raw/mapillary/prague/images/263949272156175.jpg,49.957955,14.518621,CZ,,prague,mapillary,2016-10-01,1.0
372185738786557,raw/mapillary/warsaw/images/372185738786557.jpg,52.102973,20.991932,PL,,warsaw,mapillary,2024-01-27,1.0
480939219646158,raw/mapillary/prague/images/480939219646158.jpg,49.965108,14.326683,CZ,,prague,mapillary,2016-10-09,1.0
413324667705207,raw/mapillary/warsaw/images/413324667705207.jpg,52.1038,21.040377,PL,,warsaw,mapillary,2024-01-27,1.0
132900988885412,raw/mapillary/budapest/images/132900988885412.jpg,47.477946,18.990303,HU,,budapest,mapillary,2018-08-20,1.0
233968892299603,raw/mapillary/warsaw/images/233968892299603.jpg,52.10367,21.040009,PL,,warsaw,mapillary,2023-07-07,1.0
934036281692876,raw/mapillary/warsaw/images/934036281692876.jpg,52.108676,21.032913,PL,,warsaw,mapillary,2024-01-27,1.0
812333086377833,raw/mapillary/budapest/images/812333086377833.jpg,47.530103,18.986791,HU,,budapest,mapillary,2020-04-25,1.0
800133150617862,raw/mapillary/budapest/images/800133150617862.jpg,47.493547,18.979898,HU,,budapest,mapillary,2019-05-12,1.0
1102447700240930,raw/mapillary/prague/images/1102447700240930.jpg,49.950739,14.51833,CZ,,prague,mapillary,2020-05-27,1.0
1112382492607417,raw/mapillary/prague/images/1112382492607417.jpg,49.953151,14.536194,CZ,,prague,mapillary,2016-09-07,1.0
1558803648793579,raw/mapillary/warsaw/images/1558803648793579.jpg,52.104134,20.970907,PL,,warsaw,mapillary,2026-01-10,1.0
506105787175884,raw/mapillary/prague/images/506105787175884.jpg,49.95794,14.518551,CZ,,prague,mapillary,2020-05-27,1.0
4543528732343706,raw/mapillary/budapest/images/4543528732343706.jpg,47.520154,18.972985,HU,,budapest,mapillary,2018-08-14,1.0
1784489755777466,raw/mapillary/prague/images/1784489755777466.jpg,49.953779,14.376931,CZ,,prague,mapillary,2025-07-01,1.0
1243226549429630,raw/mapillary/budapest/images/1243226549429630.jpg,47.499598,19.09008,HU,,budapest,mapillary,2020-06-28,1.0
805978073690771,raw/mapillary/prague/images/805978073690771.jpg,49.958213,14.3223,CZ,,prague,mapillary,2016-12-31,1.0
520808472291178,raw/mapillary/budapest/images/520808472291178.jpg,47.485623,19.010528,HU,,budapest,mapillary,2018-08-23,1.0
2587233584913368,raw/mapillary/prague/images/2587233584913368.jpg,49.960438,14.323575,CZ,,prague,mapillary,2016-12-31,1.0
1435553267177132,raw/mapillary/warsaw/images/1435553267177132.jpg,52.101162,20.868904,PL,,warsaw,mapillary,2023-09-09,1.0
3744882355726822,raw/mapillary/budapest/images/3744882355726822.jpg,47.541914,18.986327,HU,,budapest,mapillary,2024-11-03,1.0
175584227768310,raw/mapillary/budapest/images/175584227768310.jpg,47.478539,18.980356,HU,,budapest,mapillary,2018-09-18,1.0
896950029395207,raw/mapillary/prague/images/896950029395207.jpg,49.952995,14.376098,CZ,,prague,mapillary,2026-01-12,1.0
1467326373919213,raw/mapillary/prague/images/1467326373919213.jpg,49.953239,14.609128,CZ,,prague,mapillary,2024-08-28,1.0
295049278783069,raw/mapillary/budapest/images/295049278783069.jpg,47.480056,19.008068,HU,,budapest,mapillary,2018-08-27,1.0
934340125828427,raw/mapillary/prague/images/934340125828427.jpg,49.960272,14.379305,CZ,,prague,mapillary,2026-01-12,1.0
1375818619711247,raw/mapillary/warsaw/images/1375818619711247.jpg,52.103424,20.970582,PL,,warsaw,mapillary,2023-09-05,1.0
2247529672311003,raw/mapillary/warsaw/images/2247529672311003.jpg,52.100253,21.083982,PL,,warsaw,mapillary,2025-01-25,1.0
166088045342865,raw/mapillary/budapest/images/166088045342865.jpg,47.520034,18.97361,HU,,budapest,mapillary,2018-08-08,1.0
2764995343763211,raw/mapillary/budapest/images/2764995343763211.jpg,47.499688,19.090465,HU,,budapest,mapillary,2019-02-24,1.0
1581310719294695,raw/mapillary/warsaw/images/1581310719294695.jpg,52.106651,20.963637,PL,,warsaw,mapillary,2024-01-27,1.0
292420202603865,raw/mapillary/budapest/images/292420202603865.jpg,47.480242,18.978047,HU,,budapest,mapillary,2019-08-11,1.0
1694074958197869,raw/mapillary/warsaw/images/1694074958197869.jpg,52.103332,21.040817,PL,,warsaw,mapillary,2025-01-25,1.0
166574255468324,raw/mapillary/budapest/images/166574255468324.jpg,47.499687,19.090582,HU,,budapest,mapillary,2019-07-25,1.0
1574151650065284,raw/mapillary/warsaw/images/1574151650065284.jpg,52.101048,20.868768,PL,,warsaw,mapillary,2024-01-24,1.0
257388343651011,raw/mapillary/warsaw/images/257388343651011.jpg,52.105973,21.02021,PL,,warsaw,mapillary,2023-09-07,1.0
1419600535068023,raw/mapillary/budapest/images/1419600535068023.jpg,47.477908,18.99014,HU,,budapest,mapillary,2017-04-08,1.0
326067665586272,raw/mapillary/budapest/images/326067665586272.jpg,47.480284,18.970715,HU,,budapest,mapillary,2020-06-30,1.0
742081739807101,raw/mapillary/budapest/images/742081739807101.jpg,47.520193,18.972703,HU,,budapest,mapillary,2018-08-06,1.0
169699468410572,raw/mapillary/warsaw/images/169699468410572.jpg,52.100178,20.854204,PL,,warsaw,mapillary,2020-07-03,1.0
242740048693132,raw/mapillary/prague/images/242740048693132.jpg,49.958254,14.32373,CZ,,prague,mapillary,2023-07-09,1.0
133072315525349,raw/mapillary/budapest/images/133072315525349.jpg,47.530352,18.978863,HU,,budapest,mapillary,2019-05-08,1.0
1158138971374632,raw/mapillary/budapest/images/1158138971374632.jpg,47.510172,18.977418,HU,,budapest,mapillary,2020-10-22,1.0
352778202856793,raw/mapillary/warsaw/images/352778202856793.jpg,52.106395,21.0528,PL,,warsaw,mapillary,2021-06-07,1.0
328331408714188,raw/mapillary/budapest/images/328331408714188.jpg,47.540435,18.970058,HU,,budapest,mapillary,2017-04-16,1.0
513270179872811,raw/mapillary/prague/images/513270179872811.jpg,49.96062,14.324393,CZ,,prague,mapillary,2016-10-09,1.0
1239565270468475,raw/mapillary/budapest/images/1239565270468475.jpg,47.541695,18.986098,HU,,budapest,mapillary,2024-11-03,1.0
1379685255979038,raw/mapillary/warsaw/images/1379685255979038.jpg,52.10998,21.000953,PL,,warsaw,mapillary,2023-09-07,1.0
3725934944302097,raw/mapillary/prague/images/3725934944302097.jpg,49.959127,14.323604,CZ,,prague,mapillary,2023-07-09,1.0
339577867586871,raw/mapillary/budapest/images/339577867586871.jpg,47.549583,18.974109,HU,,budapest,mapillary,2017-12-10,1.0
311004450479714,raw/mapillary/budapest/images/311004450479714.jpg,47.480457,18.978035,HU,,budapest,mapillary,2019-08-11,1.0
364212066678095,raw/mapillary/warsaw/images/364212066678095.jpg,52.107352,20.93213,PL,,warsaw,mapillary,2024-06-05,1.0
4285768868413175,raw/mapillary/warsaw/images/4285768868413175.jpg,52.101225,20.868685,PL,,warsaw,mapillary,2025-07-25,1.0
483407632969726,raw/mapillary/budapest/images/483407632969726.jpg,47.549273,18.973821,HU,,budapest,mapillary,2017-12-10,1.0
1105966354592387,raw/mapillary/prague/images/1105966354592387.jpg,49.969563,14.385413,CZ,,prague,mapillary,2024-12-08,1.0
754718017442923,raw/mapillary/budapest/images/754718017442923.jpg,47.530227,18.997605,HU,,budapest,mapillary,2025-09-05,1.0
7010382892402985,raw/mapillary/warsaw/images/7010382892402985.jpg,52.109124,21.042313,PL,,warsaw,mapillary,2024-01-27,1.0
825489466202095,raw/mapillary/prague/images/825489466202095.jpg,49.959504,14.632335,CZ,,prague,mapillary,2024-10-31,1.0
2401734390340796,raw/mapillary/prague/images/2401734390340796.jpg,49.96819,14.384564,CZ,,prague,mapillary,2026-02-01,1.0
1333366924716838,raw/mapillary/budapest/images/1333366924716838.jpg,47.530342,18.978958,HU,,budapest,mapillary,2025-11-01,1.0
1209014086186020,raw/mapillary/budapest/images/1209014086186020.jpg,47.474931,19.010078,HU,,budapest,mapillary,2019-10-07,1.0
398817125825636,raw/mapillary/warsaw/images/398817125825636.jpg,52.100377,20.855429,PL,,warsaw,mapillary,2024-01-24,1.0
855743881693820,raw/mapillary/warsaw/images/855743881693820.jpg,52.105961,21.0558,PL,,warsaw,mapillary,2021-06-07,1.0
627922289917320,raw/mapillary/warsaw/images/627922289917320.jpg,52.104085,21.08974,PL,,warsaw,mapillary,2025-01-25,1.0
1331727918690212,raw/mapillary/warsaw/images/1331727918690212.jpg,52.102383,21.01884,PL,,warsaw,mapillary,2025-11-22,1.0
849751496733072,raw/mapillary/prague/images/849751496733072.jpg,49.952364,14.537271,CZ,,prague,mapillary,2022-10-26,1.0
1448771535464470,raw/mapillary/budapest/images/1448771535464470.jpg,47.476575,18.970444,HU,,budapest,mapillary,2016-10-31,1.0
298734415893646,raw/mapillary/prague/images/298734415893646.jpg,49.967852,14.335007,CZ,,prague,mapillary,2023-07-09,1.0
193196232637818,raw/mapillary/budapest/images/193196232637818.jpg,47.480848,18.980237,HU,,budapest,mapillary,2016-10-31,1.0
314800073387660,raw/mapillary/prague/images/314800073387660.jpg,49.951073,14.518223,CZ,,prague,mapillary,2020-05-27,1.0
1489031608481530,raw/mapillary/prague/images/1489031608481530.jpg,49.958243,14.633853,CZ,,prague,mapillary,2024-10-31,1.0
1312473752997134,raw/mapillary/warsaw/images/1312473752997134.jpg,52.101976,20.880167,PL,,warsaw,mapillary,2023-09-09,1.0
291639405947919,raw/mapillary/prague/images/291639405947919.jpg,49.957832,14.518454,CZ,,prague,mapillary,2020-05-27,1.0
291958605833507,raw/mapillary/prague/images/291958605833507.jpg,49.952347,14.537384,CZ,,prague,mapillary,2016-09-07,1.0
1325366231413534,raw/mapillary/prague/images/1325366231413534.jpg,49.954486,14.326664,CZ,,prague,mapillary,2023-07-09,1.0
852597868937449,raw/mapillary/budapest/images/852597868937449.jpg,47.530167,18.997435,HU,,budapest,mapillary,2018-01-30,1.0
276482107461327,raw/mapillary/budapest/images/276482107461327.jpg,47.534356,18.990308,HU,,budapest,mapillary,2016-04-10,1.0
1989490911228129,raw/mapillary/budapest/images/1989490911228129.jpg,47.510103,18.975328,HU,,budapest,mapillary,2020-10-16,1.0
291609435768050,raw/mapillary/budapest/images/291609435768050.jpg,47.52023,18.972553,HU,,budapest,mapillary,2018-08-06,1.0
370601104251151,raw/mapillary/budapest/images/370601104251151.jpg,47.530015,18.997281,HU,,budapest,mapillary,2018-01-30,1.0
218737216373688,raw/mapillary/budapest/images/218737216373688.jpg,47.480225,19.007775,HU,,budapest,mapillary,2018-08-27,1.0
189266516254527,raw/mapillary/budapest/images/189266516254527.jpg,47.520101,18.973239,HU,,budapest,mapillary,2018-08-14,1.0
587940304107104,raw/mapillary/warsaw/images/587940304107104.jpg,52.104137,21.089908,PL,,warsaw,mapillary,2025-01-25,1.0
6328510223870914,raw/mapillary/warsaw/images/6328510223870914.jpg,52.106199,21.032113,PL,,warsaw,mapillary,2023-07-07,1.0
2920310338257798,raw/mapillary/budapest/images/2920310338257798.jpg,47.470026,18.979682,HU,,budapest,mapillary,2018-11-01,1.0
2887064111552514,raw/mapillary/budapest/images/2887064111552514.jpg,47.490153,19.002341,HU,,budapest,mapillary,2017-05-05,1.0
138458105981899,raw/mapillary/prague/images/138458105981899.jpg,49.958389,14.528787,CZ,,prague,mapillary,2023-08-21,1.0
851618059045543,raw/mapillary/warsaw/images/851618059045543.jpg,52.101768,21.064136,PL,,warsaw,mapillary,2021-06-07,1.0
558216337218009,raw/mapillary/warsaw/images/558216337218009.jpg,52.104728,21.093058,PL,,warsaw,mapillary,2025-01-25,1.0
962120164549534,raw/mapillary/budapest/images/962120164549534.jpg,47.530223,18.987038,HU,,budapest,mapillary,2020-04-25,1.0
910839669474927,raw/mapillary/prague/images/910839669474927.jpg,49.952699,14.375618,CZ,,prague,mapillary,2017-10-01,1.0
1523439381726394,raw/mapillary/prague/images/1523439381726394.jpg,49.951378,14.538608,CZ,,prague,mapillary,2022-10-26,1.0
260855982439048,raw/mapillary/budapest/images/260855982439048.jpg,47.480419,18.980668,HU,,budapest,mapillary,2018-10-06,1.0
1556370925168291,raw/mapillary/prague/images/1556370925168291.jpg,49.951467,14.3917,CZ,,prague,mapillary,2022-10-26,1.0
1414001768955344,raw/mapillary/warsaw/images/1414001768955344.jpg,52.100796,21.065548,PL,,warsaw,mapillary,2021-06-07,1.0
3379426375604841,raw/mapillary/budapest/images/3379426375604841.jpg,47.499687,19.090348,HU,,budapest,mapillary,2023-08-07,1.0
789163035326943,raw/mapillary/warsaw/images/789163035326943.jpg,52.102341,21.018684,PL,,warsaw,mapillary,2018-09-08,1.0
307703370931450,raw/mapillary/budapest/images/307703370931450.jpg,47.536436,19.000172,HU,,budapest,mapillary,2018-09-21,1.0
295368136866040,raw/mapillary/warsaw/images/295368136866040.jpg,52.109936,21.000005,PL,,warsaw,mapillary,2024-01-27,1.0
1067615814486621,raw/mapillary/warsaw/images/1067615814486621.jpg,52.109268,21.042581,PL,,warsaw,mapillary,2024-01-27,1.0
304425719023745,raw/mapillary/prague/images/304425719023745.jpg,49.958513,14.528601,CZ,,prague,mapillary,2022-10-26,1.0
1470893921053058,raw/mapillary/warsaw/images/1470893921053058.jpg,52.107309,20.93214,PL,,warsaw,mapillary,2026-03-01,1.0
954824768683178,raw/mapillary/budapest/images/954824768683178.jpg,47.536335,19.000187,HU,,budapest,mapillary,2016-02-08,1.0
506912447171758,raw/mapillary/warsaw/images/506912447171758.jpg,52.102245,21.018769,PL,,warsaw,mapillary,2020-06-30,1.0
1298989191347911,raw/mapillary/warsaw/images/1298989191347911.jpg,52.101013,21.084578,PL,,warsaw,mapillary,2025-01-25,1.0
1512627479952633,raw/mapillary/budapest/images/1512627479952633.jpg,47.530408,18.978889,HU,,budapest,mapillary,2025-11-01,1.0
316866349841704,raw/mapillary/budapest/images/316866349841704.jpg,47.499624,19.090357,HU,,budapest,mapillary,2018-03-11,1.0
783083612572122,raw/mapillary/warsaw/images/783083612572122.jpg,52.108481,20.980834,PL,,warsaw,mapillary,2020-06-30,1.0
387005659221943,raw/mapillary/warsaw/images/387005659221943.jpg,52.100243,20.855313,PL,,warsaw,mapillary,2020-07-03,1.0
756801678315314,raw/mapillary/prague/images/756801678315314.jpg,49.959429,14.631918,CZ,,prague,mapillary,2018-07-18,1.0
850359010738819,raw/mapillary/budapest/images/850359010738819.jpg,47.4865,19.000506,HU,,budapest,mapillary,2025-12-04,1.0
405824661959628,raw/mapillary/warsaw/images/405824661959628.jpg,52.107795,21.040403,PL,,warsaw,mapillary,2024-01-27,1.0
793369004901085,raw/mapillary/budapest/images/793369004901085.jpg,47.474386,18.990053,HU,,budapest,mapillary,2017-05-14,1.0
846685336200120,raw/mapillary/prague/images/846685336200120.jpg,49.952751,14.518028,CZ,,prague,mapillary,2020-05-27,1.0
556317654237303,raw/mapillary/budapest/images/556317654237303.jpg,47.530211,18.997572,HU,,budapest,mapillary,2025-09-05,1.0
2348016438666364,raw/mapillary/budapest/images/2348016438666364.jpg,47.480485,18.980577,HU,,budapest,mapillary,2018-10-06,1.0
1107204169776190,raw/mapillary/budapest/images/1107204169776190.jpg,47.48018,18.978048,HU,,budapest,mapillary,2019-08-11,1.0
153720330039376,raw/mapillary/budapest/images/153720330039376.jpg,47.530531,18.978653,HU,,budapest,mapillary,2018-09-03,1.0
535733491146221,raw/mapillary/prague/images/535733491146221.jpg,49.950839,14.518289,CZ,,prague,mapillary,2020-05-27,1.0
709207861358458,raw/mapillary/warsaw/images/709207861358458.jpg,52.109988,21.000877,PL,,warsaw,mapillary,2024-01-27,1.0
1100689768645369,raw/mapillary/prague/images/1100689768645369.jpg,49.955229,14.378263,CZ,,prague,mapillary,2025-07-27,1.0
485672769433243,raw/mapillary/prague/images/485672769433243.jpg,49.953842,14.319775,CZ,,prague,mapillary,2016-10-09,1.0
461002535198085,raw/mapillary/prague/images/461002535198085.jpg,49.959832,14.522847,CZ,,prague,mapillary,2016-10-01,1.0
34848863291427506,raw/mapillary/prague/images/34848863291427506.jpg,49.954911,14.37797,CZ,,prague,mapillary,2026-03-28,1.0
707537641535269,raw/mapillary/warsaw/images/707537641535269.jpg,52.101697,20.876766,PL,,warsaw,mapillary,2024-01-24,1.0
2954188298136701,raw/mapillary/prague/images/2954188298136701.jpg,49.954093,14.381526,CZ,,prague,mapillary,2016-04-13,1.0
547620066609523,raw/mapillary/warsaw/images/547620066609523.jpg,52.101796,20.876911,PL,,warsaw,mapillary,2017-03-01,1.0
568515144132548,raw/mapillary/budapest/images/568515144132548.jpg,47.534698,18.990772,HU,,budapest,mapillary,2016-04-10,1.0
428963799615922,raw/mapillary/warsaw/images/428963799615922.jpg,52.103746,21.040272,PL,,warsaw,mapillary,2024-01-27,1.0
913328266158792,raw/mapillary/budapest/images/913328266158792.jpg,47.520117,18.973194,HU,,budapest,mapillary,2018-08-06,1.0
1278256703761976,raw/mapillary/warsaw/images/1278256703761976.jpg,52.101341,20.870361,PL,,warsaw,mapillary,2025-07-25,1.0
1831744194308166,raw/mapillary/warsaw/images/1831744194308166.jpg,52.104222,21.090205,PL,,warsaw,mapillary,2025-01-25,1.0
738744230154469,raw/mapillary/budapest/images/738744230154469.jpg,47.476185,18.970254,HU,,budapest,mapillary,2016-10-31,1.0
242361614311615,raw/mapillary/budapest/images/242361614311615.jpg,47.530231,18.97905,HU,,budapest,mapillary,2020-03-02,1.0
528365419199752,raw/mapillary/warsaw/images/528365419199752.jpg,52.101711,20.876047,PL,,warsaw,mapillary,2022-12-02,1.0
570153881037953,raw/mapillary/warsaw/images/570153881037953.jpg,52.107235,21.090646,PL,,warsaw,mapillary,2021-06-07,1.0
294556012324826,raw/mapillary/prague/images/294556012324826.jpg,49.954037,14.377083,CZ,,prague,mapillary,2017-05-21,1.0
431149454719639,raw/mapillary/prague/images/431149454719639.jpg,49.955364,14.517878,CZ,,prague,mapillary,2016-10-01,1.0
617928130500134,raw/mapillary/warsaw/images/617928130500134.jpg,52.101294,20.87065,PL,,warsaw,mapillary,2023-09-09,1.0
309300434019923,raw/mapillary/budapest/images/309300434019923.jpg,47.5315,18.98048,HU,,budapest,mapillary,2019-05-24,1.0
484006064768423,raw/mapillary/warsaw/images/484006064768423.jpg,52.104178,21.089885,PL,,warsaw,mapillary,2025-01-25,1.0
1278689036799978,raw/mapillary/prague/images/1278689036799978.jpg,49.969123,14.386101,CZ,,prague,mapillary,2024-12-08,1.0
1903508416472120,raw/mapillary/budapest/images/1903508416472120.jpg,47.480939,18.980027,HU,,budapest,mapillary,2019-04-28,1.0
491616921987196,raw/mapillary/prague/images/491616921987196.jpg,49.959155,14.63242,CZ,,prague,mapillary,2017-09-21,1.0
499839244392735,raw/mapillary/budapest/images/499839244392735.jpg,47.530044,18.986791,HU,,budapest,mapillary,2020-04-25,1.0
935881830520381,raw/mapillary/prague/images/935881830520381.jpg,49.952936,14.375807,CZ,,prague,mapillary,2017-10-01,1.0
184216193443570,raw/mapillary/budapest/images/184216193443570.jpg,47.4996,19.090323,HU,,budapest,mapillary,2018-10-06,1.0
220457656169712,raw/mapillary/budapest/images/220457656169712.jpg,47.530582,18.978735,HU,,budapest,mapillary,2018-07-03,1.0
458807895424652,raw/mapillary/budapest/images/458807895424652.jpg,47.534603,18.990636,HU,,budapest,mapillary,2016-04-10,1.0
1264765660728225,raw/mapillary/warsaw/images/1264765660728225.jpg,52.109321,21.055775,PL,,warsaw,mapillary,2022-08-07,1.0
288359487495951,raw/mapillary/prague/images/288359487495951.jpg,49.957959,14.529097,CZ,,prague,mapillary,2022-10-26,1.0
1287188439455299,raw/mapillary/warsaw/images/1287188439455299.jpg,52.100157,20.854481,PL,,warsaw,mapillary,2025-07-25,1.0
313286020253786,raw/mapillary/prague/images/313286020253786.jpg,49.957631,14.518338,CZ,,prague,mapillary,2016-10-01,1.0
3392357547739473,raw/mapillary/budapest/images/3392357547739473.jpg,47.541813,18.986205,HU,,budapest,mapillary,2024-11-03,1.0
221777006014957,raw/mapillary/budapest/images/221777006014957.jpg,47.474971,19.010229,HU,,budapest,mapillary,2018-08-27,1.0
507763032426889,raw/mapillary/prague/images/507763032426889.jpg,49.953939,14.377117,CZ,,prague,mapillary,2025-07-01,1.0
973271581403119,raw/mapillary/warsaw/images/973271581403119.jpg,52.104439,21.090814,PL,,warsaw,mapillary,2025-01-25,1.0
859006685992891,raw/mapillary/budapest/images/859006685992891.jpg,47.520182,18.972841,HU,,budapest,mapillary,2024-03-20,1.0
1058244689735511,raw/mapillary/prague/images/1058244689735511.jpg,49.958281,14.602632,CZ,,prague,mapillary,2025-06-01,1.0
514834276604971,raw/mapillary/budapest/images/514834276604971.jpg,47.495298,18.979403,HU,,budapest,mapillary,2018-08-24,1.0
4129696570407481,raw/mapillary/prague/images/4129696570407481.jpg,49.955164,14.319997,CZ,,prague,mapillary,2016-12-31,1.0
186867109984280,raw/mapillary/prague/images/186867109984280.jpg,49.969672,14.336768,CZ,,prague,mapillary,2016-10-09,1.0
767306171861305,raw/mapillary/prague/images/767306171861305.jpg,49.959224,14.323593,CZ,,prague,mapillary,2023-07-09,1.0
1817461505660230,raw/mapillary/warsaw/images/1817461505660230.jpg,52.104821,21.092451,PL,,warsaw,mapillary,2025-01-25,1.0
856641289465368,raw/mapillary/prague/images/856641289465368.jpg,49.950673,14.391773,CZ,,prague,mapillary,2022-10-26,1.0
835871583966757,raw/mapillary/warsaw/images/835871583966757.jpg,52.106476,21.055451,PL,,warsaw,mapillary,2022-08-07,1.0
497694081551930,raw/mapillary/budapest/images/497694081551930.jpg,47.470011,18.979668,HU,,budapest,mapillary,2021-04-27,1.0
256816582837747,raw/mapillary/budapest/images/256816582837747.jpg,47.53039,18.97895,HU,,budapest,mapillary,2017-10-15,1.0
541023320252243,raw/mapillary/budapest/images/541023320252243.jpg,47.520171,18.972868,HU,,budapest,mapillary,2018-08-08,1.0
1391564388910478,raw/mapillary/prague/images/1391564388910478.jpg,49.953427,14.391999,CZ,,prague,mapillary,2022-10-26,1.0
271761018172136,raw/mapillary/prague/images/271761018172136.jpg,49.959954,14.527059,CZ,,prague,mapillary,2021-10-20,1.0
1341836496915177,raw/mapillary/prague/images/1341836496915177.jpg,49.95381,14.376769,CZ,,prague,mapillary,2025-07-01,1.0
2941172762876664,raw/mapillary/budapest/images/2941172762876664.jpg,47.530262,18.978998,HU,,budapest,mapillary,2020-08-14,1.0
1497182974378960,raw/mapillary/prague/images/1497182974378960.jpg,49.951404,14.538574,CZ,,prague,mapillary,2022-10-26,1.0
137471745022503,raw/mapillary/budapest/images/137471745022503.jpg,47.479368,18.980129,HU,,budapest,mapillary,2018-09-18,1.0
471048014841864,raw/mapillary/warsaw/images/471048014841864.jpg,52.108906,21.05596,PL,,warsaw,mapillary,2022-08-07,1.0
2988338174721445,raw/mapillary/budapest/images/2988338174721445.jpg,47.474958,19.010144,HU,,budapest,mapillary,2019-10-07,1.0
342091975074419,raw/mapillary/budapest/images/342091975074419.jpg,47.530007,18.983579,HU,,budapest,mapillary,2023-11-20,1.0
163687330099584,raw/mapillary/prague/images/163687330099584.jpg,49.959498,14.393996,CZ,,prague,mapillary,2022-10-26,1.0
219156252983070,raw/mapillary/budapest/images/219156252983070.jpg,47.520003,18.973832,HU,,budapest,mapillary,2018-08-14,1.0
166798445384229,raw/mapillary/prague/images/166798445384229.jpg,49.959765,14.522525,CZ,,prague,mapillary,2020-05-27,1.0
200290925294017,raw/mapillary/warsaw/images/200290925294017.jpg,52.106116,21.055008,PL,,warsaw,mapillary,2021-06-07,1.0
1528958854577848,raw/mapillary/budapest/images/1528958854577848.jpg,47.478056,18.975556,HU,,budapest,mapillary,2023-09-30,1.0
2691876207699802,raw/mapillary/budapest/images/2691876207699802.jpg,47.530233,18.978931,HU,,budapest,mapillary,,1.0
851143838808985,raw/mapillary/budapest/images/851143838808985.jpg,47.493833,18.979405,HU,,budapest,mapillary,2019-03-22,1.0
177199200935272,raw/mapillary/warsaw/images/177199200935272.jpg,52.100275,21.08396,PL,,warsaw,mapillary,2018-09-23,1.0
316808359818271,raw/mapillary/prague/images/316808359818271.jpg,49.953707,14.381358,CZ,,prague,mapillary,2016-04-13,1.0
258111859442265,raw/mapillary/prague/images/258111859442265.jpg,49.958079,14.51869,CZ,,prague,mapillary,2020-05-27,1.0
1317644602260877,raw/mapillary/prague/images/1317644602260877.jpg,49.951887,14.391719,CZ,,prague,mapillary,2022-10-26,1.0
1361653580882035,raw/mapillary/budapest/images/1361653580882035.jpg,47.530592,18.978741,HU,,budapest,mapillary,2018-11-05,1.0
297835575305639,raw/mapillary/budapest/images/297835575305639.jpg,47.475147,19.010611,HU,,budapest,mapillary,2019-10-07,1.0
431295778966309,raw/mapillary/warsaw/images/431295778966309.jpg,52.108383,21.057181,PL,,warsaw,mapillary,2022-08-07,1.0
503610207649464,raw/mapillary/budapest/images/503610207649464.jpg,47.480177,18.97149,HU,,budapest,mapillary,2020-06-30,1.0
472008210696974,raw/mapillary/prague/images/472008210696974.jpg,49.954272,14.320301,CZ,,prague,mapillary,2016-10-09,1.0
992587264827456,raw/mapillary/prague/images/992587264827456.jpg,49.952571,14.518039,CZ,,prague,mapillary,2020-05-27,1.0
1207353293056454,raw/mapillary/budapest/images/1207353293056454.jpg,47.533903,19.000405,HU,,budapest,mapillary,2018-08-30,1.0
754279369806042,raw/mapillary/prague/images/754279369806042.jpg,49.952296,14.328753,CZ,,prague,mapillary,2023-07-09,1.0
513765983097484,raw/mapillary/budapest/images/513765983097484.jpg,47.495175,18.979252,HU,,budapest,mapillary,2018-08-24,1.0
324356249059469,raw/mapillary/prague/images/324356249059469.jpg,49.952845,14.518023,CZ,,prague,mapillary,2020-05-27,1.0
2994305300811122,raw/mapillary/warsaw/images/2994305300811122.jpg,52.107353,20.932198,PL,,warsaw,mapillary,2021-05-03,1.0
913415752564661,raw/mapillary/warsaw/images/913415752564661.jpg,52.100184,20.85493,PL,,warsaw,mapillary,2019-11-03,1.0
761511069004445,raw/mapillary/budapest/images/761511069004445.jpg,47.482394,18.990431,HU,,budapest,mapillary,2023-06-02,1.0
372643498803957,raw/mapillary/warsaw/images/372643498803957.jpg,52.104131,21.035095,PL,,warsaw,mapillary,2024-01-27,1.0
1160199308804037,raw/mapillary/warsaw/images/1160199308804037.jpg,52.100917,21.084473,PL,,warsaw,mapillary,2025-01-25,1.0
474385933629904,raw/mapillary/budapest/images/474385933629904.jpg,47.475122,19.010547,HU,,budapest,mapillary,2019-10-07,1.0
196761583461548,raw/mapillary/prague/images/196761583461548.jpg,49.958109,14.528963,CZ,,prague,mapillary,2022-10-26,1.0
139177088160956,raw/mapillary/prague/images/139177088160956.jpg,49.956963,14.517933,CZ,,prague,mapillary,2020-05-27,1.0
1112072864049301,raw/mapillary/warsaw/images/1112072864049301.jpg,52.104836,21.097159,PL,,warsaw,mapillary,2025-01-25,1.0
866477524955814,raw/mapillary/prague/images/866477524955814.jpg,49.957823,14.52922,CZ,,prague,mapillary,2022-10-26,1.0
142267501280844,raw/mapillary/prague/images/142267501280844.jpg,49.950257,14.51854,CZ,,prague,mapillary,2020-05-27,1.0
175622711145825,raw/mapillary/prague/images/175622711145825.jpg,49.958262,14.518961,CZ,,prague,mapillary,2016-10-01,1.0
519098339269017,raw/mapillary/warsaw/images/519098339269017.jpg,52.101973,20.88033,PL,,warsaw,mapillary,2019-11-03,1.0
2585332731868830,raw/mapillary/prague/images/2585332731868830.jpg,49.953723,14.376712,CZ,,prague,mapillary,2026-04-03,1.0
1129126810929374,raw/mapillary/budapest/images/1129126810929374.jpg,47.533983,19.000299,HU,,budapest,mapillary,2018-08-30,1.0
3992568880865272,raw/mapillary/prague/images/3992568880865272.jpg,49.950638,14.518372,CZ,,prague,mapillary,2020-05-27,1.0
992145085204113,raw/mapillary/prague/images/992145085204113.jpg,49.958487,14.393282,CZ,,prague,mapillary,2022-10-26,1.0
1595802774283657,raw/mapillary/warsaw/images/1595802774283657.jpg,52.101446,20.872591,PL,,warsaw,mapillary,2023-09-09,1.0
477611529959479,raw/mapillary/budapest/images/477611529959479.jpg,47.490147,19.00234,HU,,budapest,mapillary,2018-06-20,1.0
6913537452045756,raw/mapillary/prague/images/6913537452045756.jpg,49.95209,14.391744,CZ,,prague,mapillary,2022-10-26,1.0
130881152335849,raw/mapillary/budapest/images/130881152335849.jpg,47.48004,18.972152,HU,,budapest,mapillary,2020-06-30,1.0
327638815597034,raw/mapillary/prague/images/327638815597034.jpg,49.954201,14.320207,CZ,,prague,mapillary,2016-10-09,1.0
305145859198085,raw/mapillary/warsaw/images/305145859198085.jpg,52.106093,21.020147,PL,,warsaw,mapillary,2024-01-27,1.0
451249802838719,raw/mapillary/warsaw/images/451249802838719.jpg,52.104821,21.092451,PL,,warsaw,mapillary,2018-09-23,1.0
28250475711209334,raw/mapillary/prague/images/28250475711209334.jpg,49.960115,14.379181,CZ,,prague,mapillary,2026-03-28,1.0
687624660902696,raw/mapillary/prague/images/687624660902696.jpg,49.958066,14.602849,CZ,,prague,mapillary,2025-06-01,1.0
1225321508808572,raw/mapillary/warsaw/images/1225321508808572.jpg,52.101948,21.037159,PL,,warsaw,mapillary,2024-09-12,1.0
328465332041552,raw/mapillary/budapest/images/328465332041552.jpg,47.520132,18.973087,HU,,budapest,mapillary,2018-08-14,1.0
340471450857325,raw/mapillary/prague/images/340471450857325.jpg,49.956789,14.517883,CZ,,prague,mapillary,2020-05-27,1.0
1045502837598971,raw/mapillary/prague/images/1045502837598971.jpg,49.969307,14.385636,CZ,,prague,mapillary,2024-12-08,1.0
851732272111212,raw/mapillary/prague/images/851732272111212.jpg,49.950459,14.518448,CZ,,prague,mapillary,2020-05-27,1.0
7321213664574935,raw/mapillary/prague/images/7321213664574935.jpg,49.952029,14.391736,CZ,,prague,mapillary,2022-10-26,1.0
450755027829345,raw/mapillary/prague/images/450755027829345.jpg,49.969164,14.386294,CZ,,prague,mapillary,2024-12-08,1.0
1042268200234322,raw/mapillary/prague/images/1042268200234322.jpg,49.959389,14.393914,CZ,,prague,mapillary,2022-10-26,1.0
5074491659340391,raw/mapillary/warsaw/images/5074491659340391.jpg,52.109545,21.055713,PL,,warsaw,mapillary,2022-08-07,1.0
194660339159299,raw/mapillary/budapest/images/194660339159299.jpg,47.477941,18.975008,HU,,budapest,mapillary,2018-09-29,1.0
927512492044342,raw/mapillary/warsaw/images/927512492044342.jpg,52.109977,21.000631,PL,,warsaw,mapillary,2024-01-27,1.0
397867562740170,raw/mapillary/warsaw/images/397867562740170.jpg,52.109064,21.042264,PL,,warsaw,mapillary,2024-01-27,1.0
1585756655357010,raw/mapillary/budapest/images/1585756655357010.jpg,47.541964,18.986277,HU,,budapest,mapillary,2024-11-03,1.0
939627113386109,raw/mapillary/budapest/images/939627113386109.jpg,47.530338,18.99761,HU,,budapest,mapillary,2022-03-04,1.0
336481611165157,raw/mapillary/prague/images/336481611165157.jpg,49.952904,14.318284,CZ,,prague,mapillary,2016-10-09,1.0
882590677671355,raw/mapillary/budapest/images/882590677671355.jpg,47.486753,19.000856,HU,,budapest,mapillary,2025-12-04,1.0
1562976570773865,raw/mapillary/warsaw/images/1562976570773865.jpg,52.102788,21.038854,PL,,warsaw,mapillary,2024-01-27,1.0
363470829402196,raw/mapillary/prague/images/363470829402196.jpg,49.95136,14.538631,CZ,,prague,mapillary,2022-10-26,1.0
1362507987682991,raw/mapillary/prague/images/1362507987682991.jpg,49.952976,14.536366,CZ,,prague,mapillary,2022-10-26,1.0
594116666917330,raw/mapillary/warsaw/images/594116666917330.jpg,52.104736,21.093011,PL,,warsaw,mapillary,2025-01-25,1.0
1724458017954196,raw/mapillary/warsaw/images/1724458017954196.jpg,52.101425,21.054046,PL,,warsaw,mapillary,2022-08-07,1.0
569061452578547,raw/mapillary/prague/images/569061452578547.jpg,49.969994,14.384279,CZ,,prague,mapillary,2024-12-08,1.0
347681430049490,raw/mapillary/prague/images/347681430049490.jpg,49.957585,14.463698,CZ,,prague,mapillary,2020-05-26,1.0
2914695345455917,raw/mapillary/budapest/images/2914695345455917.jpg,47.530405,19.015997,HU,,budapest,mapillary,2020-04-11,1.0
1910982999077724,raw/mapillary/prague/images/1910982999077724.jpg,49.950566,14.468926,CZ,,prague,mapillary,2020-05-26,1.0
807104908028406,raw/mapillary/warsaw/images/807104908028406.jpg,52.107828,20.932332,PL,,warsaw,mapillary,2024-06-05,1.0
762202442480798,raw/mapillary/warsaw/images/762202442480798.jpg,52.103257,20.97023,PL,,warsaw,mapillary,2024-01-15,1.0
1783779328736020,raw/mapillary/prague/images/1783779328736020.jpg,49.951185,14.39171,CZ,,prague,mapillary,2022-10-26,1.0
3804011483178641,raw/mapillary/budapest/images/3804011483178641.jpg,47.510216,18.976853,HU,,budapest,mapillary,2024-09-01,1.0
6960146264072319,raw/mapillary/prague/images/6960146264072319.jpg,49.957017,14.530017,CZ,,prague,mapillary,2022-10-26,1.0
983119867023618,raw/mapillary/warsaw/images/983119867023618.jpg,52.104235,21.090094,PL,,warsaw,mapillary,2025-01-25,1.0
919522658901987,raw/mapillary/warsaw/images/919522658901987.jpg,52.107361,21.090571,PL,,warsaw,mapillary,2021-06-07,1.0
1377624162908801,raw/mapillary/warsaw/images/1377624162908801.jpg,52.101071,20.960983,PL,,warsaw,mapillary,2024-01-27,1.0
1083685446632576,raw/mapillary/prague/images/1083685446632576.jpg,49.969491,14.387023,CZ,,prague,mapillary,2024-12-08,1.0
2045958016134709,raw/mapillary/warsaw/images/2045958016134709.jpg,52.107688,20.932264,PL,,warsaw,mapillary,2026-04-30,1.0
134789518589108,raw/mapillary/budapest/images/134789518589108.jpg,47.495187,18.97927,HU,,budapest,mapillary,2018-08-24,1.0
1157006693099900,raw/mapillary/warsaw/images/1157006693099900.jpg,52.101258,21.084723,PL,,warsaw,mapillary,2025-01-25,1.0
1228735652255568,raw/mapillary/prague/images/1228735652255568.jpg,49.955525,14.604288,CZ,,prague,mapillary,2025-06-01,1.0
763776024333888,raw/mapillary/budapest/images/763776024333888.jpg,47.534603,18.990636,HU,,budapest,mapillary,2016-04-10,1.0
917340622952453,raw/mapillary/warsaw/images/917340622952453.jpg,52.106423,21.020127,PL,,warsaw,mapillary,2024-01-27,1.0
481390812975317,raw/mapillary/prague/images/481390812975317.jpg,49.952852,14.46771,CZ,,prague,mapillary,2020-05-26,1.0
300027288289342,raw/mapillary/budapest/images/300027288289342.jpg,47.510183,18.977293,HU,,budapest,mapillary,2020-12-06,1.0
504394910694755,raw/mapillary/budapest/images/504394910694755.jpg,47.48021,19.007866,HU,,budapest,mapillary,2018-08-27,1.0
1115699538911617,raw/mapillary/prague/images/1115699538911617.jpg,49.959538,14.632001,CZ,,prague,mapillary,2017-11-13,1.0
755006838525325,raw/mapillary/prague/images/755006838525325.jpg,49.959201,14.520754,CZ,,prague,mapillary,2020-05-27,1.0
1149264898881057,raw/mapillary/budapest/images/1149264898881057.jpg,47.530589,18.978696,HU,,budapest,mapillary,2018-07-03,1.0
273089089023981,raw/mapillary/warsaw/images/273089089023981.jpg,52.103468,20.970313,PL,,warsaw,mapillary,2023-09-05,1.0
632005512737335,raw/mapillary/warsaw/images/632005512737335.jpg,52.101474,20.872984,PL,,warsaw,mapillary,2025-07-23,1.0
2033569753477787,raw/mapillary/prague/images/2033569753477787.jpg,49.968813,14.334592,CZ,,prague,mapillary,2016-10-09,1.0
906145580209257,raw/mapillary/budapest/images/906145580209257.jpg,47.534162,18.990104,HU,,budapest,mapillary,2016-04-10,1.0
1073082041589724,raw/mapillary/warsaw/images/1073082041589724.jpg,52.1013,20.869746,PL,,warsaw,mapillary,2025-07-25,1.0
1215400492456404,raw/mapillary/warsaw/images/1215400492456404.jpg,52.106197,21.031849,PL,,warsaw,mapillary,2023-07-07,1.0
1262754871586701,raw/mapillary/budapest/images/1262754871586701.jpg,47.541715,18.98628,HU,,budapest,mapillary,2024-11-03,1.0
302502371373713,raw/mapillary/budapest/images/302502371373713.jpg,47.47,19.000556,HU,,budapest,mapillary,2021-04-19,1.0
860406714819080,raw/mapillary/budapest/images/860406714819080.jpg,47.520054,18.973185,HU,,budapest,mapillary,2020-03-30,1.0
180359520648273,raw/mapillary/warsaw/images/180359520648273.jpg,52.101869,20.87878,PL,,warsaw,mapillary,2019-11-03,1.0
676660167125391,raw/mapillary/prague/images/676660167125391.jpg,49.965291,14.328898,CZ,,prague,mapillary,2023-07-09,1.0
975563646583094,raw/mapillary/prague/images/975563646583094.jpg,49.960514,14.323983,CZ,,prague,mapillary,2016-12-31,1.0
294228025657394,raw/mapillary/budapest/images/294228025657394.jpg,47.475041,19.010391,HU,,budapest,mapillary,2018-08-27,1.0
1682651895740367,raw/mapillary/prague/images/1682651895740367.jpg,49.953974,14.376956,CZ,,prague,mapillary,2025-07-01,1.0
1044881957263923,raw/mapillary/warsaw/images/1044881957263923.jpg,52.107612,20.932282,PL,,warsaw,mapillary,2025-06-12,1.0
298027558590548,raw/mapillary/budapest/images/298027558590548.jpg,47.520114,18.973221,HU,,budapest,mapillary,2018-08-06,1.0
527297301975525,raw/mapillary/budapest/images/527297301975525.jpg,47.472925,18.977694,HU,,budapest,mapillary,2019-11-23,1.0
1704614586897250,raw/mapillary/warsaw/images/1704614586897250.jpg,52.10174,20.876859,PL,,warsaw,mapillary,2025-07-23,1.0
669321628549105,raw/mapillary/prague/images/669321628549105.jpg,49.95893,14.323617,CZ,,prague,mapillary,2023-07-09,1.0
1268113867737031,raw/mapillary/warsaw/images/1268113867737031.jpg,52.105146,21.098889,PL,,warsaw,mapillary,2025-01-25,1.0
319357679564159,raw/mapillary/prague/images/319357679564159.jpg,49.958211,14.463114,CZ,,prague,mapillary,2020-05-26,1.0
199712801985583,raw/mapillary/prague/images/199712801985583.jpg,49.958138,14.633895,CZ,,prague,mapillary,2017-09-03,1.0
404524025433889,raw/mapillary/warsaw/images/404524025433889.jpg,52.109735,20.99674,PL,,warsaw,mapillary,2024-01-27,1.0
1128541398879278,raw/mapillary/prague/images/1128541398879278.jpg,49.969312,14.385664,CZ,,prague,mapillary,2024-12-08,1.0
243746352144873,raw/mapillary/warsaw/images/243746352144873.jpg,52.104606,21.035488,PL,,warsaw,mapillary,2024-01-27,1.0
617960252497366,raw/mapillary/prague/images/617960252497366.jpg,49.959804,14.323061,CZ,,prague,mapillary,2016-10-09,1.0
1353987178925516,raw/mapillary/warsaw/images/1353987178925516.jpg,52.103533,21.040371,PL,,warsaw,mapillary,2025-01-25,1.0
1207964922994271,raw/mapillary/prague/images/1207964922994271.jpg,49.95091,14.518261,CZ,,prague,mapillary,2020-05-27,1.0
874737637668733,raw/mapillary/prague/images/874737637668733.jpg,49.958534,14.39331,CZ,,prague,mapillary,2022-10-26,1.0
1933810306771707,raw/mapillary/prague/images/1933810306771707.jpg,49.952243,14.53753,CZ,,prague,mapillary,2016-09-07,1.0
947249126350428,raw/mapillary/prague/images/947249126350428.jpg,49.966497,14.339667,CZ,,prague,mapillary,2023-07-09,1.0
179124107471028,raw/mapillary/prague/images/179124107471028.jpg,49.953533,14.319401,CZ,,prague,mapillary,2016-10-09,1.0
1122213464871602,raw/mapillary/budapest/images/1122213464871602.jpg,47.530583,18.978695,HU,,budapest,mapillary,2019-05-12,1.0
547664742882755,raw/mapillary/budapest/images/547664742882755.jpg,47.478137,18.974368,HU,,budapest,mapillary,2019-08-11,1.0
534667468785339,raw/mapillary/prague/images/534667468785339.jpg,49.956443,14.324615,CZ,,prague,mapillary,2023-07-09,1.0
207082372420242,raw/mapillary/prague/images/207082372420242.jpg,49.953221,14.391959,CZ,,prague,mapillary,2022-10-26,1.0
3193600124103898,raw/mapillary/prague/images/3193600124103898.jpg,49.955029,14.605441,CZ,,prague,mapillary,2024-08-28,1.0
375304137200293,raw/mapillary/budapest/images/375304137200293.jpg,47.475181,19.010678,HU,,budapest,mapillary,2019-10-07,1.0
2042592213220236,raw/mapillary/budapest/images/2042592213220236.jpg,47.486667,19.000747,HU,,budapest,mapillary,2025-12-04,1.0
1119085649949040,raw/mapillary/warsaw/images/1119085649949040.jpg,52.104202,21.089968,PL,,warsaw,mapillary,2025-01-25,1.0
1114741600395760,raw/mapillary/warsaw/images/1114741600395760.jpg,52.104706,21.093279,PL,,warsaw,mapillary,2025-01-25,1.0
138511024918392,raw/mapillary/prague/images/138511024918392.jpg,49.961432,14.381833,CZ,,prague,mapillary,2016-04-13,1.0
1906795449474325,raw/mapillary/budapest/images/1906795449474325.jpg,47.499534,19.090356,HU,,budapest,mapillary,2019-09-21,1.0
1178850636404336,raw/mapillary/prague/images/1178850636404336.jpg,49.958273,14.528817,CZ,,prague,mapillary,2022-10-26,1.0
2070106056471316,raw/mapillary/budapest/images/2070106056471316.jpg,47.499616,19.090247,HU,,budapest,mapillary,2018-03-21,1.0
350526490704756,raw/mapillary/prague/images/350526490704756.jpg,49.958498,14.528615,CZ,,prague,mapillary,2022-10-26,1.0
379233126837411,raw/mapillary/prague/images/379233126837411.jpg,49.960419,14.323454,CZ,,prague,mapillary,2016-12-31,1.0
278587603718137,raw/mapillary/budapest/images/278587603718137.jpg,47.530567,18.978836,HU,,budapest,mapillary,2018-10-02,1.0
1458497671661986,raw/mapillary/warsaw/images/1458497671661986.jpg,52.100315,20.856034,PL,,warsaw,mapillary,2023-09-09,1.0
991629755533737,raw/mapillary/budapest/images/991629755533737.jpg,47.540169,18.970877,HU,,budapest,mapillary,2023-06-02,1.0
1137758626702756,raw/mapillary/prague/images/1137758626702756.jpg,49.964855,14.326577,CZ,,prague,mapillary,2016-10-09,1.0
149897540348771,raw/mapillary/budapest/images/149897540348771.jpg,47.534625,18.990662,HU,,budapest,mapillary,2016-04-10,1.0
1088260955086406,raw/mapillary/budapest/images/1088260955086406.jpg,47.49967,19.090073,HU,,budapest,mapillary,2022-03-27,1.0
893077347925381,raw/mapillary/budapest/images/893077347925381.jpg,47.480206,18.978046,HU,,budapest,mapillary,2019-08-11,1.0
2860039540875973,raw/mapillary/budapest/images/2860039540875973.jpg,47.478722,18.980802,HU,,budapest,mapillary,2018-09-18,1.0
878978972656861,raw/mapillary/budapest/images/878978972656861.jpg,47.48011,18.978033,HU,,budapest,mapillary,2019-08-11,1.0
950441879053798,raw/mapillary/budapest/images/950441879053798.jpg,47.534162,18.990153,HU,,budapest,mapillary,2016-04-10,1.0
744170349582377,raw/mapillary/budapest/images/744170349582377.jpg,47.510228,18.977226,HU,,budapest,mapillary,2019-03-26,1.0
806910383277557,raw/mapillary/budapest/images/806910383277557.jpg,47.48307,18.980314,HU,,budapest,mapillary,2018-09-16,1.0
1260363547712229,raw/mapillary/budapest/images/1260363547712229.jpg,47.510126,18.978618,HU,,budapest,mapillary,2017-07-07,1.0
349581310953450,raw/mapillary/prague/images/349581310953450.jpg,49.959668,14.394126,CZ,,prague,mapillary,2022-10-26,1.0
524459278935817,raw/mapillary/budapest/images/524459278935817.jpg,47.534621,18.990664,HU,,budapest,mapillary,2016-04-10,1.0
923297841786105,raw/mapillary/budapest/images/923297841786105.jpg,47.490086,19.002321,HU,,budapest,mapillary,2018-08-16,1.0
894909308024453,raw/mapillary/budapest/images/894909308024453.jpg,47.535788,19.000353,HU,,budapest,mapillary,2016-04-23,1.0
1272510537558139,raw/mapillary/warsaw/images/1272510537558139.jpg,52.101231,20.868942,PL,,warsaw,mapillary,2025-07-25,1.0
278429044571148,raw/mapillary/prague/images/278429044571148.jpg,49.95226,14.537422,CZ,,prague,mapillary,2022-10-26,1.0
1715501242258242,raw/mapillary/prague/images/1715501242258242.jpg,49.95841,14.393235,CZ,,prague,mapillary,2022-10-26,1.0
561375184848536,raw/mapillary/prague/images/561375184848536.jpg,49.953111,14.518007,CZ,,prague,mapillary,2020-05-27,1.0
294048789945670,raw/mapillary/budapest/images/294048789945670.jpg,47.499687,19.090472,HU,,budapest,mapillary,2023-08-07,1.0
1469530908545355,raw/mapillary/warsaw/images/1469530908545355.jpg,52.103898,20.970879,PL,,warsaw,mapillary,2026-03-01,1.0
677563307680893,raw/mapillary/prague/images/677563307680893.jpg,49.953366,14.391987,CZ,,prague,mapillary,2022-10-26,1.0
243943750831522,raw/mapillary/budapest/images/243943750831522.jpg,47.530267,18.987098,HU,,budapest,mapillary,2020-04-25,1.0
1242077969779854,raw/mapillary/prague/images/1242077969779854.jpg,49.958582,14.393339,CZ,,prague,mapillary,2022-10-26,1.0
821359649529541,raw/mapillary/prague/images/821359649529541.jpg,49.95554,14.325494,CZ,,prague,mapillary,2023-07-09,1.0
3742206812723561,raw/mapillary/warsaw/images/3742206812723561.jpg,52.109211,21.033155,PL,,warsaw,mapillary,2024-01-27,1.0
1543069379790114,raw/mapillary/warsaw/images/1543069379790114.jpg,52.103079,21.039324,PL,,warsaw,mapillary,2024-01-27,1.0
531027875817491,raw/mapillary/prague/images/531027875817491.jpg,49.953846,14.327452,CZ,,prague,mapillary,2023-07-09,1.0
1338286663768763,raw/mapillary/prague/images/1338286663768763.jpg,49.967846,14.335263,CZ,,prague,mapillary,2023-07-09,1.0
315040333382399,raw/mapillary/budapest/images/315040333382399.jpg,47.534323,18.990265,HU,,budapest,mapillary,2016-04-10,1.0
216595479963237,raw/mapillary/budapest/images/216595479963237.jpg,47.520023,18.973688,HU,,budapest,mapillary,2018-08-08,1.0
162871313479960,raw/mapillary/prague/images/162871313479960.jpg,49.96632,14.340766,CZ,,prague,mapillary,2023-07-09,1.0
1541440060017230,raw/mapillary/warsaw/images/1541440060017230.jpg,52.109977,21.000907,PL,,warsaw,mapillary,2023-09-07,1.0
1417187949235902,raw/mapillary/warsaw/images/1417187949235902.jpg,52.102564,20.991943,PL,,warsaw,mapillary,2024-01-27,1.0
857170919438841,raw/mapillary/prague/images/857170919438841.jpg,49.952131,14.391751,CZ,,prague,mapillary,2022-10-26,1.0
223803152511385,raw/mapillary/prague/images/223803152511385.jpg,49.959401,14.632188,CZ,,prague,mapillary,2019-10-11,1.0
838688480093385,raw/mapillary/budapest/images/838688480093385.jpg,47.478105,18.973947,HU,,budapest,mapillary,2019-08-11,1.0
292187355955493,raw/mapillary/budapest/images/292187355955493.jpg,47.478182,18.975244,HU,,budapest,mapillary,2016-10-31,1.0
108410831321560,raw/mapillary/budapest/images/108410831321560.jpg,47.49961,19.090671,HU,,budapest,mapillary,2018-03-21,1.0
961962295884769,raw/mapillary/warsaw/images/961962295884769.jpg,52.104453,21.091011,PL,,warsaw,mapillary,2025-01-25,1.0
1006176010675273,raw/mapillary/budapest/images/1006176010675273.jpg,47.4995,19.090304,HU,,budapest,mapillary,2023-10-19,1.0
752629130762872,raw/mapillary/warsaw/images/752629130762872.jpg,52.107358,20.932173,PL,,warsaw,mapillary,2025-06-12,1.0
1081298113221548,raw/mapillary/prague/images/1081298113221548.jpg,49.958426,14.393244,CZ,,prague,mapillary,2022-10-26,1.0
1354942782007301,raw/mapillary/warsaw/images/1354942782007301.jpg,52.104096,20.970514,PL,,warsaw,mapillary,2022-08-30,1.0
470182477579935,raw/mapillary/prague/images/470182477579935.jpg,49.960545,14.324132,CZ,,prague,mapillary,2016-12-31,1.0
1242178403197088,raw/mapillary/warsaw/images/1242178403197088.jpg,52.10872,21.056491,PL,,warsaw,mapillary,2022-08-07,1.0
1898333093652511,raw/mapillary/budapest/images/1898333093652511.jpg,47.499653,19.090388,HU,,budapest,mapillary,2019-02-24,1.0
831703875349215,raw/mapillary/prague/images/831703875349215.jpg,49.958124,14.52895,CZ,,prague,mapillary,2022-10-26,1.0
212406734445596,raw/mapillary/warsaw/images/212406734445596.jpg,52.103028,21.054395,PL,,warsaw,mapillary,2022-08-07,1.0
176348444393359,raw/mapillary/budapest/images/176348444393359.jpg,47.53031,18.978944,HU,,budapest,mapillary,2020-08-14,1.0
1153801279921247,raw/mapillary/warsaw/images/1153801279921247.jpg,52.10138,20.870659,PL,,warsaw,mapillary,2025-07-25,1.0
1087380779101688,raw/mapillary/prague/images/1087380779101688.jpg,49.952378,14.537249,CZ,,prague,mapillary,2022-10-26,1.0
171779394839129,raw/mapillary/budapest/images/171779394839129.jpg,47.520007,18.973806,HU,,budapest,mapillary,2018-08-14,1.0
1802392446874885,raw/mapillary/warsaw/images/1802392446874885.jpg,52.101408,20.872946,PL,,warsaw,mapillary,2024-01-24,1.0
4365000330201437,raw/mapillary/budapest/images/4365000330201437.jpg,47.480359,18.980862,HU,,budapest,mapillary,2016-10-31,1.0
7358683827498267,raw/mapillary/warsaw/images/7358683827498267.jpg,52.10972,20.996681,PL,,warsaw,mapillary,2023-09-07,1.0
1050235832894874,raw/mapillary/warsaw/images/1050235832894874.jpg,52.107837,21.040463,PL,,warsaw,mapillary,2024-01-27,1.0
213917733686697,raw/mapillary/prague/images/213917733686697.jpg,49.950538,14.518414,CZ,,prague,mapillary,2020-05-27,1.0
1126632682473032,raw/mapillary/warsaw/images/1126632682473032.jpg,52.101052,21.084571,PL,,warsaw,mapillary,2025-01-25,1.0
1717143292046816,raw/mapillary/warsaw/images/1717143292046816.jpg,52.109715,20.996724,PL,,warsaw,mapillary,2023-09-07,1.0
1152923516729496,raw/mapillary/warsaw/images/1152923516729496.jpg,52.103828,20.970837,PL,,warsaw,mapillary,2025-09-20,1.0
896000163316504,raw/mapillary/warsaw/images/896000163316504.jpg,52.107716,20.932321,PL,,warsaw,mapillary,2026-03-01,1.0
798582388625812,raw/mapillary/prague/images/798582388625812.jpg,49.967131,14.338036,CZ,,prague,mapillary,2023-07-09,1.0
772022835396621,raw/mapillary/warsaw/images/772022835396621.jpg,52.101201,20.868215,PL,,warsaw,mapillary,2025-07-25,1.0
366654049407745,raw/mapillary/warsaw/images/366654049407745.jpg,52.103122,21.039387,PL,,warsaw,mapillary,2024-01-27,1.0
351928484024936,raw/mapillary/prague/images/351928484024936.jpg,49.958661,14.39339,CZ,,prague,mapillary,2022-10-26,1.0
1692773821212560,raw/mapillary/warsaw/images/1692773821212560.jpg,52.103938,20.970469,PL,,warsaw,mapillary,2023-09-05,1.0
1245864383184094,raw/mapillary/warsaw/images/1245864383184094.jpg,52.101228,21.084743,PL,,warsaw,mapillary,2025-01-25,1.0
1459905204402074,raw/mapillary/budapest/images/1459905204402074.jpg,47.532546,18.990121,HU,,budapest,mapillary,2018-01-31,1.0
329339392136385,raw/mapillary/prague/images/329339392136385.jpg,49.958248,14.518885,CZ,,prague,mapillary,2020-05-27,1.0
1252147725855266,raw/mapillary/warsaw/images/1252147725855266.jpg,52.103298,21.040894,PL,,warsaw,mapillary,2025-01-25,1.0
184704043544323,raw/mapillary/prague/images/184704043544323.jpg,49.950529,14.374449,CZ,,prague,mapillary,2017-10-01,1.0
1213865170798212,raw/mapillary/warsaw/images/1213865170798212.jpg,52.107612,20.932273,PL,,warsaw,mapillary,2026-03-01,1.0
863654825358676,raw/mapillary/warsaw/images/863654825358676.jpg,52.101886,20.878869,PL,,warsaw,mapillary,2023-09-09,1.0
1195509118171844,raw/mapillary/warsaw/images/1195509118171844.jpg,52.104045,20.970861,PL,,warsaw,mapillary,2024-09-19,1.0
1469474626936617,raw/mapillary/warsaw/images/1469474626936617.jpg,52.101625,20.883783,PL,,warsaw,mapillary,2024-01-24,1.0
288612516083132,raw/mapillary/budapest/images/288612516083132.jpg,47.471939,18.978898,HU,,budapest,mapillary,2018-11-01,1.0
469128787700881,raw/mapillary/budapest/images/469128787700881.jpg,47.493845,18.979952,HU,,budapest,mapillary,2019-03-22,1.0
291117976796174,raw/mapillary/prague/images/291117976796174.jpg,49.958349,14.3237,CZ,,prague,mapillary,2023-07-09,1.0
1248535197102753,raw/mapillary/warsaw/images/1248535197102753.jpg,52.102441,21.018835,PL,,warsaw,mapillary,2025-11-22,1.0
2556712171185799,raw/mapillary/warsaw/images/2556712171185799.jpg,52.104819,21.092543,PL,,warsaw,mapillary,2025-01-25,1.0
413355617705977,raw/mapillary/warsaw/images/413355617705977.jpg,52.109248,21.042549,PL,,warsaw,mapillary,2024-01-27,1.0
907551460117798,raw/mapillary/warsaw/images/907551460117798.jpg,52.107719,20.932349,PL,,warsaw,mapillary,2021-05-03,1.0
883413222831074,raw/mapillary/prague/images/883413222831074.jpg,49.951387,14.538597,CZ,,prague,mapillary,2022-10-26,1.0
1934293316902027,raw/mapillary/warsaw/images/1934293316902027.jpg,52.108815,21.05605,PL,,warsaw,mapillary,2022-08-07,1.0
1376693386030569,raw/mapillary/budapest/images/1376693386030569.jpg,47.520106,18.973214,HU,,budapest,mapillary,2018-08-14,1.0
388152473561612,raw/mapillary/warsaw/images/388152473561612.jpg,52.103452,20.97059,PL,,warsaw,mapillary,2023-09-05,1.0
498787551169004,raw/mapillary/budapest/images/498787551169004.jpg,47.530538,18.997756,HU,,budapest,mapillary,2018-01-30,1.0
790693735436973,raw/mapillary/warsaw/images/790693735436973.jpg,52.108193,21.057456,PL,,warsaw,mapillary,2022-08-07,1.0
609089968097744,raw/mapillary/warsaw/images/609089968097744.jpg,52.101978,20.880196,PL,,warsaw,mapillary,2023-09-09,1.0
332920835985741,raw/mapillary/prague/images/332920835985741.jpg,49.958049,14.529016,CZ,,prague,mapillary,2022-10-26,1.0
302393908283156,raw/mapillary/prague/images/302393908283156.jpg,49.95265,14.375592,CZ,,prague,mapillary,2017-05-21,1.0
1167270697048943,raw/mapillary/warsaw/images/1167270697048943.jpg,52.101837,20.878555,PL,,warsaw,mapillary,2020-07-03,1.0
1219180955951315,raw/mapillary/warsaw/images/1219180955951315.jpg,52.101767,21.036871,PL,,warsaw,mapillary,2024-09-12,1.0
315785396790168,raw/mapillary/budapest/images/315785396790168.jpg,47.520101,18.973239,HU,,budapest,mapillary,2018-08-14,1.0
1741593656011814,raw/mapillary/budapest/images/1741593656011814.jpg,47.530374,18.997583,HU,,budapest,mapillary,2018-01-30,1.0
408298616957647,raw/mapillary/warsaw/images/408298616957647.jpg,52.106436,21.052566,PL,,warsaw,mapillary,2021-06-07,1.0
359312260367383,raw/mapillary/warsaw/images/359312260367383.jpg,52.106646,20.993376,PL,,warsaw,mapillary,2024-01-27,1.0
386913209254317,raw/mapillary/prague/images/386913209254317.jpg,49.957686,14.518335,CZ,,prague,mapillary,2020-05-27,1.0
180571570587529,raw/mapillary/budapest/images/180571570587529.jpg,47.472254,18.990188,HU,,budapest,mapillary,2017-01-08,1.0
121581820106462,raw/mapillary/warsaw/images/121581820106462.jpg,52.105151,21.057486,PL,,warsaw,mapillary,2021-06-07,1.0
1443324986022204,raw/mapillary/budapest/images/1443324986022204.jpg,47.478181,18.975318,HU,,budapest,mapillary,2016-10-31,1.0
305519067773168,raw/mapillary/budapest/images/305519067773168.jpg,47.480011,19.008537,HU,,budapest,mapillary,2018-08-27,1.0
180394587293769,raw/mapillary/budapest/images/180394587293769.jpg,47.530365,18.978935,HU,,budapest,mapillary,2019-05-08,1.0
7345200312210742,raw/mapillary/warsaw/images/7345200312210742.jpg,52.101099,20.960992,PL,,warsaw,mapillary,2024-01-27,1.0
5738443672847120,raw/mapillary/warsaw/images/5738443672847120.jpg,52.10169,20.969225,PL,,warsaw,mapillary,2022-08-07,1.0
702275165355111,raw/mapillary/warsaw/images/702275165355111.jpg,52.109209,21.042481,PL,,warsaw,mapillary,2024-01-27,1.0
3862447197126452,raw/mapillary/budapest/images/3862447197126452.jpg,47.475065,19.010536,HU,,budapest,mapillary,2018-05-24,1.0
460745575206614,raw/mapillary/budapest/images/460745575206614.jpg,47.520096,18.973264,HU,,budapest,mapillary,2018-08-14,1.0
1262918584426972,raw/mapillary/prague/images/1262918584426972.jpg,49.954883,14.326214,CZ,,prague,mapillary,2023-07-09,1.0
4045647172221910,raw/mapillary/budapest/images/4045647172221910.jpg,47.480699,18.980311,HU,,budapest,mapillary,2019-04-28,1.0
1558603818697025,raw/mapillary/warsaw/images/1558603818697025.jpg,52.104157,20.970918,PL,,warsaw,mapillary,2026-01-10,1.0
1159249092432652,raw/mapillary/prague/images/1159249092432652.jpg,49.969171,14.385779,CZ,,prague,mapillary,2024-12-08,1.0
825965871374066,raw/mapillary/warsaw/images/825965871374066.jpg,52.104195,21.089829,PL,,warsaw,mapillary,2018-09-23,1.0
1063656241541710,raw/mapillary/warsaw/images/1063656241541710.jpg,52.104488,21.03536,PL,,warsaw,mapillary,2024-01-27,1.0
760593307937775,raw/mapillary/budapest/images/760593307937775.jpg,47.534607,18.990639,HU,,budapest,mapillary,2016-04-10,1.0
1471474536972184,raw/mapillary/prague/images/1471474536972184.jpg,49.952312,14.537347,CZ,,prague,mapillary,2022-10-26,1.0
1829852990524983,raw/mapillary/budapest/images/1829852990524983.jpg,47.478017,18.990293,HU,,budapest,mapillary,2017-05-14,1.0
220631099538731,raw/mapillary/budapest/images/220631099538731.jpg,47.49965,19.090239,HU,,budapest,mapillary,2019-10-06,1.0
217051416609810,raw/mapillary/budapest/images/217051416609810.jpg,47.530446,18.97882,HU,,budapest,mapillary,2020-03-02,1.0
1239927087407237,raw/mapillary/warsaw/images/1239927087407237.jpg,52.102035,20.880085,PL,,warsaw,mapillary,2025-07-25,1.0
436430349003131,raw/mapillary/prague/images/436430349003131.jpg,49.959679,14.631949,CZ,,prague,mapillary,2024-05-31,1.0
178582630736824,raw/mapillary/prague/images/178582630736824.jpg,49.954621,14.320729,CZ,,prague,mapillary,2016-12-31,1.0
872840881256227,raw/mapillary/warsaw/images/872840881256227.jpg,52.102401,20.992059,PL,,warsaw,mapillary,2024-01-27,1.0
1359697511307608,raw/mapillary/prague/images/1359697511307608.jpg,49.953194,14.536032,CZ,,prague,mapillary,2022-10-26,1.0
1182656972184115,raw/mapillary/budapest/images/1182656972184115.jpg,47.510076,18.978662,HU,,budapest,mapillary,2018-08-16,1.0
956826915066525,raw/mapillary/prague/images/956826915066525.jpg,49.953167,14.318808,CZ,,prague,mapillary,2016-10-09,1.0
1779924922195374,raw/mapillary/prague/images/1779924922195374.jpg,49.954851,14.377912,CZ,,prague,mapillary,2017-10-01,1.0
239332881292065,raw/mapillary/budapest/images/239332881292065.jpg,47.48,18.97237,HU,,budapest,mapillary,2020-06-30,1.0
242337598921409,raw/mapillary/warsaw/images/242337598921409.jpg,52.109951,21.000195,PL,,warsaw,mapillary,2024-01-27,1.0
844085646513832,raw/mapillary/warsaw/images/844085646513832.jpg,52.107485,21.090508,PL,,warsaw,mapillary,2021-06-07,1.0
298962699737455,raw/mapillary/prague/images/298962699737455.jpg,49.954903,14.392281,CZ,,prague,mapillary,2022-10-26,1.0
473794287177992,raw/mapillary/prague/images/473794287177992.jpg,49.952776,14.317906,CZ,,prague,mapillary,2016-12-31,1.0
2928633184018806,raw/mapillary/prague/images/2928633184018806.jpg,49.959445,14.521511,CZ,,prague,mapillary,2020-05-27,1.0
1595793924335065,raw/mapillary/prague/images/1595793924335065.jpg,49.958762,14.601872,CZ,,prague,mapillary,2024-08-28,1.0
1415747633402937,raw/mapillary/warsaw/images/1415747633402937.jpg,52.102471,21.018833,PL,,warsaw,mapillary,2025-11-22,1.0
881873919092764,raw/mapillary/prague/images/881873919092764.jpg,49.957958,14.529171,CZ,,prague,mapillary,2016-09-07,1.0
1092097342328083,raw/mapillary/prague/images/1092097342328083.jpg,49.959491,14.63235,CZ,,prague,mapillary,2024-10-31,1.0
3755061401409593,raw/mapillary/prague/images/3755061401409593.jpg,49.959224,14.60155,CZ,,prague,mapillary,2024-08-28,1.0
3453351814904638,raw/mapillary/warsaw/images/3453351814904638.jpg,52.101693,20.876074,PL,,warsaw,mapillary,2023-09-09,1.0
596372316332374,raw/mapillary/warsaw/images/596372316332374.jpg,52.10419,21.089927,PL,,warsaw,mapillary,2025-01-25,1.0
1109314092909976,raw/mapillary/budapest/images/1109314092909976.jpg,47.530235,18.987,HU,,budapest,mapillary,2017-12-10,1.0
4358632394147232,raw/mapillary/budapest/images/4358632394147232.jpg,47.474722,18.99,HU,,budapest,mapillary,2021-04-16,1.0
891308628117969,raw/mapillary/prague/images/891308628117969.jpg,49.960594,14.324436,CZ,,prague,mapillary,2016-12-31,1.0
1035615707456317,raw/mapillary/warsaw/images/1035615707456317.jpg,52.10179,20.877494,PL,,warsaw,mapillary,2023-09-09,1.0
155596966727723,raw/mapillary/warsaw/images/155596966727723.jpg,52.107406,20.932202,PL,,warsaw,mapillary,2021-05-03,1.0
528798226179230,raw/mapillary/warsaw/images/528798226179230.jpg,52.103108,21.03898,PL,,warsaw,mapillary,2024-09-12,1.0
490749412209982,raw/mapillary/prague/images/490749412209982.jpg,49.958428,14.322567,CZ,,prague,mapillary,2016-10-09,1.0
1413831410533759,raw/mapillary/prague/images/1413831410533759.jpg,49.967761,14.385835,CZ,,prague,mapillary,2026-02-01,1.0
1438862731236293,raw/mapillary/prague/images/1438862731236293.jpg,49.954107,14.377122,CZ,,prague,mapillary,2026-01-12,1.0
3921688177952559,raw/mapillary/warsaw/images/3921688177952559.jpg,52.108108,20.980282,PL,,warsaw,mapillary,2020-06-30,1.0
1326640755461292,raw/mapillary/warsaw/images/1326640755461292.jpg,52.101278,20.86947,PL,,warsaw,mapillary,2025-07-25,1.0
1382330792326210,raw/mapillary/prague/images/1382330792326210.jpg,49.967833,14.335766,CZ,,prague,mapillary,2023-07-09,1.0
1446480232372599,raw/mapillary/budapest/images/1446480232372599.jpg,47.472146,18.978605,HU,,budapest,mapillary,2019-11-23,1.0
1013506016679703,raw/mapillary/budapest/images/1013506016679703.jpg,47.530066,18.983545,HU,,budapest,mapillary,2023-06-02,1.0
824306303039612,raw/mapillary/warsaw/images/824306303039612.jpg,52.101459,20.872514,PL,,warsaw,mapillary,2024-01-08,1.0
336272254889415,raw/mapillary/warsaw/images/336272254889415.jpg,52.104256,21.059135,PL,,warsaw,mapillary,2021-06-07,1.0
1333016082041837,raw/mapillary/prague/images/1333016082041837.jpg,49.958129,14.633913,CZ,,prague,mapillary,2026-04-15,1.0
165164392178735,raw/mapillary/budapest/images/165164392178735.jpg,47.480752,18.980237,HU,,budapest,mapillary,2018-10-06,1.0
865689087836749,raw/mapillary/warsaw/images/865689087836749.jpg,52.101888,20.878898,PL,,warsaw,mapillary,2023-09-09,1.0
1497569094354904,raw/mapillary/prague/images/1497569094354904.jpg,49.952146,14.537583,CZ,,prague,mapillary,2022-10-26,1.0
606296121573790,raw/mapillary/prague/images/606296121573790.jpg,49.950651,14.329848,CZ,,prague,mapillary,2023-07-09,1.0
9229754903780424,raw/mapillary/warsaw/images/9229754903780424.jpg,52.10482,21.092497,PL,,warsaw,mapillary,2025-01-25,1.0
548210358183961,raw/mapillary/prague/images/548210358183961.jpg,49.969159,14.386173,CZ,,prague,mapillary,2024-12-08,1.0
148525853899367,raw/mapillary/budapest/images/148525853899367.jpg,47.499601,19.090244,HU,,budapest,mapillary,2018-10-06,1.0
859374177950604,raw/mapillary/budapest/images/859374177950604.jpg,47.53645,19.00019,HU,,budapest,mapillary,2017-12-10,1.0
1915076001995065,raw/mapillary/prague/images/1915076001995065.jpg,49.969813,14.3374,CZ,,prague,mapillary,2016-10-09,1.0
608940964658196,raw/mapillary/prague/images/608940964658196.jpg,49.959374,14.323638,CZ,,prague,mapillary,2023-07-09,1.0
1071028760576505,raw/mapillary/warsaw/images/1071028760576505.jpg,52.103867,20.970735,PL,,warsaw,mapillary,2023-09-05,1.0
1207974317266144,raw/mapillary/warsaw/images/1207974317266144.jpg,52.107498,20.932238,PL,,warsaw,mapillary,2025-06-12,1.0
2225223804277427,raw/mapillary/prague/images/2225223804277427.jpg,49.956715,14.517893,CZ,,prague,mapillary,2016-10-01,1.0
408998155127153,raw/mapillary/warsaw/images/408998155127153.jpg,52.109155,21.033148,PL,,warsaw,mapillary,2024-01-27,1.0
1275759717519727,raw/mapillary/warsaw/images/1275759717519727.jpg,52.101224,20.868808,PL,,warsaw,mapillary,2025-07-25,1.0
1784099759644693,raw/mapillary/prague/images/1784099759644693.jpg,49.969379,14.385263,CZ,,prague,mapillary,2026-02-01,1.0
1134196868809191,raw/mapillary/warsaw/images/1134196868809191.jpg,52.104081,20.970939,PL,,warsaw,mapillary,2025-09-20,1.0
778446675289140,raw/mapillary/prague/images/778446675289140.jpg,49.968284,14.384443,CZ,,prague,mapillary,2026-02-01,1.0
1387771984921445,raw/mapillary/warsaw/images/1387771984921445.jpg,52.100196,20.856142,PL,,warsaw,mapillary,2019-08-17,1.0
830098293279273,raw/mapillary/budapest/images/830098293279273.jpg,47.486672,19.000806,HU,,budapest,mapillary,2025-12-04,1.0
1124287311384543,raw/mapillary/budapest/images/1124287311384543.jpg,47.520042,18.973559,HU,,budapest,mapillary,2018-08-08,1.0
138865438214014,raw/mapillary/budapest/images/138865438214014.jpg,47.530228,18.979184,HU,,budapest,mapillary,2018-10-02,1.0
1544109566289237,raw/mapillary/warsaw/images/1544109566289237.jpg,52.104246,21.090134,PL,,warsaw,mapillary,2025-01-25,1.0
976496964374922,raw/mapillary/warsaw/images/976496964374922.jpg,52.107417,20.932157,PL,,warsaw,mapillary,2024-06-05,1.0
302104788856489,raw/mapillary/prague/images/302104788856489.jpg,49.965703,14.32974,CZ,,prague,mapillary,2023-07-09,1.0
1023262816361407,raw/mapillary/warsaw/images/1023262816361407.jpg,52.10123,20.868806,PL,,warsaw,mapillary,2025-07-25,1.0
476107490274213,raw/mapillary/budapest/images/476107490274213.jpg,47.492197,18.979823,HU,,budapest,mapillary,2019-05-12,1.0
2120554224997767,raw/mapillary/warsaw/images/2120554224997767.jpg,52.10971,20.99705,PL,,warsaw,mapillary,2024-01-27,1.0
1891051928439716,raw/mapillary/prague/images/1891051928439716.jpg,49.969353,14.387,CZ,,prague,mapillary,2026-02-01,1.0
407326984982876,raw/mapillary/warsaw/images/407326984982876.jpg,52.101722,20.876202,PL,,warsaw,mapillary,2024-01-08,1.0
1015819769226621,raw/mapillary/budapest/images/1015819769226621.jpg,47.530493,18.997691,HU,,budapest,mapillary,2018-01-30,1.0
884146743160808,raw/mapillary/warsaw/images/884146743160808.jpg,52.109964,21.000771,PL,,warsaw,mapillary,2023-09-07,1.0
2443767662500873,raw/mapillary/prague/images/2443767662500873.jpg,49.951306,14.391704,CZ,,prague,mapillary,2022-10-26,1.0
722701203620904,raw/mapillary/prague/images/722701203620904.jpg,49.957837,14.603016,CZ,,prague,mapillary,2025-06-01,1.0
330258058467018,raw/mapillary/budapest/images/330258058467018.jpg,47.499593,19.090561,HU,,budapest,mapillary,2020-06-28,1.0
143052771171017,raw/mapillary/budapest/images/143052771171017.jpg,47.549335,18.973902,HU,,budapest,mapillary,2017-12-10,1.0
686268520372634,raw/mapillary/warsaw/images/686268520372634.jpg,52.100401,20.855756,PL,,warsaw,mapillary,2024-01-24,1.0
5476414802433389,raw/mapillary/prague/images/5476414802433389.jpg,49.960678,14.324889,CZ,,prague,mapillary,2016-12-31,1.0
721650360016389,raw/mapillary/warsaw/images/721650360016389.jpg,52.109934,21.000196,PL,,warsaw,mapillary,2023-09-07,1.0
270741581418612,raw/mapillary/budapest/images/270741581418612.jpg,47.530346,18.997552,HU,,budapest,mapillary,2018-01-30,1.0
219999966600915,raw/mapillary/prague/images/219999966600915.jpg,49.953279,14.518,CZ,,prague,mapillary,2016-10-01,1.0
288846289390377,raw/mapillary/budapest/images/288846289390377.jpg,47.490104,19.002384,HU,,budapest,mapillary,2017-05-05,1.0
3136213573243413,raw/mapillary/prague/images/3136213573243413.jpg,49.959674,14.631954,CZ,,prague,mapillary,2026-03-05,1.0
1737787203346957,raw/mapillary/prague/images/1737787203346957.jpg,49.958389,14.528787,CZ,,prague,mapillary,2023-08-21,1.0
295941796254158,raw/mapillary/prague/images/295941796254158.jpg,49.95164,14.329438,CZ,,prague,mapillary,2023-07-09,1.0
738047044770786,raw/mapillary/budapest/images/738047044770786.jpg,47.520074,18.973105,HU,,budapest,mapillary,2023-05-31,1.0
907226761408857,raw/mapillary/warsaw/images/907226761408857.jpg,52.102864,20.991936,PL,,warsaw,mapillary,2024-01-27,1.0
1334701497234227,raw/mapillary/warsaw/images/1334701497234227.jpg,52.103704,21.040208,PL,,warsaw,mapillary,2024-01-27,1.0
1034891267043996,raw/mapillary/budapest/images/1034891267043996.jpg,47.520041,18.973573,HU,,budapest,mapillary,2018-08-14,1.0
1174985619643015,raw/mapillary/prague/images/1174985619643015.jpg,49.95245,14.375493,CZ,,prague,mapillary,2017-10-19,1.0
230507782207875,raw/mapillary/budapest/images/230507782207875.jpg,47.478756,18.990838,HU,,budapest,mapillary,2018-10-14,1.0
1079263375816533,raw/mapillary/budapest/images/1079263375816533.jpg,47.534603,18.99064,HU,,budapest,mapillary,2016-04-10,1.0
385941002582229,raw/mapillary/budapest/images/385941002582229.jpg,47.480141,19.008178,HU,,budapest,mapillary,2018-08-27,1.0
830121131046997,raw/mapillary/prague/images/830121131046997.jpg,49.953839,14.376857,CZ,,prague,mapillary,2017-05-21,1.0
821840548494870,raw/mapillary/budapest/images/821840548494870.jpg,47.530138,18.986849,HU,,budapest,mapillary,2020-04-25,1.0
814472630912145,raw/mapillary/warsaw/images/814472630912145.jpg,52.107744,20.932334,PL,,warsaw,mapillary,2026-03-01,1.0
996260151838141,raw/mapillary/warsaw/images/996260151838141.jpg,52.104771,21.093029,PL,,warsaw,mapillary,2025-01-25,1.0
1025273988884534,raw/mapillary/prague/images/1025273988884534.jpg,49.957216,14.324119,CZ,,prague,mapillary,2023-07-09,1.0
767782580772186,raw/mapillary/budapest/images/767782580772186.jpg,47.478557,18.980478,HU,,budapest,mapillary,2018-09-30,1.0
904463593729148,raw/mapillary/budapest/images/904463593729148.jpg,47.474942,18.990024,HU,,budapest,mapillary,2017-04-09,1.0
523803626537178,raw/mapillary/warsaw/images/523803626537178.jpg,52.10364,21.040081,PL,,warsaw,mapillary,2023-07-07,1.0
1494153958093412,raw/mapillary/warsaw/images/1494153958093412.jpg,52.103523,20.97033,PL,,warsaw,mapillary,2023-09-05,1.0
1992899691089096,raw/mapillary/prague/images/1992899691089096.jpg,49.956916,14.530129,CZ,,prague,mapillary,2022-10-26,1.0
1089294688265441,raw/mapillary/prague/images/1089294688265441.jpg,49.959047,14.520314,CZ,,prague,mapillary,2020-05-27,1.0
850025563229983,raw/mapillary/warsaw/images/850025563229983.jpg,52.101788,20.877465,PL,,warsaw,mapillary,2023-09-09,1.0
910453149750621,raw/mapillary/prague/images/910453149750621.jpg,49.953678,14.376886,CZ,,prague,mapillary,2016-11-08,1.0
299415791719795,raw/mapillary/budapest/images/299415791719795.jpg,47.49239,18.979357,HU,,budapest,mapillary,2019-05-12,1.0
2303374779848617,raw/mapillary/prague/images/2303374779848617.jpg,49.955131,14.325936,CZ,,prague,mapillary,2023-07-09,1.0
126952272741157,raw/mapillary/warsaw/images/126952272741157.jpg,52.101289,20.87015,PL,,warsaw,mapillary,2020-07-03,1.0
871486704701081,raw/mapillary/prague/images/871486704701081.jpg,49.959466,14.393973,CZ,,prague,mapillary,2022-10-26,1.0
561278110007274,raw/mapillary/prague/images/561278110007274.jpg,49.969146,14.38668,CZ,,prague,mapillary,2024-12-08,1.0
2922631734677166,raw/mapillary/budapest/images/2922631734677166.jpg,47.480074,18.978119,HU,,budapest,mapillary,2019-08-11,1.0
1688828091594515,raw/mapillary/prague/images/1688828091594515.jpg,49.952342,14.537303,CZ,,prague,mapillary,2022-10-26,1.0
1204279373326516,raw/mapillary/budapest/images/1204279373326516.jpg,47.490297,19.002288,HU,,budapest,mapillary,2018-06-20,1.0
1426521604873973,raw/mapillary/warsaw/images/1426521604873973.jpg,52.103507,20.970607,PL,,warsaw,mapillary,2023-09-05,1.0
2798512580459859,raw/mapillary/budapest/images/2798512580459859.jpg,47.510202,18.977233,HU,,budapest,mapillary,2020-10-22,1.0
3425969187695419,raw/mapillary/warsaw/images/3425969187695419.jpg,52.107741,20.932294,PL,,warsaw,mapillary,2024-06-05,1.0
884047900128813,raw/mapillary/warsaw/images/884047900128813.jpg,52.104464,21.035337,PL,,warsaw,mapillary,2024-01-27,1.0
980441596036925,raw/mapillary/prague/images/980441596036925.jpg,49.958006,14.32208,CZ,,prague,mapillary,2016-10-09,1.0
2424504887886421,raw/mapillary/warsaw/images/2424504887886421.jpg,52.100757,21.084354,PL,,warsaw,mapillary,2025-01-25,1.0
258290109385903,raw/mapillary/warsaw/images/258290109385903.jpg,52.101147,20.867807,PL,,warsaw,mapillary,2020-07-03,1.0
258736322605487,raw/mapillary/budapest/images/258736322605487.jpg,47.530206,18.979099,HU,,budapest,mapillary,2016-03-28,1.0
1094267841982724,raw/mapillary/warsaw/images/1094267841982724.jpg,52.101902,20.879138,PL,,warsaw,mapillary,2023-09-09,1.0
573593800916331,raw/mapillary/warsaw/images/573593800916331.jpg,52.102418,21.054235,PL,,warsaw,mapillary,2022-08-07,1.0
383186516249128,raw/mapillary/budapest/images/383186516249128.jpg,47.495113,18.979381,HU,,budapest,mapillary,2017-11-01,1.0
527969251538371,raw/mapillary/prague/images/527969251538371.jpg,49.953254,14.318966,CZ,,prague,mapillary,2016-10-09,1.0
307513262169972,raw/mapillary/warsaw/images/307513262169972.jpg,52.102907,20.970171,PL,,warsaw,mapillary,2023-09-05,1.0
749017097407912,raw/mapillary/prague/images/749017097407912.jpg,49.959416,14.632441,CZ,,prague,mapillary,2024-10-31,1.0
818565093136958,raw/mapillary/prague/images/818565093136958.jpg,49.967849,14.335187,CZ,,prague,mapillary,2023-07-09,1.0
292007820040994,raw/mapillary/prague/images/292007820040994.jpg,49.967628,14.334013,CZ,,prague,mapillary,2023-07-09,1.0
2505730333154393,raw/mapillary/prague/images/2505730333154393.jpg,49.969495,14.387019,CZ,,prague,mapillary,2026-02-01,1.0
1639240847390535,raw/mapillary/prague/images/1639240847390535.jpg,49.959473,14.632082,CZ,,prague,mapillary,2026-04-15,1.0
944789804364482,raw/mapillary/warsaw/images/944789804364482.jpg,52.107441,20.932214,PL,,warsaw,mapillary,2025-06-12,1.0
1044132492785296,raw/mapillary/warsaw/images/1044132492785296.jpg,52.100014,20.853359,PL,,warsaw,mapillary,2019-08-17,1.0
1924614518436440,raw/mapillary/budapest/images/1924614518436440.jpg,47.530478,18.978817,HU,,budapest,mapillary,2025-11-01,1.0
1386308135926138,raw/mapillary/prague/images/1386308135926138.jpg,49.969326,14.387004,CZ,,prague,mapillary,2026-02-01,1.0
843042396287105,raw/mapillary/budapest/images/843042396287105.jpg,47.549871,18.974836,HU,,budapest,mapillary,2017-12-10,1.0
4258444271102755,raw/mapillary/prague/images/4258444271102755.jpg,49.96046,14.379215,CZ,,prague,mapillary,2026-01-12,1.0
705052154890705,raw/mapillary/warsaw/images/705052154890705.jpg,52.103369,20.970565,PL,,warsaw,mapillary,2023-09-05,1.0
253046316561953,raw/mapillary/budapest/images/253046316561953.jpg,47.477958,18.975069,HU,,budapest,mapillary,2018-09-29,1.0
296788351928331,raw/mapillary/prague/images/296788351928331.jpg,49.952195,14.537588,CZ,,prague,mapillary,2016-08-28,1.0
896744505777704,raw/mapillary/prague/images/896744505777704.jpg,49.969302,14.385624,CZ,,prague,mapillary,2024-12-08,1.0
295557683302557,raw/mapillary/prague/images/295557683302557.jpg,49.958261,14.393147,CZ,,prague,mapillary,2022-10-26,1.0
2007175566326571,raw/mapillary/warsaw/images/2007175566326571.jpg,52.103502,20.97065,PL,,warsaw,mapillary,2023-09-05,1.0
174087991272844,raw/mapillary/budapest/images/174087991272844.jpg,47.499622,19.090153,HU,,budapest,mapillary,2018-03-11,1.0
1204858554573787,raw/mapillary/budapest/images/1204858554573787.jpg,47.530426,18.97883,HU,,budapest,mapillary,2025-04-05,1.0
1502294840199775,raw/mapillary/warsaw/images/1502294840199775.jpg,52.109431,21.055741,PL,,warsaw,mapillary,2022-08-07,1.0
886369406392970,raw/mapillary/warsaw/images/886369406392970.jpg,52.109919,21.00002,PL,,warsaw,mapillary,2023-09-07,1.0
185981066638776,raw/mapillary/prague/images/185981066638776.jpg,49.956829,14.464421,CZ,,prague,mapillary,2020-05-26,1.0
2925453897634659,raw/mapillary/prague/images/2925453897634659.jpg,49.959374,14.632174,CZ,,prague,mapillary,2025-04-20,1.0
275316805344332,raw/mapillary/warsaw/images/275316805344332.jpg,52.107554,21.040026,PL,,warsaw,mapillary,2024-01-27,1.0
1643837099481255,raw/mapillary/warsaw/images/1643837099481255.jpg,52.106069,21.020026,PL,,warsaw,mapillary,2024-01-27,1.0
777256132960999,raw/mapillary/warsaw/images/777256132960999.jpg,52.10253,21.018953,PL,,warsaw,mapillary,2019-08-17,1.0
921072289009182,raw/mapillary/budapest/images/921072289009182.jpg,47.520064,18.973147,HU,,budapest,mapillary,2023-05-31,1.0
250509710093311,raw/mapillary/budapest/images/250509710093311.jpg,47.480735,18.980308,HU,,budapest,mapillary,2018-10-14,1.0
985616279323855,raw/mapillary/prague/images/985616279323855.jpg,49.967289,14.333497,CZ,,prague,mapillary,2023-07-09,1.0
1574530649953099,raw/mapillary/warsaw/images/1574530649953099.jpg,52.108696,21.032969,PL,,warsaw,mapillary,2024-01-27,1.0
1107353620907476,raw/mapillary/prague/images/1107353620907476.jpg,49.958268,14.633824,CZ,,prague,mapillary,2024-10-31,1.0
182070587129000,raw/mapillary/budapest/images/182070587129000.jpg,47.530278,18.987222,HU,,budapest,mapillary,2021-04-02,1.0
312656860417604,raw/mapillary/budapest/images/312656860417604.jpg,47.549224,18.973718,HU,,budapest,mapillary,2020-08-14,1.0
305639245564609,raw/mapillary/prague/images/305639245564609.jpg,49.951847,14.391715,CZ,,prague,mapillary,2022-10-26,1.0
1332535140476431,raw/mapillary/budapest/images/1332535140476431.jpg,47.510293,18.976725,HU,,budapest,mapillary,2020-12-06,1.0
219427126295533,raw/mapillary/budapest/images/219427126295533.jpg,47.530432,18.978838,HU,,budapest,mapillary,2019-05-08,1.0
494666895313041,raw/mapillary/prague/images/494666895313041.jpg,49.951766,14.518652,CZ,,prague,mapillary,2016-10-01,1.0
1185624331903876,raw/mapillary/budapest/images/1185624331903876.jpg,47.478165,18.97553,HU,,budapest,mapillary,2016-10-31,1.0
1037116407387066,raw/mapillary/warsaw/images/1037116407387066.jpg,52.104015,20.970866,PL,,warsaw,mapillary,2024-02-18,1.0
1179136589534022,raw/mapillary/prague/images/1179136589534022.jpg,49.959974,14.527014,CZ,,prague,mapillary,2022-10-26,1.0
692991716332453,raw/mapillary/warsaw/images/692991716332453.jpg,52.107753,21.040215,PL,,warsaw,mapillary,2024-01-27,1.0
862149955612411,raw/mapillary/warsaw/images/862149955612411.jpg,52.103543,20.970685,PL,,warsaw,mapillary,2023-09-07,1.0
306938151014679,raw/mapillary/prague/images/306938151014679.jpg,49.957333,14.518105,CZ,,prague,mapillary,2020-05-27,1.0
147621873987745,raw/mapillary/budapest/images/147621873987745.jpg,47.480329,18.980925,HU,,budapest,mapillary,2016-10-31,1.0
1662150380959811,raw/mapillary/warsaw/images/1662150380959811.jpg,52.106195,21.031931,PL,,warsaw,mapillary,2023-07-07,1.0
1510451773027819,raw/mapillary/prague/images/1510451773027819.jpg,49.955644,14.325391,CZ,,prague,mapillary,2023-07-09,1.0
373651145372443,raw/mapillary/warsaw/images/373651145372443.jpg,52.109331,21.042676,PL,,warsaw,mapillary,2024-01-27,1.0
1258200272614498,raw/mapillary/warsaw/images/1258200272614498.jpg,52.101506,20.872522,PL,,warsaw,mapillary,2025-07-25,1.0
1093843325306384,raw/mapillary/prague/images/1093843325306384.jpg,49.969284,14.386537,CZ,,prague,mapillary,2024-12-08,1.0
1017998302066717,raw/mapillary/budapest/images/1017998302066717.jpg,47.535831,19.000031,HU,,budapest,mapillary,2018-09-21,1.0
1318131942157126,raw/mapillary/warsaw/images/1318131942157126.jpg,52.101774,20.877209,PL,,warsaw,mapillary,2023-09-09,1.0
170003225038665,raw/mapillary/budapest/images/170003225038665.jpg,47.499619,19.090114,HU,,budapest,mapillary,2018-03-21,1.0
1355289342641817,raw/mapillary/budapest/images/1355289342641817.jpg,47.486667,19.000747,HU,,budapest,mapillary,2025-12-04,1.0
503843947416604,raw/mapillary/budapest/images/503843947416604.jpg,47.474231,18.99029,HU,,budapest,mapillary,2020-11-05,1.0
168813915066478,raw/mapillary/budapest/images/168813915066478.jpg,47.530159,18.987018,HU,,budapest,mapillary,2020-04-25,1.0
1559465008162357,raw/mapillary/warsaw/images/1559465008162357.jpg,52.103065,20.970141,PL,,warsaw,mapillary,2024-01-19,1.0
709064514097566,raw/mapillary/prague/images/709064514097566.jpg,49.958205,14.393113,CZ,,prague,mapillary,2022-10-26,1.0
1015283560808038,raw/mapillary/prague/images/1015283560808038.jpg,49.957242,14.603363,CZ,,prague,mapillary,2025-06-01,1.0
508083673636764,raw/mapillary/budapest/images/508083673636764.jpg,47.520208,18.972626,HU,,budapest,mapillary,2018-08-06,1.0
643696759904736,raw/mapillary/warsaw/images/643696759904736.jpg,52.104723,21.058235,PL,,warsaw,mapillary,2021-06-07,1.0
283950913403602,raw/mapillary/prague/images/283950913403602.jpg,49.952343,14.537374,CZ,,prague,mapillary,2016-08-28,1.0
752141898800542,raw/mapillary/prague/images/752141898800542.jpg,49.953138,14.31867,CZ,,prague,mapillary,2016-12-31,1.0
3763492437300843,raw/mapillary/prague/images/3763492437300843.jpg,49.952305,14.537358,CZ,,prague,mapillary,2022-10-26,1.0
501980280950835,raw/mapillary/budapest/images/501980280950835.jpg,47.480082,19.008004,HU,,budapest,mapillary,2018-08-27,1.0
562608503183639,raw/mapillary/prague/images/562608503183639.jpg,49.969087,14.386193,CZ,,prague,mapillary,2024-12-08,1.0
906733812040161,raw/mapillary/prague/images/906733812040161.jpg,49.952788,14.375662,CZ,,prague,mapillary,2026-01-12,1.0
517397382770565,raw/mapillary/budapest/images/517397382770565.jpg,47.510169,18.977879,HU,,budapest,mapillary,2017-07-07,1.0
337365291130242,raw/mapillary/prague/images/337365291130242.jpg,49.950688,14.518351,CZ,,prague,mapillary,2020-05-27,1.0
550955726311259,raw/mapillary/prague/images/550955726311259.jpg,49.958406,14.519094,CZ,,prague,mapillary,2020-05-27,1.0
674012965644339,raw/mapillary/budapest/images/674012965644339.jpg,47.486672,19.000806,HU,,budapest,mapillary,2025-12-04,1.0
244816930721348,raw/mapillary/prague/images/244816930721348.jpg,49.959453,14.632385,CZ,,prague,mapillary,2018-09-09,1.0
4657837504239975,raw/mapillary/prague/images/4657837504239975.jpg,49.955531,14.320115,CZ,,prague,mapillary,2016-10-09,1.0
1307363046853548,raw/mapillary/prague/images/1307363046853548.jpg,49.967213,14.337778,CZ,,prague,mapillary,2023-07-09,1.0
716676616928721,raw/mapillary/warsaw/images/716676616928721.jpg,52.105862,21.034728,PL,,warsaw,mapillary,2023-07-07,1.0
1423108829418374,raw/mapillary/warsaw/images/1423108829418374.jpg,52.104181,20.970929,PL,,warsaw,mapillary,2026-01-10,1.0
139404451545562,raw/mapillary/budapest/images/139404451545562.jpg,47.530582,19.015907,HU,,budapest,mapillary,2020-04-11,1.0
24877216771877311,raw/mapillary/prague/images/24877216771877311.jpg,49.951767,14.391709,CZ,,prague,mapillary,2022-10-26,1.0
2911109492541025,raw/mapillary/budapest/images/2911109492541025.jpg,47.495079,18.979545,HU,,budapest,mapillary,2017-11-01,1.0
1777568483066180,raw/mapillary/warsaw/images/1777568483066180.jpg,52.100462,21.08419,PL,,warsaw,mapillary,2025-01-25,1.0
300044008270641,raw/mapillary/budapest/images/300044008270641.jpg,47.510158,18.975415,HU,,budapest,mapillary,2020-04-30,1.0
458658755196419,raw/mapillary/warsaw/images/458658755196419.jpg,52.102221,21.018983,PL,,warsaw,mapillary,2019-08-17,1.0
1051863306536488,raw/mapillary/prague/images/1051863306536488.jpg,49.954348,14.606687,CZ,,prague,mapillary,2025-06-01,1.0
1253452455666228,raw/mapillary/budapest/images/1253452455666228.jpg,47.541672,18.986274,HU,,budapest,mapillary,2024-11-03,1.0
2283939145134175,raw/mapillary/prague/images/2283939145134175.jpg,49.953386,14.391991,CZ,,prague,mapillary,2022-10-26,1.0
892937555899316,raw/mapillary/warsaw/images/892937555899316.jpg,52.107651,21.040066,PL,,warsaw,mapillary,2024-01-27,1.0
7856950934385202,raw/mapillary/prague/images/7856950934385202.jpg,49.959369,14.632205,CZ,,prague,mapillary,2024-07-10,1.0
509349450228324,raw/mapillary/budapest/images/509349450228324.jpg,47.474887,18.990073,HU,,budapest,mapillary,2017-04-09,1.0
6331527473615095,raw/mapillary/prague/images/6331527473615095.jpg,49.953139,14.391942,CZ,,prague,mapillary,2022-10-26,1.0
522562972210428,raw/mapillary/prague/images/522562972210428.jpg,49.959302,14.63249,CZ,,prague,mapillary,2017-09-03,1.0
1191586958900636,raw/mapillary/prague/images/1191586958900636.jpg,49.963766,14.327143,CZ,,prague,mapillary,2023-07-09,1.0
523885615451671,raw/mapillary/budapest/images/523885615451671.jpg,47.520148,18.97279,HU,,budapest,mapillary,2020-03-30,1.0
561042263725070,raw/mapillary/prague/images/561042263725070.jpg,49.953048,14.609378,CZ,,prague,mapillary,2025-06-01,1.0
1987285198323203,raw/mapillary/prague/images/1987285198323203.jpg,49.953345,14.391983,CZ,,prague,mapillary,2022-10-26,1.0
5243164932468310,raw/mapillary/warsaw/images/5243164932468310.jpg,52.102226,21.019103,PL,,warsaw,mapillary,2022-08-04,1.0
1126207181256683,raw/mapillary/budapest/images/1126207181256683.jpg,47.472222,19.01,HU,,budapest,mapillary,2022-04-26,1.0
2565011887138729,raw/mapillary/budapest/images/2565011887138729.jpg,47.510163,18.978353,HU,,budapest,mapillary,2017-07-07,1.0
624901449949776,raw/mapillary/warsaw/images/624901449949776.jpg,52.100959,21.084534,PL,,warsaw,mapillary,2025-01-25,1.0
923630241822507,raw/mapillary/prague/images/923630241822507.jpg,49.959535,14.521797,CZ,,prague,mapillary,2020-05-27,1.0
176607340938345,raw/mapillary/prague/images/176607340938345.jpg,49.950282,14.518528,CZ,,prague,mapillary,2020-05-27,1.0
399684972614988,raw/mapillary/warsaw/images/399684972614988.jpg,52.109124,21.042361,PL,,warsaw,mapillary,2024-01-27,1.0
975221816616300,raw/mapillary/warsaw/images/975221816616300.jpg,52.101753,20.877186,PL,,warsaw,mapillary,2019-11-03,1.0
991989845536148,raw/mapillary/prague/images/991989845536148.jpg,49.966862,14.338648,CZ,,prague,mapillary,2023-07-09,1.0
1042174170174273,raw/mapillary/warsaw/images/1042174170174273.jpg,52.101111,20.86939,PL,,warsaw,mapillary,2024-01-24,1.0
2413673858835748,raw/mapillary/budapest/images/2413673858835748.jpg,47.510106,18.978047,HU,,budapest,mapillary,2024-10-05,1.0
974705456647690,raw/mapillary/prague/images/974705456647690.jpg,49.958306,14.463034,CZ,,prague,mapillary,2020-05-26,1.0
590724647179375,raw/mapillary/warsaw/images/590724647179375.jpg,52.100143,21.083964,PL,,warsaw,mapillary,2025-01-25,1.0
129794925825659,raw/mapillary/warsaw/images/129794925825659.jpg,52.106356,21.053013,PL,,warsaw,mapillary,2021-06-07,1.0
1189856245429255,raw/mapillary/budapest/images/1189856245429255.jpg,47.541595,18.98626,HU,,budapest,mapillary,2024-11-03,1.0
253848556539561,raw/mapillary/warsaw/images/253848556539561.jpg,52.100275,21.066431,PL,,warsaw,mapillary,2021-06-07,1.0
1520888902009712,raw/mapillary/warsaw/images/1520888902009712.jpg,52.103682,20.970736,PL,,warsaw,mapillary,2023-09-07,1.0
242948970913041,raw/mapillary/prague/images/242948970913041.jpg,49.960198,14.382372,CZ,,prague,mapillary,2016-04-13,1.0
478710715211080,raw/mapillary/prague/images/478710715211080.jpg,49.959541,14.63229,CZ,,prague,mapillary,2024-10-31,1.0
2496647383850616,raw/mapillary/warsaw/images/2496647383850616.jpg,52.100177,20.85497,PL,,warsaw,mapillary,2024-01-08,1.0
398274081129595,raw/mapillary/budapest/images/398274081129595.jpg,47.510017,18.978899,HU,,budapest,mapillary,2019-03-26,1.0
1474628853981859,raw/mapillary/warsaw/images/1474628853981859.jpg,52.101808,20.877794,PL,,warsaw,mapillary,2025-07-23,1.0
993738421370600,raw/mapillary/warsaw/images/993738421370600.jpg,52.104943,21.09692,PL,,warsaw,mapillary,2021-06-07,1.0
186151853390613,raw/mapillary/prague/images/186151853390613.jpg,49.951201,14.518249,CZ,,prague,mapillary,2020-05-27,1.0
1365456511468063,raw/mapillary/warsaw/images/1365456511468063.jpg,52.100091,21.083926,PL,,warsaw,mapillary,2025-01-25,1.0
1607743959616149,raw/mapillary/budapest/images/1607743959616149.jpg,47.510028,18.978765,HU,,budapest,mapillary,2020-10-22,1.0
483725619602711,raw/mapillary/warsaw/images/483725619602711.jpg,52.100286,20.856053,PL,,warsaw,mapillary,2020-07-03,1.0
3326176517662906,raw/mapillary/warsaw/images/3326176517662906.jpg,52.10755,20.932218,PL,,warsaw,mapillary,2022-07-29,1.0
1516771362227281,raw/mapillary/warsaw/images/1516771362227281.jpg,52.100233,20.855544,PL,,warsaw,mapillary,2024-01-08,1.0
377228261562442,raw/mapillary/warsaw/images/377228261562442.jpg,52.106079,21.020068,PL,,warsaw,mapillary,2024-01-27,1.0
1294231328709863,raw/mapillary/warsaw/images/1294231328709863.jpg,52.107443,20.932158,PL,,warsaw,mapillary,2026-04-30,1.0
1457198391305539,raw/mapillary/prague/images/1457198391305539.jpg,49.959086,14.520419,CZ,,prague,mapillary,2020-05-27,1.0
1221052523458596,raw/mapillary/warsaw/images/1221052523458596.jpg,52.103652,20.970712,PL,,warsaw,mapillary,2026-01-10,1.0
791940871430018,raw/mapillary/budapest/images/791940871430018.jpg,47.530145,18.997407,HU,,budapest,mapillary,2018-01-30,1.0
3073379686271455,raw/mapillary/budapest/images/3073379686271455.jpg,47.530054,18.986894,HU,,budapest,mapillary,2017-12-10,1.0
805117810210909,raw/mapillary/budapest/images/805117810210909.jpg,47.475114,19.010554,HU,,budapest,mapillary,2018-08-27,1.0
1393888724584483,raw/mapillary/prague/images/1393888724584483.jpg,49.957838,14.529206,CZ,,prague,mapillary,2022-10-26,1.0
1026186398162198,raw/mapillary/budapest/images/1026186398162198.jpg,47.510132,18.977987,HU,,budapest,mapillary,2018-08-16,1.0
5140140946124508,raw/mapillary/warsaw/images/5140140946124508.jpg,52.10758,20.932218,PL,,warsaw,mapillary,2026-04-30,1.0
4052099328211770,raw/mapillary/prague/images/4052099328211770.jpg,49.952512,14.518043,CZ,,prague,mapillary,2020-05-27,1.0
640186028310347,raw/mapillary/prague/images/640186028310347.jpg,49.950616,14.391784,CZ,,prague,mapillary,2022-10-26,1.0
1231141402144369,raw/mapillary/prague/images/1231141402144369.jpg,49.959314,14.632268,CZ,,prague,mapillary,2026-04-15,1.0
3792794574164418,raw/mapillary/budapest/images/3792794574164418.jpg,47.47012,19.000531,HU,,budapest,mapillary,2019-06-14,1.0
716179394292655,raw/mapillary/warsaw/images/716179394292655.jpg,52.107387,20.932186,PL,,warsaw,mapillary,2025-06-12,1.0
4479508728727511,raw/mapillary/prague/images/4479508728727511.jpg,49.952986,14.318459,CZ,,prague,mapillary,2016-10-09,1.0
1731292740777132,raw/mapillary/warsaw/images/1731292740777132.jpg,52.10444,21.090969,PL,,warsaw,mapillary,2025-01-25,1.0
757153453535644,raw/mapillary/warsaw/images/757153453535644.jpg,52.10183,20.877267,PL,,warsaw,mapillary,2025-07-25,1.0
820334912237396,raw/mapillary/budapest/images/820334912237396.jpg,47.510136,18.977598,HU,,budapest,mapillary,2020-12-06,1.0
1128332268478007,raw/mapillary/warsaw/images/1128332268478007.jpg,52.10003,21.067103,PL,,warsaw,mapillary,2025-01-25,1.0
263153252219034,raw/mapillary/budapest/images/263153252219034.jpg,47.47509,19.010607,HU,,budapest,mapillary,2018-05-24,1.0
236827714868878,raw/mapillary/budapest/images/236827714868878.jpg,47.490121,18.979376,HU,,budapest,mapillary,2017-11-01,1.0
332223656606199,raw/mapillary/prague/images/332223656606199.jpg,49.959632,14.631884,CZ,,prague,mapillary,2024-07-10,1.0
326452869014269,raw/mapillary/prague/images/326452869014269.jpg,49.958708,14.323155,CZ,,prague,mapillary,2016-12-31,1.0
1315049863596771,raw/mapillary/warsaw/images/1315049863596771.jpg,52.103911,20.970868,PL,,warsaw,mapillary,2025-09-20,1.0
943072209776208,raw/mapillary/budapest/images/943072209776208.jpg,47.520137,18.973061,HU,,budapest,mapillary,2018-08-14,1.0
1694345530769260,raw/mapillary/warsaw/images/1694345530769260.jpg,52.100758,21.084342,PL,,warsaw,mapillary,2018-09-23,1.0
1039949023692192,raw/mapillary/warsaw/images/1039949023692192.jpg,52.101872,20.878625,PL,,warsaw,mapillary,2023-09-09,1.0
887466540267346,raw/mapillary/warsaw/images/887466540267346.jpg,52.104213,21.090009,PL,,warsaw,mapillary,2025-01-25,1.0
536565001053430,raw/mapillary/prague/images/536565001053430.jpg,49.953293,14.318962,CZ,,prague,mapillary,2016-12-31,1.0
876108394087276,raw/mapillary/prague/images/876108394087276.jpg,49.958219,14.393122,CZ,,prague,mapillary,2022-10-26,1.0
1397915280566348,raw/mapillary/prague/images/1397915280566348.jpg,49.958041,14.463259,CZ,,prague,mapillary,2020-05-26,1.0
299885875845699,raw/mapillary/prague/images/299885875845699.jpg,49.966338,14.341216,CZ,,prague,mapillary,2023-07-09,1.0
795700408914475,raw/mapillary/prague/images/795700408914475.jpg,49.954983,14.326106,CZ,,prague,mapillary,2023-07-09,1.0
2969592963283405,raw/mapillary/budapest/images/2969592963283405.jpg,47.487564,19.010712,HU,,budapest,mapillary,2017-10-08,1.0
830263307621096,raw/mapillary/prague/images/830263307621096.jpg,49.959026,14.52026,CZ,,prague,mapillary,2020-05-27,1.0
1061880164986540,raw/mapillary/prague/images/1061880164986540.jpg,49.958084,14.393039,CZ,,prague,mapillary,2022-10-26,1.0
992382618230195,raw/mapillary/warsaw/images/992382618230195.jpg,52.106038,21.091271,PL,,warsaw,mapillary,2021-06-07,1.0
1435595600564598,raw/mapillary/prague/images/1435595600564598.jpg,49.954737,14.326381,CZ,,prague,mapillary,2023-07-09,1.0
456556235438598,raw/mapillary/budapest/images/456556235438598.jpg,47.549772,18.974656,HU,,budapest,mapillary,2017-12-10,1.0
1468146000614076,raw/mapillary/prague/images/1468146000614076.jpg,49.965682,14.32967,CZ,,prague,mapillary,2023-07-09,1.0
173700157995924,raw/mapillary/budapest/images/173700157995924.jpg,47.475037,19.010469,HU,,budapest,mapillary,2018-05-24,1.0
232264328670210,raw/mapillary/budapest/images/232264328670210.jpg,47.499675,19.09066,HU,,budapest,mapillary,2016-10-13,1.0
761970809152950,raw/mapillary/warsaw/images/761970809152950.jpg,52.104414,21.035292,PL,,warsaw,mapillary,2024-01-27,1.0
1203709770066303,raw/mapillary/budapest/images/1203709770066303.jpg,47.530252,18.97898,HU,,budapest,mapillary,2019-05-08,1.0
2946785165641731,raw/mapillary/budapest/images/2946785165641731.jpg,47.520161,18.972961,HU,,budapest,mapillary,2018-08-14,1.0
855459159543444,raw/mapillary/prague/images/855459159543444.jpg,49.958168,14.52891,CZ,,prague,mapillary,2022-10-26,1.0
148147861597535,raw/mapillary/prague/images/148147861597535.jpg,49.951783,14.329152,CZ,,prague,mapillary,2023-07-09,1.0
250645076747837,raw/mapillary/budapest/images/250645076747837.jpg,47.480008,19.008245,HU,,budapest,mapillary,2018-08-27,1.0
337998771087607,raw/mapillary/budapest/images/337998771087607.jpg,47.499614,19.090512,HU,,budapest,mapillary,2018-03-21,1.0
1548697489708810,raw/mapillary/budapest/images/1548697489708810.jpg,47.486494,19.000511,HU,,budapest,mapillary,2025-12-04,1.0
351567947256984,raw/mapillary/prague/images/351567947256984.jpg,49.950389,14.391837,CZ,,prague,mapillary,2022-10-26,1.0
310610273836120,raw/mapillary/budapest/images/310610273836120.jpg,47.530582,18.978735,HU,,budapest,mapillary,2018-07-03,1.0
310317810666982,raw/mapillary/prague/images/310317810666982.jpg,49.959872,14.522862,CZ,,prague,mapillary,2020-05-27,1.0
146838014028071,raw/mapillary/budapest/images/146838014028071.jpg,47.472067,18.978721,HU,,budapest,mapillary,2019-11-23,1.0
2467158856776999,raw/mapillary/prague/images/2467158856776999.jpg,49.952993,14.391914,CZ,,prague,mapillary,2022-10-26,1.0
1259366645975902,raw/mapillary/warsaw/images/1259366645975902.jpg,52.101078,20.866643,PL,,warsaw,mapillary,2025-07-25,1.0
2994930980787116,raw/mapillary/warsaw/images/2994930980787116.jpg,52.101791,20.877395,PL,,warsaw,mapillary,2020-07-03,1.0
464023474827369,raw/mapillary/budapest/images/464023474827369.jpg,47.53012,18.997371,HU,,budapest,mapillary,2018-01-30,1.0
1109946622817572,raw/mapillary/budapest/images/1109946622817572.jpg,47.530554,18.978698,HU,,budapest,mapillary,2018-07-03,1.0
1150397272105822,raw/mapillary/prague/images/1150397272105822.jpg,49.952782,14.518026,CZ,,prague,mapillary,2020-05-27,1.0
1487589308252146,raw/mapillary/prague/images/1487589308252146.jpg,49.954032,14.32,CZ,,prague,mapillary,2016-10-09,1.0
1430069884006762,raw/mapillary/budapest/images/1430069884006762.jpg,47.499605,19.090085,HU,,budapest,mapillary,2018-10-06,1.0
283356550690430,raw/mapillary/prague/images/283356550690430.jpg,49.958191,14.393105,CZ,,prague,mapillary,2022-10-26,1.0
248805907032102,raw/mapillary/budapest/images/248805907032102.jpg,47.510207,18.977299,HU,,budapest,mapillary,2018-08-16,1.0
1073411998190259,raw/mapillary/warsaw/images/1073411998190259.jpg,52.10015,20.854644,PL,,warsaw,mapillary,2025-07-23,1.0
2917522135198473,raw/mapillary/warsaw/images/2917522135198473.jpg,52.109713,20.99671,PL,,warsaw,mapillary,2020-06-30,1.0
171374661546487,raw/mapillary/prague/images/171374661546487.jpg,49.952215,14.377464,CZ,,prague,mapillary,2016-04-13,1.0
209436134117901,raw/mapillary/budapest/images/209436134117901.jpg,47.530418,18.978792,HU,,budapest,mapillary,2019-05-08,1.0
210189107434296,raw/mapillary/prague/images/210189107434296.jpg,49.953074,14.318633,CZ,,prague,mapillary,2016-10-09,1.0
886660946602939,raw/mapillary/prague/images/886660946602939.jpg,49.96937,14.386718,CZ,,prague,mapillary,2024-12-08,1.0
318510433194853,raw/mapillary/budapest/images/318510433194853.jpg,47.480507,18.980636,HU,,budapest,mapillary,2016-10-31,1.0
314677183560243,raw/mapillary/budapest/images/314677183560243.jpg,47.499621,19.090388,HU,,budapest,mapillary,2021-04-01,1.0
363581029711903,raw/mapillary/warsaw/images/363581029711903.jpg,52.107609,21.040005,PL,,warsaw,mapillary,2024-01-27,1.0
1174033246353137,raw/mapillary/budapest/images/1174033246353137.jpg,47.497401,19.090248,HU,,budapest,mapillary,2017-11-12,1.0
4379144575451799,raw/mapillary/prague/images/4379144575451799.jpg,49.950099,14.314876,CZ,,prague,mapillary,2016-10-09,1.0
1124487445844448,raw/mapillary/warsaw/images/1124487445844448.jpg,52.104145,21.089756,PL,,warsaw,mapillary,2025-01-25,1.0
1091064365692123,raw/mapillary/warsaw/images/1091064365692123.jpg,52.10154,20.872882,PL,,warsaw,mapillary,2025-07-25,1.0
159385826149127,raw/mapillary/prague/images/159385826149127.jpg,49.955736,14.46513,CZ,,prague,mapillary,2020-05-26,1.0
472789723992603,raw/mapillary/warsaw/images/472789723992603.jpg,52.104259,21.090075,PL,,warsaw,mapillary,2018-09-23,1.0
1335067803878288,raw/mapillary/warsaw/images/1335067803878288.jpg,52.108719,21.033049,PL,,warsaw,mapillary,2024-01-27,1.0
223940722420757,raw/mapillary/budapest/images/223940722420757.jpg,47.499653,19.090513,HU,,budapest,mapillary,2019-02-24,1.0
1387645718279187,raw/mapillary/prague/images/1387645718279187.jpg,49.958983,14.520153,CZ,,prague,mapillary,2020-05-27,1.0
520816079108481,raw/mapillary/budapest/images/520816079108481.jpg,47.520154,18.972985,HU,,budapest,mapillary,2018-08-14,1.0
219173427872970,raw/mapillary/warsaw/images/219173427872970.jpg,52.109706,20.996814,PL,,warsaw,mapillary,2023-09-07,1.0
995479128254059,raw/mapillary/prague/images/995479128254059.jpg,49.967581,14.336794,CZ,,prague,mapillary,2023-07-09,1.0
486722056082738,raw/mapillary/budapest/images/486722056082738.jpg,47.48641,19.000641,HU,,budapest,mapillary,2015-10-24,1.0
834910165301362,raw/mapillary/prague/images/834910165301362.jpg,49.952154,14.537573,CZ,,prague,mapillary,2022-10-26,1.0
1107822833075113,raw/mapillary/prague/images/1107822833075113.jpg,49.958795,14.519741,CZ,,prague,mapillary,2020-05-27,1.0
536739977495666,raw/mapillary/warsaw/images/536739977495666.jpg,52.108998,20.981655,PL,,warsaw,mapillary,2020-06-30,1.0
892583655682651,raw/mapillary/warsaw/images/892583655682651.jpg,52.10306,21.039293,PL,,warsaw,mapillary,2024-01-27,1.0
893766439083567,raw/mapillary/warsaw/images/893766439083567.jpg,52.106386,20.9934,PL,,warsaw,mapillary,2024-01-27,1.0
1012342270001897,raw/mapillary/prague/images/1012342270001897.jpg,49.951508,14.391699,CZ,,prague,mapillary,2022-10-26,1.0
1063958282188764,raw/mapillary/budapest/images/1063958282188764.jpg,47.541935,18.986218,HU,,budapest,mapillary,2024-11-03,1.0
149492307141372,raw/mapillary/budapest/images/149492307141372.jpg,47.487541,19.010788,HU,,budapest,mapillary,2017-10-08,1.0
954355188653246,raw/mapillary/budapest/images/954355188653246.jpg,47.480188,19.008005,HU,,budapest,mapillary,2018-08-27,1.0
1178275340295621,raw/mapillary/warsaw/images/1178275340295621.jpg,52.100041,21.066817,PL,,warsaw,mapillary,2025-01-25,1.0
827784978095365,raw/mapillary/prague/images/827784978095365.jpg,49.962589,14.38165,CZ,,prague,mapillary,2016-04-13,1.0
333746548099144,raw/mapillary/budapest/images/333746548099144.jpg,47.480104,18.9781,HU,,budapest,mapillary,2020-06-30,1.0
953366578731783,raw/mapillary/warsaw/images/953366578731783.jpg,52.100365,21.066263,PL,,warsaw,mapillary,2021-06-07,1.0
302861195808458,raw/mapillary/warsaw/images/302861195808458.jpg,52.100258,20.855297,PL,,warsaw,mapillary,2023-09-09,1.0
180800337248230,raw/mapillary/budapest/images/180800337248230.jpg,47.480538,18.98052,HU,,budapest,mapillary,2019-04-28,1.0
1389554338558051,raw/mapillary/prague/images/1389554338558051.jpg,49.951873,14.329097,CZ,,prague,mapillary,2023-07-09,1.0
393981385055181,raw/mapillary/budapest/images/393981385055181.jpg,47.479931,18.974052,HU,,budapest,mapillary,2020-06-30,1.0
958157515012730,raw/mapillary/prague/images/958157515012730.jpg,49.95975,14.522591,CZ,,prague,mapillary,2016-10-01,1.0
1489686666139573,raw/mapillary/prague/images/1489686666139573.jpg,49.954084,14.37709,CZ,,prague,mapillary,2026-03-28,1.0
485550572863414,raw/mapillary/budapest/images/485550572863414.jpg,47.534886,18.990593,HU,,budapest,mapillary,2017-12-10,1.0
151891133599198,raw/mapillary/prague/images/151891133599198.jpg,49.957253,14.518061,CZ,,prague,mapillary,2020-05-27,1.0
1586766191996031,raw/mapillary/warsaw/images/1586766191996031.jpg,52.104747,21.093258,PL,,warsaw,mapillary,2025-01-25,1.0
449379576161775,raw/mapillary/budapest/images/449379576161775.jpg,47.534268,18.990215,HU,,budapest,mapillary,2016-04-10,1.0
1600528053469297,raw/mapillary/budapest/images/1600528053469297.jpg,47.51011,18.977972,HU,,budapest,mapillary,2020-10-22,1.0
9776930215668897,raw/mapillary/warsaw/images/9776930215668897.jpg,52.103255,21.039209,PL,,warsaw,mapillary,2025-01-25,1.0
909838232906797,raw/mapillary/budapest/images/909838232906797.jpg,47.486412,19.000566,HU,,budapest,mapillary,2021-01-20,1.0
217822603440147,raw/mapillary/budapest/images/217822603440147.jpg,47.474298,18.990189,HU,,budapest,mapillary,2017-05-14,1.0
1223007851463168,raw/mapillary/prague/images/1223007851463168.jpg,49.952876,14.518021,CZ,,prague,mapillary,2020-05-27,1.0
3731616507072799,raw/mapillary/warsaw/images/3731616507072799.jpg,52.103329,20.970273,PL,,warsaw,mapillary,2023-09-05,1.0
1135492514097199,raw/mapillary/prague/images/1135492514097199.jpg,49.952253,14.537433,CZ,,prague,mapillary,2022-10-26,1.0
696422909037948,raw/mapillary/warsaw/images/696422909037948.jpg,52.108656,21.032734,PL,,warsaw,mapillary,2024-01-27,1.0
406566864294240,raw/mapillary/budapest/images/406566864294240.jpg,47.485898,19.000016,HU,,budapest,mapillary,2021-11-10,1.0
1275056007180414,raw/mapillary/prague/images/1275056007180414.jpg,49.958206,14.633897,CZ,,prague,mapillary,2024-10-31,1.0
1466632223672179,raw/mapillary/warsaw/images/1466632223672179.jpg,52.107552,20.932288,PL,,warsaw,mapillary,2021-05-03,1.0
1067061597940711,raw/mapillary/warsaw/images/1067061597940711.jpg,52.106304,20.993408,PL,,warsaw,mapillary,2024-01-27,1.0
594104262157533,raw/mapillary/warsaw/images/594104262157533.jpg,52.108401,21.057138,PL,,warsaw,mapillary,2022-08-07,1.0
499463164507806,raw/mapillary/prague/images/499463164507806.jpg,49.956727,14.464504,CZ,,prague,mapillary,2020-05-26,1.0
337361555893330,raw/mapillary/warsaw/images/337361555893330.jpg,52.100088,20.853291,PL,,warsaw,mapillary,2024-01-08,1.0
398752119342134,raw/mapillary/warsaw/images/398752119342134.jpg,52.10871,21.033182,PL,,warsaw,mapillary,2024-01-27,1.0
2298728810322953,raw/mapillary/prague/images/2298728810322953.jpg,49.951827,14.391713,CZ,,prague,mapillary,2022-10-26,1.0
673711498185107,raw/mapillary/prague/images/673711498185107.jpg,49.952215,14.537487,CZ,,prague,mapillary,2022-10-26,1.0
783810902278241,raw/mapillary/prague/images/783810902278241.jpg,49.95882,14.519791,CZ,,prague,mapillary,2020-05-27,1.0
536103484054580,raw/mapillary/prague/images/536103484054580.jpg,49.959558,14.631903,CZ,,prague,mapillary,2016-10-23,1.0
162590565807981,raw/mapillary/budapest/images/162590565807981.jpg,47.483005,18.980461,HU,,budapest,mapillary,2018-09-16,1.0
236263038524296,raw/mapillary/budapest/images/236263038524296.jpg,47.499715,19.090083,HU,,budapest,mapillary,2021-09-20,1.0
1396436744051542,raw/mapillary/prague/images/1396436744051542.jpg,49.958109,14.32216,CZ,,prague,mapillary,2016-10-09,1.0
473412203907692,raw/mapillary/budapest/images/473412203907692.jpg,47.488878,18.97027,HU,,budapest,mapillary,2020-12-31,1.0
770110537022513,raw/mapillary/prague/images/770110537022513.jpg,49.959348,14.521208,CZ,,prague,mapillary,2020-05-27,1.0
553297724121801,raw/mapillary/prague/images/553297724121801.jpg,49.969304,14.385657,CZ,,prague,mapillary,2024-12-08,1.0
405135851972126,raw/mapillary/warsaw/images/405135851972126.jpg,52.1091,21.033144,PL,,warsaw,mapillary,2024-01-27,1.0
1275199732874811,raw/mapillary/budapest/images/1275199732874811.jpg,47.520112,18.973188,HU,,budapest,mapillary,2018-08-14,1.0
1155173712307314,raw/mapillary/warsaw/images/1155173712307314.jpg,52.1041,20.970903,PL,,warsaw,mapillary,2024-02-18,1.0
522014122262815,raw/mapillary/prague/images/522014122262815.jpg,49.952266,14.468352,CZ,,prague,mapillary,2020-05-26,1.0
1557752791634314,raw/mapillary/warsaw/images/1557752791634314.jpg,52.104023,20.970843,PL,,warsaw,mapillary,2023-09-05,1.0
262316582315527,raw/mapillary/budapest/images/262316582315527.jpg,47.530502,18.978685,HU,,budapest,mapillary,2018-09-03,1.0
874560110867972,raw/mapillary/prague/images/874560110867972.jpg,49.959746,14.394185,CZ,,prague,mapillary,2022-10-26,1.0
1432203117132340,raw/mapillary/warsaw/images/1432203117132340.jpg,52.106205,21.053895,PL,,warsaw,mapillary,2021-06-07,1.0
183431437010204,raw/mapillary/prague/images/183431437010204.jpg,49.950814,14.518299,CZ,,prague,mapillary,2020-05-27,1.0
276526924846022,raw/mapillary/warsaw/images/276526924846022.jpg,52.101715,20.876326,PL,,warsaw,mapillary,2023-09-09,1.0
839175061057448,raw/mapillary/prague/images/839175061057448.jpg,49.967031,14.338275,CZ,,prague,mapillary,2023-07-09,1.0
287723976368748,raw/mapillary/warsaw/images/287723976368748.jpg,52.107118,21.090701,PL,,warsaw,mapillary,2021-06-07,1.0
1378868819164038,raw/mapillary/budapest/images/1378868819164038.jpg,47.52008,18.973341,HU,,budapest,mapillary,2018-08-14,1.0
999931217680337,raw/mapillary/prague/images/999931217680337.jpg,49.967003,14.338333,CZ,,prague,mapillary,2023-07-09,1.0
1418015492264781,raw/mapillary/warsaw/images/1418015492264781.jpg,52.101219,20.869632,PL,,warsaw,mapillary,2023-09-09,1.0
859971308064059,raw/mapillary/budapest/images/859971308064059.jpg,47.530132,18.986986,HU,,budapest,mapillary,2020-04-25,1.0
750212498993259,raw/mapillary/prague/images/750212498993259.jpg,49.952661,14.518034,CZ,,prague,mapillary,2020-05-27,1.0
544665178137843,raw/mapillary/prague/images/544665178137843.jpg,49.959965,14.601229,CZ,,prague,mapillary,2024-08-28,1.0
1153493729140542,raw/mapillary/warsaw/images/1153493729140542.jpg,52.106592,20.993387,PL,,warsaw,mapillary,2024-01-27,1.0
774802338633120,raw/mapillary/budapest/images/774802338633120.jpg,47.530456,18.997706,HU,,budapest,mapillary,2025-09-05,1.0
2145245395652700,raw/mapillary/budapest/images/2145245395652700.jpg,47.49962,19.090406,HU,,budapest,mapillary,2022-07-24,1.0
722166613088472,raw/mapillary/prague/images/722166613088472.jpg,49.958177,14.393097,CZ,,prague,mapillary,2022-10-26,1.0
763591222351104,raw/mapillary/warsaw/images/763591222351104.jpg,52.109203,21.042441,PL,,warsaw,mapillary,2024-01-27,1.0
835847174877752,raw/mapillary/warsaw/images/835847174877752.jpg,52.106194,21.032019,PL,,warsaw,mapillary,2023-07-07,1.0
167823781927807,raw/mapillary/budapest/images/167823781927807.jpg,47.53062,18.978708,HU,,budapest,mapillary,2018-11-05,1.0
609986389957377,raw/mapillary/prague/images/609986389957377.jpg,49.959819,14.522696,CZ,,prague,mapillary,2020-05-27,1.0
1646721232487639,raw/mapillary/budapest/images/1646721232487639.jpg,47.499499,19.09037,HU,,budapest,mapillary,2023-10-19,1.0
3838500293071066,raw/mapillary/prague/images/3838500293071066.jpg,49.969136,14.386251,CZ,,prague,mapillary,2024-12-08,1.0
1456463568028344,raw/mapillary/budapest/images/1456463568028344.jpg,47.480133,19.008201,HU,,budapest,mapillary,2018-08-27,1.0
147896887294580,raw/mapillary/budapest/images/147896887294580.jpg,47.472254,18.990188,HU,,budapest,mapillary,2017-01-08,1.0
2557928177695149,raw/mapillary/budapest/images/2557928177695149.jpg,47.540209,18.970745,HU,,budapest,mapillary,2023-06-02,1.0
766898258996869,raw/mapillary/prague/images/766898258996869.jpg,49.952973,14.376028,CZ,,prague,mapillary,2025-07-01,1.0
300924921484009,raw/mapillary/budapest/images/300924921484009.jpg,47.499707,19.090664,HU,,budapest,mapillary,2020-01-06,1.0
135247838594753,raw/mapillary/budapest/images/135247838594753.jpg,47.495214,18.979304,HU,,budapest,mapillary,2018-08-24,1.0
344170944596719,raw/mapillary/warsaw/images/344170944596719.jpg,52.103123,21.054451,PL,,warsaw,mapillary,2022-08-07,1.0
1487957208405185,raw/mapillary/prague/images/1487957208405185.jpg,49.950095,14.330242,CZ,,prague,mapillary,2023-07-09,1.0
2959263591026119,raw/mapillary/budapest/images/2959263591026119.jpg,47.474063,18.990541,HU,,budapest,mapillary,2017-05-13,1.0
519321159112761,raw/mapillary/warsaw/images/519321159112761.jpg,52.100004,20.851764,PL,,warsaw,mapillary,2017-03-01,1.0
1246123564393638,raw/mapillary/warsaw/images/1246123564393638.jpg,52.107337,20.932153,PL,,warsaw,mapillary,2026-03-01,1.0
1534075147281517,raw/mapillary/warsaw/images/1534075147281517.jpg,52.103549,21.040331,PL,,warsaw,mapillary,2025-01-25,1.0
604630825030683,raw/mapillary/prague/images/604630825030683.jpg,49.958243,14.528843,CZ,,prague,mapillary,2022-10-26,1.0
944770709427999,raw/mapillary/budapest/images/944770709427999.jpg,47.490339,18.978851,HU,,budapest,mapillary,2019-11-01,1.0
2948659968714239,raw/mapillary/budapest/images/2948659968714239.jpg,47.499537,19.09044,HU,,budapest,mapillary,2019-08-08,1.0
704572387610869,raw/mapillary/budapest/images/704572387610869.jpg,47.530165,18.987022,HU,,budapest,mapillary,2020-04-25,1.0
150284943709941,raw/mapillary/budapest/images/150284943709941.jpg,47.480082,19.008004,HU,,budapest,mapillary,2018-08-27,1.0
1799545037059498,raw/mapillary/warsaw/images/1799545037059498.jpg,52.103355,20.970259,PL,,warsaw,mapillary,2022-09-24,1.0
404627391933314,raw/mapillary/warsaw/images/404627391933314.jpg,52.108997,21.042077,PL,,warsaw,mapillary,2024-01-27,1.0
1302416278582677,raw/mapillary/warsaw/images/1302416278582677.jpg,52.102412,21.018838,PL,,warsaw,mapillary,2025-11-22,1.0
385198532766807,raw/mapillary/prague/images/385198532766807.jpg,49.959409,14.521397,CZ,,prague,mapillary,2020-05-27,1.0
1041783673626081,raw/mapillary/warsaw/images/1041783673626081.jpg,52.103839,20.970724,PL,,warsaw,mapillary,2023-09-05,1.0
364469911658632,raw/mapillary/prague/images/364469911658632.jpg,49.957982,14.529117,CZ,,prague,mapillary,2016-08-28,1.0
1119485805720621,raw/mapillary/warsaw/images/1119485805720621.jpg,52.102618,20.991937,PL,,warsaw,mapillary,2024-01-27,1.0
219767633925612,raw/mapillary/prague/images/219767633925612.jpg,49.956609,14.324492,CZ,,prague,mapillary,2023-07-09,1.0
217736513492590,raw/mapillary/budapest/images/217736513492590.jpg,47.492463,18.979208,HU,,budapest,mapillary,2018-09-16,1.0
291048093437853,raw/mapillary/prague/images/291048093437853.jpg,49.966355,14.34041,CZ,,prague,mapillary,2023-07-09,1.0
463546321617862,raw/mapillary/budapest/images/463546321617862.jpg,47.493826,18.979685,HU,,budapest,mapillary,2019-03-22,1.0
602015684657602,raw/mapillary/warsaw/images/602015684657602.jpg,52.104613,20.931307,PL,,warsaw,mapillary,2022-07-29,1.0
5767067409984933,raw/mapillary/warsaw/images/5767067409984933.jpg,52.101913,20.878468,PL,,warsaw,mapillary,2014-10-20,1.0
1535533903860378,raw/mapillary/prague/images/1535533903860378.jpg,49.958233,14.39313,CZ,,prague,mapillary,2022-10-26,1.0
1352936138978843,raw/mapillary/prague/images/1352936138978843.jpg,49.966348,14.341342,CZ,,prague,mapillary,2023-07-09,1.0
2158450191627457,raw/mapillary/prague/images/2158450191627457.jpg,49.9548,14.378108,CZ,,prague,mapillary,2026-01-12,1.0
359617719694001,raw/mapillary/warsaw/images/359617719694001.jpg,52.107056,21.056105,PL,,warsaw,mapillary,2022-08-07,1.0
775275544764585,raw/mapillary/prague/images/775275544764585.jpg,49.969478,14.385468,CZ,,prague,mapillary,2024-12-08,1.0
812580087286961,raw/mapillary/budapest/images/812580087286961.jpg,47.530134,18.98358,HU,,budapest,mapillary,2023-11-20,1.0
300354975854503,raw/mapillary/prague/images/300354975854503.jpg,49.96355,14.326866,CZ,,prague,mapillary,2023-07-09,1.0
1852275561617875,raw/mapillary/budapest/images/1852275561617875.jpg,47.510107,18.978325,HU,,budapest,mapillary,2018-08-16,1.0
879087477790698,raw/mapillary/budapest/images/879087477790698.jpg,47.486667,19.000747,HU,,budapest,mapillary,2025-12-04,1.0
1402366687955362,raw/mapillary/warsaw/images/1402366687955362.jpg,52.103506,20.970661,PL,,warsaw,mapillary,2026-01-10,1.0
678247090826558,raw/mapillary/prague/images/678247090826558.jpg,49.955083,14.325992,CZ,,prague,mapillary,2023-07-09,1.0
1240477933076865,raw/mapillary/prague/images/1240477933076865.jpg,49.952892,14.375857,CZ,,prague,mapillary,2017-05-21,1.0
319879424075983,raw/mapillary/prague/images/319879424075983.jpg,49.95838,14.393217,CZ,,prague,mapillary,2022-10-26,1.0
3767153043410635,raw/mapillary/prague/images/3767153043410635.jpg,49.95874,14.323117,CZ,,prague,mapillary,2016-10-09,1.0
1859240630910531,raw/mapillary/budapest/images/1859240630910531.jpg,47.544757,18.976827,HU,,budapest,mapillary,2020-08-14,1.0
1250842063496187,raw/mapillary/warsaw/images/1250842063496187.jpg,52.10784,20.932383,PL,,warsaw,mapillary,2025-06-12,1.0
8932734066824382,raw/mapillary/warsaw/images/8932734066824382.jpg,52.100986,21.084556,PL,,warsaw,mapillary,2025-01-25,1.0
2732491187037013,raw/mapillary/prague/images/2732491187037013.jpg,49.954939,14.378032,CZ,,prague,mapillary,2017-05-21,1.0
690365139587184,raw/mapillary/warsaw/images/690365139587184.jpg,52.105638,21.035334,PL,,warsaw,mapillary,2023-07-07,1.0
183522807198027,raw/mapillary/warsaw/images/183522807198027.jpg,52.107597,20.932292,PL,,warsaw,mapillary,2021-05-03,1.0
1251832595887036,raw/mapillary/warsaw/images/1251832595887036.jpg,52.103501,21.040446,PL,,warsaw,mapillary,2025-01-25,1.0
9747201698670906,raw/mapillary/warsaw/images/9747201698670906.jpg,52.104732,21.093399,PL,,warsaw,mapillary,2025-01-25,1.0
2870590176516444,raw/mapillary/budapest/images/2870590176516444.jpg,47.497401,19.090141,HU,,budapest,mapillary,2017-11-12,1.0
157962856290671,raw/mapillary/budapest/images/157962856290671.jpg,47.48577,19.010658,HU,,budapest,mapillary,2018-08-23,1.0
1020351172574442,raw/mapillary/prague/images/1020351172574442.jpg,49.950905,14.391737,CZ,,prague,mapillary,2022-10-26,1.0
1080042986360646,raw/mapillary/warsaw/images/1080042986360646.jpg,52.103931,20.970866,PL,,warsaw,mapillary,2023-09-21,1.0
1110234914286001,raw/mapillary/warsaw/images/1110234914286001.jpg,52.101258,20.869198,PL,,warsaw,mapillary,2025-07-25,1.0
754585469504443,raw/mapillary/warsaw/images/754585469504443.jpg,52.10439,21.035269,PL,,warsaw,mapillary,2024-01-27,1.0
871131117133004,raw/mapillary/budapest/images/871131117133004.jpg,47.535503,19.000199,HU,,budapest,mapillary,2020-08-31,1.0
2561121374058705,raw/mapillary/warsaw/images/2561121374058705.jpg,52.106038,21.020158,PL,,warsaw,mapillary,2024-01-27,1.0
1827921180714423,raw/mapillary/prague/images/1827921180714423.jpg,49.958225,14.633931,CZ,,prague,mapillary,2018-09-09,1.0
4318780525075986,raw/mapillary/prague/images/4318780525075986.jpg,49.959334,14.632457,CZ,,prague,mapillary,2026-04-15,1.0
2191828170987716,raw/mapillary/budapest/images/2191828170987716.jpg,47.52011,18.972951,HU,,budapest,mapillary,2023-05-31,1.0
380048873433751,raw/mapillary/prague/images/380048873433751.jpg,49.950028,14.314748,CZ,,prague,mapillary,2016-10-09,1.0
810820009528405,raw/mapillary/warsaw/images/810820009528405.jpg,52.10096,21.084484,PL,,warsaw,mapillary,2018-09-23,1.0
229663582248226,raw/mapillary/budapest/images/229663582248226.jpg,47.530581,18.978688,HU,,budapest,mapillary,2018-07-03,1.0
8845237618904454,raw/mapillary/prague/images/8845237618904454.jpg,49.969628,14.385385,CZ,,prague,mapillary,2024-12-08,1.0
2232094180641336,raw/mapillary/warsaw/images/2232094180641336.jpg,52.101188,20.868301,PL,,warsaw,mapillary,2025-07-25,1.0
607835295226024,raw/mapillary/warsaw/images/607835295226024.jpg,52.100321,21.084093,PL,,warsaw,mapillary,2025-01-25,1.0
6467167446707486,raw/mapillary/prague/images/6467167446707486.jpg,49.959029,14.323611,CZ,,prague,mapillary,2023-07-09,1.0
4098251513744685,raw/mapillary/warsaw/images/4098251513744685.jpg,52.10228,21.018795,PL,,warsaw,mapillary,2025-07-05,1.0
305318544597118,raw/mapillary/budapest/images/305318544597118.jpg,47.510242,18.977002,HU,,budapest,mapillary,2020-12-06,1.0
1069938960997891,raw/mapillary/warsaw/images/1069938960997891.jpg,52.107575,21.040057,PL,,warsaw,mapillary,2024-01-27,1.0
288625056232633,raw/mapillary/budapest/images/288625056232633.jpg,47.530506,18.978837,HU,,budapest,mapillary,2018-11-05,1.0
1280440066196668,raw/mapillary/budapest/images/1280440066196668.jpg,47.482502,18.990289,HU,,budapest,mapillary,2023-06-02,1.0
385076323749353,raw/mapillary/warsaw/images/385076323749353.jpg,52.108541,21.056755,PL,,warsaw,mapillary,2022-08-07,1.0
4247356105289074,raw/mapillary/budapest/images/4247356105289074.jpg,47.549813,18.974754,HU,,budapest,mapillary,2017-12-10,1.0
5685929338125827,raw/mapillary/warsaw/images/5685929338125827.jpg,52.106275,21.055653,PL,,warsaw,mapillary,2022-08-07,1.0
2333349723532796,raw/mapillary/warsaw/images/2333349723532796.jpg,52.105973,21.020034,PL,,warsaw,mapillary,2023-09-07,1.0
2883169898573523,raw/mapillary/prague/images/2883169898573523.jpg,49.950358,14.518493,CZ,,prague,mapillary,2020-05-27,1.0
1038727331570694,raw/mapillary/prague/images/1038727331570694.jpg,49.954183,14.607051,CZ,,prague,mapillary,2025-06-01,1.0
3695455644022638,raw/mapillary/prague/images/3695455644022638.jpg,49.958004,14.529057,CZ,,prague,mapillary,2022-10-26,1.0
435966698341682,raw/mapillary/prague/images/435966698341682.jpg,49.952197,14.537636,CZ,,prague,mapillary,2022-08-27,1.0
673686064898116,raw/mapillary/budapest/images/673686064898116.jpg,47.530083,18.983591,HU,,budapest,mapillary,2023-11-20,1.0
333929108076482,raw/mapillary/budapest/images/333929108076482.jpg,47.490047,19.002441,HU,,budapest,mapillary,2017-05-05,1.0
1056811842265742,raw/mapillary/warsaw/images/1056811842265742.jpg,52.100612,20.960741,PL,,warsaw,mapillary,2024-01-27,1.0
1300549320648552,raw/mapillary/prague/images/1300549320648552.jpg,49.958094,14.528976,CZ,,prague,mapillary,2022-10-26,1.0
3036362546680104,raw/mapillary/budapest/images/3036362546680104.jpg,47.499617,19.090194,HU,,budapest,mapillary,2018-03-21,1.0
939216800254793,raw/mapillary/budapest/images/939216800254793.jpg,47.520137,18.973061,HU,,budapest,mapillary,2018-08-14,1.0
312248066936773,raw/mapillary/budapest/images/312248066936773.jpg,47.510156,18.977446,HU,,budapest,mapillary,2020-12-06,1.0
224451569050142,raw/mapillary/budapest/images/224451569050142.jpg,47.530358,18.978844,HU,,budapest,mapillary,2018-09-03,1.0
477325983534642,raw/mapillary/budapest/images/477325983534642.jpg,47.480091,19.007964,HU,,budapest,mapillary,2018-08-27,1.0
311976760547997,raw/mapillary/budapest/images/311976760547997.jpg,47.520128,18.973112,HU,,budapest,mapillary,2018-08-14,1.0
374972760707505,raw/mapillary/budapest/images/374972760707505.jpg,47.520128,18.973112,HU,,budapest,mapillary,2018-08-14,1.0
1657871258464397,raw/mapillary/warsaw/images/1657871258464397.jpg,52.104415,21.090731,PL,,warsaw,mapillary,2025-01-25,1.0
484399377998670,raw/mapillary/prague/images/484399377998670.jpg,49.959625,14.631871,CZ,,prague,mapillary,2025-04-20,1.0
893842232133711,raw/mapillary/prague/images/893842232133711.jpg,49.953325,14.391979,CZ,,prague,mapillary,2022-10-26,1.0
1293620534670757,raw/mapillary/warsaw/images/1293620534670757.jpg,52.104159,20.970967,PL,,warsaw,mapillary,2023-09-21,1.0
219902669945549,raw/mapillary/budapest/images/219902669945549.jpg,47.472928,18.977702,HU,,budapest,mapillary,2018-11-01,1.0
632431653208469,raw/mapillary/prague/images/632431653208469.jpg,49.960309,14.379046,CZ,,prague,mapillary,2025-07-27,1.0
2834744083334811,raw/mapillary/prague/images/2834744083334811.jpg,49.955181,14.325881,CZ,,prague,mapillary,2023-07-09,1.0
1459667021255882,raw/mapillary/warsaw/images/1459667021255882.jpg,52.106676,20.993372,PL,,warsaw,mapillary,2024-01-27,1.0
1319260112432063,raw/mapillary/warsaw/images/1319260112432063.jpg,52.104772,21.092776,PL,,warsaw,mapillary,2025-01-25,1.0
1207611883020052,raw/mapillary/prague/images/1207611883020052.jpg,49.959499,14.521682,CZ,,prague,mapillary,2020-05-27,1.0
236612731783761,raw/mapillary/prague/images/236612731783761.jpg,49.958127,14.528778,CZ,,prague,mapillary,2021-10-20,1.0
324121445792821,raw/mapillary/budapest/images/324121445792821.jpg,47.520106,18.973214,HU,,budapest,mapillary,2018-08-14,1.0
1016636312662167,raw/mapillary/prague/images/1016636312662167.jpg,49.966734,14.338939,CZ,,prague,mapillary,2023-07-09,1.0
905981381676569,raw/mapillary/prague/images/905981381676569.jpg,49.969303,14.38657,CZ,,prague,mapillary,2024-12-08,1.0
2393343944332653,raw/mapillary/warsaw/images/2393343944332653.jpg,52.100018,21.083805,PL,,warsaw,mapillary,2025-01-25,1.0
244001490827665,raw/mapillary/prague/images/244001490827665.jpg,49.958939,14.520048,CZ,,prague,mapillary,2020-05-27,1.0
708152814550191,raw/mapillary/prague/images/708152814550191.jpg,49.956845,14.530212,CZ,,prague,mapillary,2022-10-26,1.0
224062012857638,raw/mapillary/budapest/images/224062012857638.jpg,47.51011,18.977972,HU,,budapest,mapillary,2020-10-22,1.0
2767385786906394,raw/mapillary/budapest/images/2767385786906394.jpg,47.520123,18.973138,HU,,budapest,mapillary,2018-08-14,1.0
912259886294926,raw/mapillary/budapest/images/912259886294926.jpg,47.478897,18.990715,HU,,budapest,mapillary,2018-10-14,1.0
1338559680423003,raw/mapillary/prague/images/1338559680423003.jpg,49.965157,14.328795,CZ,,prague,mapillary,2023-07-09,1.0
992939468109094,raw/mapillary/prague/images/992939468109094.jpg,49.953887,14.37702,CZ,,prague,mapillary,2017-10-19,1.0
1508417996659186,raw/mapillary/prague/images/1508417996659186.jpg,49.959311,14.393855,CZ,,prague,mapillary,2022-10-26,1.0
833193435245780,raw/mapillary/prague/images/833193435245780.jpg,49.955159,14.605097,CZ,,prague,mapillary,2024-08-28,1.0
1015424433966160,raw/mapillary/warsaw/images/1015424433966160.jpg,52.104355,21.090522,PL,,warsaw,mapillary,2025-01-25,1.0
1394584138870299,raw/mapillary/prague/images/1394584138870299.jpg,49.952065,14.37531,CZ,,prague,mapillary,2026-01-12,1.0
301897584767885,raw/mapillary/prague/images/301897584767885.jpg,49.968627,14.334173,CZ,,prague,mapillary,2016-10-09,1.0
1154620058394394,raw/mapillary/budapest/images/1154620058394394.jpg,47.530325,18.997527,HU,,budapest,mapillary,2018-01-30,1.0
851956086750545,raw/mapillary/warsaw/images/851956086750545.jpg,52.107448,20.93217,PL,,warsaw,mapillary,2024-06-05,1.0
3812262308886410,raw/mapillary/budapest/images/3812262308886410.jpg,47.477915,18.990192,HU,,budapest,mapillary,2018-08-20,1.0
770166558763600,raw/mapillary/warsaw/images/770166558763600.jpg,52.101101,20.866672,PL,,warsaw,mapillary,2025-07-25,1.0
383929739592889,raw/mapillary/prague/images/383929739592889.jpg,49.950513,14.518425,CZ,,prague,mapillary,2020-05-27,1.0
1451481875205456,raw/mapillary/prague/images/1451481875205456.jpg,49.958832,14.323235,CZ,,prague,mapillary,2016-12-31,1.0
462039363254022,raw/mapillary/prague/images/462039363254022.jpg,49.969488,14.387049,CZ,,prague,mapillary,2024-12-08,1.0
454923237555062,raw/mapillary/warsaw/images/454923237555062.jpg,52.10427,21.090214,PL,,warsaw,mapillary,2025-01-25,1.0
179224464103257,raw/mapillary/budapest/images/179224464103257.jpg,47.53024,18.987059,HU,,budapest,mapillary,2020-04-25,1.0
2291284551066460,raw/mapillary/prague/images/2291284551066460.jpg,49.959715,14.394161,CZ,,prague,mapillary,2022-10-26,1.0
930074354454884,raw/mapillary/budapest/images/930074354454884.jpg,47.493827,18.979777,HU,,budapest,mapillary,2019-03-22,1.0
214986596847488,raw/mapillary/budapest/images/214986596847488.jpg,47.520067,18.973128,HU,,budapest,mapillary,2020-03-30,1.0
840724604668084,raw/mapillary/prague/images/840724604668084.jpg,49.958256,14.633838,CZ,,prague,mapillary,2024-10-31,1.0
646313987429514,raw/mapillary/prague/images/646313987429514.jpg,49.967566,14.333923,CZ,,prague,mapillary,2023-07-09,1.0
245855520631010,raw/mapillary/prague/images/245855520631010.jpg,49.953068,14.318516,CZ,,prague,mapillary,2016-12-31,1.0
327111232093970,raw/mapillary/prague/images/327111232093970.jpg,49.959679,14.522256,CZ,,prague,mapillary,2020-05-27,1.0
1488192261914713,raw/mapillary/prague/images/1488192261914713.jpg,49.967326,14.333554,CZ,,prague,mapillary,2023-07-09,1.0
130652982431352,raw/mapillary/budapest/images/130652982431352.jpg,47.510258,18.97695,HU,,budapest,mapillary,2018-08-16,1.0
845973387023724,raw/mapillary/warsaw/images/845973387023724.jpg,52.109926,21.000109,PL,,warsaw,mapillary,2023-09-07,1.0
723268373182867,raw/mapillary/prague/images/723268373182867.jpg,49.95832,14.393182,CZ,,prague,mapillary,2022-10-26,1.0
1250514012723265,raw/mapillary/warsaw/images/1250514012723265.jpg,52.104882,21.097129,PL,,warsaw,mapillary,2025-01-25,1.0
309925847263282,raw/mapillary/budapest/images/309925847263282.jpg,47.480138,18.971621,HU,,budapest,mapillary,2020-06-30,1.0
1185835885186969,raw/mapillary/prague/images/1185835885186969.jpg,49.959312,14.521094,CZ,,prague,mapillary,2020-05-27,1.0
867228572072100,raw/mapillary/prague/images/867228572072100.jpg,49.951145,14.391713,CZ,,prague,mapillary,2022-10-26,1.0
476312345303023,raw/mapillary/prague/images/476312345303023.jpg,49.953626,14.608409,CZ,,prague,mapillary,2024-08-28,1.0
1411845919171010,raw/mapillary/prague/images/1411845919171010.jpg,49.957047,14.517965,CZ,,prague,mapillary,2020-05-27,1.0
3998541950189296,raw/mapillary/budapest/images/3998541950189296.jpg,47.530276,18.987113,HU,,budapest,mapillary,2020-04-25,1.0
1260068961381725,raw/mapillary/budapest/images/1260068961381725.jpg,47.520054,18.973187,HU,,budapest,mapillary,2023-05-31,1.0
738550624957193,raw/mapillary/prague/images/738550624957193.jpg,49.959513,14.394008,CZ,,prague,mapillary,2022-10-26,1.0
245303294960123,raw/mapillary/warsaw/images/245303294960123.jpg,52.109958,21.000681,PL,,warsaw,mapillary,2023-09-07,1.0
485403456005631,raw/mapillary/prague/images/485403456005631.jpg,49.953657,14.319547,CZ,,prague,mapillary,2016-12-31,1.0
2347585315594749,raw/mapillary/prague/images/2347585315594749.jpg,49.969307,14.385634,CZ,,prague,mapillary,2024-12-08,1.0
1092905295524893,raw/mapillary/prague/images/1092905295524893.jpg,49.958131,14.633985,CZ,,prague,mapillary,2024-10-31,1.0
1905801682949935,raw/mapillary/warsaw/images/1905801682949935.jpg,52.107741,21.055815,PL,,warsaw,mapillary,2022-08-07,1.0
637867194273591,raw/mapillary/prague/images/637867194273591.jpg,49.957373,14.518127,CZ,,prague,mapillary,2020-05-27,1.0
855394672927513,raw/mapillary/warsaw/images/855394672927513.jpg,52.10003,20.853064,PL,,warsaw,mapillary,2023-09-09,1.0
501473291196037,raw/mapillary/warsaw/images/501473291196037.jpg,52.101831,20.877497,PL,,warsaw,mapillary,2017-03-01,1.0
1362644724643781,raw/mapillary/warsaw/images/1362644724643781.jpg,52.101881,20.878297,PL,,warsaw,mapillary,2024-01-08,1.0
4553363811344434,raw/mapillary/budapest/images/4553363811344434.jpg,47.534334,18.990283,HU,,budapest,mapillary,2016-04-10,1.0
1708284186303237,raw/mapillary/prague/images/1708284186303237.jpg,49.958301,14.323716,CZ,,prague,mapillary,2023-07-09,1.0
247396687132973,raw/mapillary/budapest/images/247396687132973.jpg,47.480695,18.98036,HU,,budapest,mapillary,2018-10-14,1.0
353213307869393,raw/mapillary/warsaw/images/353213307869393.jpg,52.103066,21.038868,PL,,warsaw,mapillary,2024-09-12,1.0
597301115216947,raw/mapillary/warsaw/images/597301115216947.jpg,52.108371,21.05719,PL,,warsaw,mapillary,2022-08-07,1.0
971176741607438,raw/mapillary/warsaw/images/971176741607438.jpg,52.104787,21.09288,PL,,warsaw,mapillary,2025-01-25,1.0
548256949498896,raw/mapillary/prague/images/548256949498896.jpg,49.950013,14.532318,CZ,,prague,mapillary,2016-09-07,1.0
1144120889384145,raw/mapillary/budapest/images/1144120889384145.jpg,47.480291,18.97932,HU,,budapest,mapillary,2018-09-18,1.0
1268193153867724,raw/mapillary/prague/images/1268193153867724.jpg,49.951988,14.391731,CZ,,prague,mapillary,2022-10-26,1.0
5386036074805051,raw/mapillary/budapest/images/5386036074805051.jpg,47.520168,18.972858,HU,,budapest,mapillary,2018-08-06,1.0
1217273459539642,raw/mapillary/warsaw/images/1217273459539642.jpg,52.10356,20.970678,PL,,warsaw,mapillary,2024-09-19,1.0
1194589431500612,raw/mapillary/prague/images/1194589431500612.jpg,49.959793,14.394221,CZ,,prague,mapillary,2022-10-26,1.0
301737318322588,raw/mapillary/prague/images/301737318322588.jpg,49.955671,14.320544,CZ,,prague,mapillary,2016-12-31,1.0
481194709973541,raw/mapillary/budapest/images/481194709973541.jpg,47.520132,18.973091,HU,,budapest,mapillary,2018-08-06,1.0
502217294444970,raw/mapillary/prague/images/502217294444970.jpg,49.952822,14.518085,CZ,,prague,mapillary,2016-10-01,1.0
471903440741771,raw/mapillary/budapest/images/471903440741771.jpg,47.472004,18.978822,HU,,budapest,mapillary,2018-11-01,1.0
749124562425696,raw/mapillary/prague/images/749124562425696.jpg,49.9538,14.377023,CZ,,prague,mapillary,2016-11-08,1.0
304027524437572,raw/mapillary/budapest/images/304027524437572.jpg,47.548846,18.979488,HU,,budapest,mapillary,2017-08-13,1.0
1049250119562185,raw/mapillary/prague/images/1049250119562185.jpg,49.953252,14.535942,CZ,,prague,mapillary,2022-10-26,1.0
292867872519141,raw/mapillary/warsaw/images/292867872519141.jpg,52.100068,20.853366,PL,,warsaw,mapillary,2019-11-03,1.0
532830362971114,raw/mapillary/prague/images/532830362971114.jpg,49.958218,14.633882,CZ,,prague,mapillary,2024-10-31,1.0
365234729181548,raw/mapillary/warsaw/images/365234729181548.jpg,52.109702,20.99686,PL,,warsaw,mapillary,2023-09-07,1.0
306337250966010,raw/mapillary/prague/images/306337250966010.jpg,49.953177,14.518004,CZ,,prague,mapillary,2020-05-27,1.0
6660172710761874,raw/mapillary/prague/images/6660172710761874.jpg,49.953468,14.392007,CZ,,prague,mapillary,2022-10-26,1.0
280683260405505,raw/mapillary/budapest/images/280683260405505.jpg,47.480315,18.980816,HU,,budapest,mapillary,2018-10-06,1.0
323072799323441,raw/mapillary/budapest/images/323072799323441.jpg,47.520165,18.972893,HU,,budapest,mapillary,2018-08-08,1.0
2828923380769873,raw/mapillary/budapest/images/2828923380769873.jpg,47.478182,18.974763,HU,,budapest,mapillary,2016-10-31,1.0
822892451650135,raw/mapillary/budapest/images/822892451650135.jpg,47.530245,18.987063,HU,,budapest,mapillary,2020-04-25,1.0
1249451499849422,raw/mapillary/prague/images/1249451499849422.jpg,49.957602,14.603184,CZ,,prague,mapillary,2025-06-01,1.0
460380578385852,raw/mapillary/budapest/images/460380578385852.jpg,47.474962,19.0103,HU,,budapest,mapillary,2018-05-24,1.0
819954568638833,raw/mapillary/prague/images/819954568638833.jpg,49.958876,14.519812,CZ,,prague,mapillary,2015-11-14,1.0
3344065712363870,raw/mapillary/budapest/images/3344065712363870.jpg,47.48058,18.980461,HU,,budapest,mapillary,2019-04-28,1.0
512524273493455,raw/mapillary/budapest/images/512524273493455.jpg,47.472301,18.990003,HU,,budapest,mapillary,2017-01-08,1.0
292476709261354,raw/mapillary/prague/images/292476709261354.jpg,49.950889,14.518269,CZ,,prague,mapillary,2020-05-27,1.0
990182664884514,raw/mapillary/warsaw/images/990182664884514.jpg,52.105803,21.056135,PL,,warsaw,mapillary,2021-06-07,1.0
3008616489394521,raw/mapillary/prague/images/3008616489394521.jpg,49.956703,14.517864,CZ,,prague,mapillary,2020-05-27,1.0
465888411385875,raw/mapillary/budapest/images/465888411385875.jpg,47.531545,18.980437,HU,,budapest,mapillary,2019-05-24,1.0
130651225716699,raw/mapillary/budapest/images/130651225716699.jpg,47.472478,18.990018,HU,,budapest,mapillary,2017-04-08,1.0
958271160259633,raw/mapillary/prague/images/958271160259633.jpg,49.959357,14.63243,CZ,,prague,mapillary,2026-04-15,1.0
564641134517260,raw/mapillary/budapest/images/564641134517260.jpg,47.485788,19.010674,HU,,budapest,mapillary,2018-08-23,1.0
1117250142779215,raw/mapillary/warsaw/images/1117250142779215.jpg,52.102944,21.0391,PL,,warsaw,mapillary,2024-01-27,1.0
858210172628643,raw/mapillary/prague/images/858210172628643.jpg,49.95054,14.3918,CZ,,prague,mapillary,2022-10-26,1.0
1087362219126625,raw/mapillary/warsaw/images/1087362219126625.jpg,52.102891,20.991932,PL,,warsaw,mapillary,2024-01-27,1.0
984809109279293,raw/mapillary/prague/images/984809109279293.jpg,49.958111,14.393055,CZ,,prague,mapillary,2022-10-26,1.0
282082286922311,raw/mapillary/budapest/images/282082286922311.jpg,47.495164,18.979232,HU,,budapest,mapillary,2018-08-24,1.0
9025532490828194,raw/mapillary/warsaw/images/9025532490828194.jpg,52.104776,21.092979,PL,,warsaw,mapillary,2025-01-25,1.0
637193888581878,raw/mapillary/prague/images/637193888581878.jpg,49.951125,14.391715,CZ,,prague,mapillary,2022-10-26,1.0
1779647379243563,raw/mapillary/warsaw/images/1779647379243563.jpg,52.100406,21.084151,PL,,warsaw,mapillary,2025-01-25,1.0
2833670563563188,raw/mapillary/warsaw/images/2833670563563188.jpg,52.10008,20.853119,PL,,warsaw,mapillary,2020-07-03,1.0
2171948409925641,raw/mapillary/prague/images/2171948409925641.jpg,49.954872,14.60581,CZ,,prague,mapillary,2025-06-01,1.0
979549257569340,raw/mapillary/warsaw/images/979549257569340.jpg,52.104281,21.09026,PL,,warsaw,mapillary,2025-01-25,1.0
2915673262047782,raw/mapillary/warsaw/images/2915673262047782.jpg,52.101528,20.873067,PL,,warsaw,mapillary,2017-03-01,1.0
1039725547897897,raw/mapillary/budapest/images/1039725547897897.jpg,47.499542,19.090395,HU,,budapest,mapillary,2024-09-05,1.0
479435930054244,raw/mapillary/prague/images/479435930054244.jpg,49.951448,14.518947,CZ,,prague,mapillary,2016-10-01,1.0
1131364651370796,raw/mapillary/warsaw/images/1131364651370796.jpg,52.103758,20.970763,PL,,warsaw,mapillary,2024-02-18,1.0
2139883943024761,raw/mapillary/warsaw/images/2139883943024761.jpg,52.101382,20.872617,PL,,warsaw,mapillary,2024-01-24,1.0
1291321835760943,raw/mapillary/warsaw/images/1291321835760943.jpg,52.101312,20.869888,PL,,warsaw,mapillary,2025-07-25,1.0
698516675064958,raw/mapillary/warsaw/images/698516675064958.jpg,52.100095,20.853727,PL,,warsaw,mapillary,2023-09-09,1.0
1313256293060058,raw/mapillary/warsaw/images/1313256293060058.jpg,52.101469,21.084893,PL,,warsaw,mapillary,2025-01-25,1.0
160995939286769,raw/mapillary/budapest/images/160995939286769.jpg,47.493833,18.979839,HU,,budapest,mapillary,2019-03-22,1.0
502422684336872,raw/mapillary/warsaw/images/502422684336872.jpg,52.100319,20.855948,PL,,warsaw,mapillary,2017-03-01,1.0
579462001272611,raw/mapillary/prague/images/579462001272611.jpg,49.95959,14.63223,CZ,,prague,mapillary,2024-10-31,1.0
154691436684734,raw/mapillary/warsaw/images/154691436684734.jpg,52.105935,21.091316,PL,,warsaw,mapillary,2021-06-07,1.0
710760920945248,raw/mapillary/prague/images/710760920945248.jpg,49.950984,14.391728,CZ,,prague,mapillary,2022-10-26,1.0
477755020004985,raw/mapillary/warsaw/images/477755020004985.jpg,52.100257,20.856234,PL,,warsaw,mapillary,2019-11-03,1.0
255135280608524,raw/mapillary/prague/images/255135280608524.jpg,49.957528,14.323984,CZ,,prague,mapillary,2023-07-09,1.0
169288771668395,raw/mapillary/budapest/images/169288771668395.jpg,47.48643,19.00027,HU,,budapest,mapillary,2018-08-21,1.0
1253695709111189,raw/mapillary/budapest/images/1253695709111189.jpg,47.541889,18.986221,HU,,budapest,mapillary,2024-11-03,1.0
879297526607408,raw/mapillary/prague/images/879297526607408.jpg,49.950426,14.391827,CZ,,prague,mapillary,2022-10-26,1.0
562574875122930,raw/mapillary/warsaw/images/562574875122930.jpg,52.101086,20.868142,PL,,warsaw,mapillary,2014-10-20,1.0
7467387449956891,raw/mapillary/prague/images/7467387449956891.jpg,49.951347,14.391702,CZ,,prague,mapillary,2022-10-26,1.0
1301683206900775,raw/mapillary/budapest/images/1301683206900775.jpg,47.499668,19.090636,HU,,budapest,mapillary,2019-04-28,1.0
639938787402252,raw/mapillary/budapest/images/639938787402252.jpg,47.486418,19.000745,HU,,budapest,mapillary,2020-12-15,1.0
467609611353696,raw/mapillary/budapest/images/467609611353696.jpg,47.486417,19.000889,HU,,budapest,mapillary,2015-10-24,1.0
934284700687664,raw/mapillary/prague/images/934284700687664.jpg,49.964243,14.326366,CZ,,prague,mapillary,2016-10-09,1.0
1442965544098980,raw/mapillary/warsaw/images/1442965544098980.jpg,52.103895,20.970803,PL,,warsaw,mapillary,2026-01-10,1.0
2930585223934759,raw/mapillary/prague/images/2930585223934759.jpg,49.959048,14.462419,CZ,,prague,mapillary,2020-05-26,1.0
160032313856445,raw/mapillary/prague/images/160032313856445.jpg,49.959295,14.393843,CZ,,prague,mapillary,2022-10-26,1.0
693091269383461,raw/mapillary/warsaw/images/693091269383461.jpg,52.101855,20.878345,PL,,warsaw,mapillary,2023-09-09,1.0
1803192923710016,raw/mapillary/warsaw/images/1803192923710016.jpg,52.107478,20.932214,PL,,warsaw,mapillary,2026-03-01,1.0
388146895912797,raw/mapillary/warsaw/images/388146895912797.jpg,52.106128,21.054598,PL,,warsaw,mapillary,2021-06-07,1.0
1186269022240005,raw/mapillary/prague/images/1186269022240005.jpg,49.960012,14.325338,CZ,,prague,mapillary,2023-07-09,1.0
168018178558221,raw/mapillary/budapest/images/168018178558221.jpg,47.534554,18.990575,HU,,budapest,mapillary,2016-04-10,1.0
324199285784119,raw/mapillary/prague/images/324199285784119.jpg,49.958359,14.322444,CZ,,prague,mapillary,2016-10-09,1.0
178862500756266,raw/mapillary/budapest/images/178862500756266.jpg,47.490168,18.979171,HU,,budapest,mapillary,2014-02-23,1.0
2031046571179335,raw/mapillary/prague/images/2031046571179335.jpg,49.969924,14.383882,CZ,,prague,mapillary,2026-02-01,1.0
1970085416847103,raw/mapillary/warsaw/images/1970085416847103.jpg,52.100703,21.084314,PL,,warsaw,mapillary,2025-01-25,1.0
297388465126104,raw/mapillary/budapest/images/297388465126104.jpg,47.480136,18.979064,HU,,budapest,mapillary,2018-09-18,1.0
685194244316590,raw/mapillary/prague/images/685194244316590.jpg,49.957122,14.603397,CZ,,prague,mapillary,2025-06-01,1.0
178255687386118,raw/mapillary/budapest/images/178255687386118.jpg,47.478461,18.980093,HU,,budapest,mapillary,2018-09-18,1.0
396084116140278,raw/mapillary/warsaw/images/396084116140278.jpg,52.107672,21.040214,PL,,warsaw,mapillary,2024-01-27,1.0
1113788387064997,raw/mapillary/prague/images/1113788387064997.jpg,49.969486,14.387039,CZ,,prague,mapillary,2024-12-08,1.0
259745906654096,raw/mapillary/prague/images/259745906654096.jpg,49.952008,14.391733,CZ,,prague,mapillary,2022-10-26,1.0
1862399491830015,raw/mapillary/warsaw/images/1862399491830015.jpg,52.10756,20.93225,PL,,warsaw,mapillary,2026-03-01,1.0
3012698088949073,raw/mapillary/budapest/images/3012698088949073.jpg,47.54973,18.974544,HU,,budapest,mapillary,2017-12-10,1.0
832334808518093,raw/mapillary/prague/images/832334808518093.jpg,49.967787,14.33435,CZ,,prague,mapillary,2023-07-09,1.0
976342566468322,raw/mapillary/budapest/images/976342566468322.jpg,47.510172,18.97818,HU,,budapest,mapillary,2017-07-07,1.0
505563444228233,raw/mapillary/prague/images/505563444228233.jpg,49.950864,14.518279,CZ,,prague,mapillary,2020-05-27,1.0
2268584063635894,raw/mapillary/warsaw/images/2268584063635894.jpg,52.107253,20.932115,PL,,warsaw,mapillary,2026-03-01,1.0
1103901160103493,raw/mapillary/prague/images/1103901160103493.jpg,49.960148,14.323138,CZ,,prague,mapillary,2016-12-31,1.0
400205299208533,raw/mapillary/warsaw/images/400205299208533.jpg,52.109384,21.042724,PL,,warsaw,mapillary,2024-01-27,1.0
1206887790407863,raw/mapillary/prague/images/1206887790407863.jpg,49.969481,14.387022,CZ,,prague,mapillary,2024-12-08,1.0
2630910920538046,raw/mapillary/prague/images/2630910920538046.jpg,49.958681,14.462722,CZ,,prague,mapillary,2020-05-26,1.0
189264413539030,raw/mapillary/warsaw/images/189264413539030.jpg,52.104778,21.055358,PL,,warsaw,mapillary,2022-08-07,1.0
298138682980211,raw/mapillary/warsaw/images/298138682980211.jpg,52.103779,21.040345,PL,,warsaw,mapillary,2024-01-27,1.0
2476956379132598,raw/mapillary/prague/images/2476956379132598.jpg,49.951907,14.391721,CZ,,prague,mapillary,2022-10-26,1.0
300129014931608,raw/mapillary/prague/images/300129014931608.jpg,49.969962,14.33804,CZ,,prague,mapillary,2016-10-09,1.0
777747169551637,raw/mapillary/prague/images/777747169551637.jpg,49.951356,14.519036,CZ,,prague,mapillary,2016-10-01,1.0
1655342158814155,raw/mapillary/prague/images/1655342158814155.jpg,49.953802,14.376769,CZ,,prague,mapillary,2026-03-28,1.0
1172592921137934,raw/mapillary/warsaw/images/1172592921137934.jpg,52.104097,21.089783,PL,,warsaw,mapillary,2025-01-25,1.0
157384542943967,raw/mapillary/budapest/images/157384542943967.jpg,47.499642,19.090407,HU,,budapest,mapillary,2021-04-09,1.0
214169076906200,raw/mapillary/budapest/images/214169076906200.jpg,47.530583,18.978727,HU,,budapest,mapillary,2018-07-03,1.0
5302910139746298,raw/mapillary/warsaw/images/5302910139746298.jpg,52.101748,21.054106,PL,,warsaw,mapillary,2022-08-07,1.0
993340512851393,raw/mapillary/warsaw/images/993340512851393.jpg,52.100057,21.067018,PL,,warsaw,mapillary,2025-01-25,1.0
2231792593624193,raw/mapillary/prague/images/2231792593624193.jpg,49.950128,14.518607,CZ,,prague,mapillary,2020-05-27,1.0
1311713879595181,raw/mapillary/warsaw/images/1311713879595181.jpg,52.100643,21.054023,PL,,warsaw,mapillary,2022-08-07,1.0
137700148400152,raw/mapillary/budapest/images/137700148400152.jpg,47.530005,18.986806,HU,,budapest,mapillary,2020-04-25,1.0
143823577655540,raw/mapillary/budapest/images/143823577655540.jpg,47.530417,18.978826,HU,,budapest,mapillary,2018-07-03,1.0
169573281749574,raw/mapillary/prague/images/169573281749574.jpg,49.959373,14.632421,CZ,,prague,mapillary,2019-06-21,1.0
117594750353411,raw/mapillary/budapest/images/117594750353411.jpg,47.480292,18.980938,HU,,budapest,mapillary,2018-10-06,1.0
1331730411126431,raw/mapillary/budapest/images/1331730411126431.jpg,47.541976,18.986374,HU,,budapest,mapillary,2024-11-03,1.0
469261160834618,raw/mapillary/budapest/images/469261160834618.jpg,47.480104,18.978109,HU,,budapest,mapillary,2019-08-11,1.0
3941749455965986,raw/mapillary/warsaw/images/3941749455965986.jpg,52.10849,21.056028,PL,,warsaw,mapillary,2022-08-07,1.0
2710412649250219,raw/mapillary/budapest/images/2710412649250219.jpg,47.477985,18.990446,HU,,budapest,mapillary,2018-08-20,1.0
3234016410238349,raw/mapillary/warsaw/images/3234016410238349.jpg,52.106165,21.020173,PL,,warsaw,mapillary,2024-01-27,1.0
1161838750996375,raw/mapillary/budapest/images/1161838750996375.jpg,47.473993,18.990419,HU,,budapest,mapillary,2017-01-08,1.0
581493750856233,raw/mapillary/warsaw/images/581493750856233.jpg,52.102925,21.039069,PL,,warsaw,mapillary,2024-01-27,1.0
889407946064042,raw/mapillary/warsaw/images/889407946064042.jpg,52.109691,20.996999,PL,,warsaw,mapillary,2023-09-07,1.0
2781518612161027,raw/mapillary/budapest/images/2781518612161027.jpg,47.480907,18.98007,HU,,budapest,mapillary,2019-04-28,1.0
732163296100085,raw/mapillary/prague/images/732163296100085.jpg,49.953829,14.376793,CZ,,prague,mapillary,2025-07-27,1.0
2969921046600508,raw/mapillary/budapest/images/2969921046600508.jpg,47.478101,18.974169,HU,,budapest,mapillary,2016-10-31,1.0
1434201630371884,raw/mapillary/budapest/images/1434201630371884.jpg,47.499474,19.090156,HU,,budapest,mapillary,2022-03-20,1.0
532210222560192,raw/mapillary/budapest/images/532210222560192.jpg,47.510045,18.978454,HU,,budapest,mapillary,2024-09-01,1.0
648198311107265,raw/mapillary/warsaw/images/648198311107265.jpg,52.104864,21.097388,PL,,warsaw,mapillary,2025-01-25,1.0
528888998487946,raw/mapillary/warsaw/images/528888998487946.jpg,52.100089,20.853682,PL,,warsaw,mapillary,2019-11-03,1.0
429489900107815,raw/mapillary/prague/images/429489900107815.jpg,49.959223,14.632357,CZ,,prague,mapillary,2024-08-30,1.0
1590102708193019,raw/mapillary/warsaw/images/1590102708193019.jpg,52.109045,21.042231,PL,,warsaw,mapillary,2024-01-27,1.0
1440996389588966,raw/mapillary/prague/images/1440996389588966.jpg,49.959661,14.522198,CZ,,prague,mapillary,2020-05-27,1.0
1149979349632441,raw/mapillary/prague/images/1149979349632441.jpg,49.950598,14.610517,CZ,,prague,mapillary,2024-08-28,1.0
219423659628420,raw/mapillary/budapest/images/219423659628420.jpg,47.499688,19.090269,HU,,budapest,mapillary,2019-02-24,1.0
255098486351922,raw/mapillary/budapest/images/255098486351922.jpg,47.477895,18.974882,HU,,budapest,mapillary,2018-09-29,1.0
666068572329284,raw/mapillary/prague/images/666068572329284.jpg,49.959529,14.394019,CZ,,prague,mapillary,2022-10-26,1.0
673231830844939,raw/mapillary/prague/images/673231830844939.jpg,49.964955,14.328599,CZ,,prague,mapillary,2023-07-09,1.0
1117193252564759,raw/mapillary/warsaw/images/1117193252564759.jpg,52.102071,21.054165,PL,,warsaw,mapillary,2022-08-07,1.0
1390067191521091,raw/mapillary/warsaw/images/1390067191521091.jpg,52.103292,20.970241,PL,,warsaw,mapillary,2022-09-24,1.0
740449473846702,raw/mapillary/warsaw/images/740449473846702.jpg,52.108343,21.057238,PL,,warsaw,mapillary,2022-08-07,1.0
227393823601735,raw/mapillary/prague/images/227393823601735.jpg,49.966904,14.338556,CZ,,prague,mapillary,2023-07-09,1.0
348315997596763,raw/mapillary/prague/images/348315997596763.jpg,49.95316,14.391946,CZ,,prague,mapillary,2022-10-26,1.0
556464340067261,raw/mapillary/prague/images/556464340067261.jpg,49.953438,14.608789,CZ,,prague,mapillary,2024-08-28,1.0
804662841401289,raw/mapillary/warsaw/images/804662841401289.jpg,52.103,20.99194,PL,,warsaw,mapillary,2024-01-27,1.0
826194656834303,raw/mapillary/warsaw/images/826194656834303.jpg,52.102529,21.018828,PL,,warsaw,mapillary,2025-11-22,1.0
181622051627249,raw/mapillary/warsaw/images/181622051627249.jpg,52.101463,20.872839,PL,,warsaw,mapillary,2023-09-09,1.0
1091763371831816,raw/mapillary/prague/images/1091763371831816.jpg,49.951808,14.391711,CZ,,prague,mapillary,2022-10-26,1.0
202876981472645,raw/mapillary/budapest/images/202876981472645.jpg,47.480297,18.980979,HU,,budapest,mapillary,2016-10-31,1.0
913367625900980,raw/mapillary/budapest/images/913367625900980.jpg,47.483107,18.980177,HU,,budapest,mapillary,2017-04-01,1.0
263862572155558,raw/mapillary/warsaw/images/263862572155558.jpg,52.101601,21.064423,PL,,warsaw,mapillary,2021-06-07,1.0
665794295303455,raw/mapillary/warsaw/images/665794295303455.jpg,52.101479,20.873083,PL,,warsaw,mapillary,2023-09-09,1.0
3863779050336369,raw/mapillary/budapest/images/3863779050336369.jpg,47.479266,18.980204,HU,,budapest,mapillary,2018-09-18,1.0
2993388640891304,raw/mapillary/prague/images/2993388640891304.jpg,49.950022,14.529375,CZ,,prague,mapillary,2016-01-31,1.0
610855821151395,raw/mapillary/prague/images/610855821151395.jpg,49.967783,14.335999,CZ,,prague,mapillary,2023-07-09,1.0
349103087597942,raw/mapillary/prague/images/349103087597942.jpg,49.953753,14.535143,CZ,,prague,mapillary,2022-10-26,1.0
1226586008867930,raw/mapillary/prague/images/1226586008867930.jpg,49.967845,14.385963,CZ,,prague,mapillary,2026-02-01,1.0
786225916921616,raw/mapillary/prague/images/786225916921616.jpg,49.959391,14.632471,CZ,,prague,mapillary,2024-10-31,1.0
1661455050715713,raw/mapillary/prague/images/1661455050715713.jpg,49.957887,14.321989,CZ,,prague,mapillary,2016-10-09,1.0
1129157252484370,raw/mapillary/budapest/images/1129157252484370.jpg,47.530329,18.997662,HU,,budapest,mapillary,2025-09-05,1.0
307085470973150,raw/mapillary/warsaw/images/307085470973150.jpg,52.101111,20.867953,PL,,warsaw,mapillary,2019-11-03,1.0
790950254086207,raw/mapillary/prague/images/790950254086207.jpg,49.959422,14.632141,CZ,,prague,mapillary,2026-04-15,1.0
1477062353803343,raw/mapillary/prague/images/1477062353803343.jpg,49.959493,14.632267,CZ,,prague,mapillary,2026-04-15,1.0
1998768783941794,raw/mapillary/warsaw/images/1998768783941794.jpg,52.104739,21.09335,PL,,warsaw,mapillary,2025-01-25,1.0
3979997902088691,raw/mapillary/budapest/images/3979997902088691.jpg,47.53578,19.000324,HU,,budapest,mapillary,2020-01-26,1.0
136048165569097,raw/mapillary/warsaw/images/136048165569097.jpg,52.103533,20.970337,PL,,warsaw,mapillary,2022-09-01,1.0
1266970604423452,raw/mapillary/budapest/images/1266970604423452.jpg,47.541794,18.986278,HU,,budapest,mapillary,2024-11-03,1.0
1167277778448647,raw/mapillary/warsaw/images/1167277778448647.jpg,52.100864,21.084434,PL,,warsaw,mapillary,2025-01-25,1.0
1196166975044163,raw/mapillary/warsaw/images/1196166975044163.jpg,52.103503,20.970661,PL,,warsaw,mapillary,2024-09-19,1.0
468447371150853,raw/mapillary/budapest/images/468447371150853.jpg,47.474408,18.990026,HU,,budapest,mapillary,2020-11-05,1.0
165104285575967,raw/mapillary/prague/images/165104285575967.jpg,49.953461,14.319265,CZ,,prague,mapillary,2016-12-31,1.0
308739424253105,raw/mapillary/prague/images/308739424253105.jpg,49.95205,14.468493,CZ,,prague,mapillary,2020-05-26,1.0
525305215138693,raw/mapillary/prague/images/525305215138693.jpg,49.9597,14.323076,CZ,,prague,mapillary,2016-10-09,1.0
1136011773492423,raw/mapillary/budapest/images/1136011773492423.jpg,47.492167,18.9799,HU,,budapest,mapillary,2019-05-12,1.0
166822265384754,raw/mapillary/prague/images/166822265384754.jpg,49.951292,14.518249,CZ,,prague,mapillary,2020-05-27,1.0
480042455148481,raw/mapillary/warsaw/images/480042455148481.jpg,52.103349,21.040779,PL,,warsaw,mapillary,2025-01-25,1.0
1522519035706664,raw/mapillary/budapest/images/1522519035706664.jpg,47.486494,19.000511,HU,,budapest,mapillary,2025-12-04,1.0
2173558142840917,raw/mapillary/budapest/images/2173558142840917.jpg,47.482584,18.990113,HU,,budapest,mapillary,2023-06-02,1.0
1248696629907998,raw/mapillary/prague/images/1248696629907998.jpg,49.959269,14.632468,CZ,,prague,mapillary,2024-09-01,1.0
237180905820697,raw/mapillary/warsaw/images/237180905820697.jpg,52.106223,21.032393,PL,,warsaw,mapillary,2023-07-07,1.0
465043418062769,raw/mapillary/budapest/images/465043418062769.jpg,47.474158,18.990194,HU,,budapest,mapillary,2017-01-08,1.0
789652776926460,raw/mapillary/prague/images/789652776926460.jpg,49.969374,14.38522,CZ,,prague,mapillary,2026-02-01,1.0
794424934613147,raw/mapillary/warsaw/images/794424934613147.jpg,52.100548,21.084179,PL,,warsaw,mapillary,2018-09-23,1.0
221806026132994,raw/mapillary/prague/images/221806026132994.jpg,49.952541,14.518041,CZ,,prague,mapillary,2020-05-27,1.0
513369109865090,raw/mapillary/warsaw/images/513369109865090.jpg,52.107781,20.932366,PL,,warsaw,mapillary,2020-01-04,1.0
874968400575212,raw/mapillary/warsaw/images/874968400575212.jpg,52.103103,20.97019,PL,,warsaw,mapillary,2022-09-24,1.0
285525124067007,raw/mapillary/prague/images/285525124067007.jpg,49.958519,14.393301,CZ,,prague,mapillary,2022-10-26,1.0
475223353761985,raw/mapillary/prague/images/475223353761985.jpg,49.954278,14.377285,CZ,,prague,mapillary,2017-10-01,1.0
3020586954827236,raw/mapillary/budapest/images/3020586954827236.jpg,47.499611,19.090645,HU,,budapest,mapillary,2018-03-21,1.0
262881638891455,raw/mapillary/budapest/images/262881638891455.jpg,47.532587,18.990232,HU,,budapest,mapillary,2018-01-31,1.0
1472441863326892,raw/mapillary/warsaw/images/1472441863326892.jpg,52.103302,20.970266,PL,,warsaw,mapillary,2023-09-05,1.0
1411007976175938,raw/mapillary/prague/images/1411007976175938.jpg,49.958064,14.529003,CZ,,prague,mapillary,2022-10-26,1.0
259043899334941,raw/mapillary/prague/images/259043899334941.jpg,49.964491,14.326458,CZ,,prague,mapillary,2016-10-09,1.0
381042759777698,raw/mapillary/budapest/images/381042759777698.jpg,47.490025,19.002432,HU,,budapest,mapillary,2017-05-05,1.0
1991988217830881,raw/mapillary/prague/images/1991988217830881.jpg,49.951528,14.391699,CZ,,prague,mapillary,2022-10-26,1.0
289988979529355,raw/mapillary/prague/images/289988979529355.jpg,49.958312,14.518966,CZ,,prague,mapillary,2020-05-27,1.0
1031480669051075,raw/mapillary/prague/images/1031480669051075.jpg,49.956885,14.603465,CZ,,prague,mapillary,2025-06-01,1.0
1130220728009284,raw/mapillary/warsaw/images/1130220728009284.jpg,52.102918,20.991928,PL,,warsaw,mapillary,2024-01-27,1.0
1416294988703465,raw/mapillary/budapest/images/1416294988703465.jpg,47.530582,18.97882,HU,,budapest,mapillary,2018-10-02,1.0
302410738187964,raw/mapillary/budapest/images/302410738187964.jpg,47.486422,19.000169,HU,,budapest,mapillary,2020-12-15,1.0
3649372461973355,raw/mapillary/warsaw/images/3649372461973355.jpg,52.102646,20.991935,PL,,warsaw,mapillary,2024-01-27,1.0
3402677513358730,raw/mapillary/warsaw/images/3402677513358730.jpg,52.103008,21.038777,PL,,warsaw,mapillary,2024-09-12,1.0
497262958092492,raw/mapillary/prague/images/497262958092492.jpg,49.959264,14.632484,CZ,,prague,mapillary,2017-11-30,1.0
3122062728075877,raw/mapillary/warsaw/images/3122062728075877.jpg,52.108386,20.980696,PL,,warsaw,mapillary,2020-06-30,1.0
200374361898523,raw/mapillary/budapest/images/200374361898523.jpg,47.534603,18.990637,HU,,budapest,mapillary,2016-04-10,1.0
144494147699762,raw/mapillary/warsaw/images/144494147699762.jpg,52.101162,20.867731,PL,,warsaw,mapillary,2017-03-01,1.0
1022351862206766,raw/mapillary/prague/images/1022351862206766.jpg,49.950789,14.391754,CZ,,prague,mapillary,2022-10-26,1.0
302761024876685,raw/mapillary/prague/images/302761024876685.jpg,49.957086,14.518022,CZ,,prague,mapillary,2016-10-01,1.0
1202757077451122,raw/mapillary/prague/images/1202757077451122.jpg,49.959554,14.632275,CZ,,prague,mapillary,2024-10-31,1.0
5527755583963132,raw/mapillary/prague/images/5527755583963132.jpg,49.953854,14.376833,CZ,,prague,mapillary,2017-10-01,1.0
132179658943966,raw/mapillary/budapest/images/132179658943966.jpg,47.499552,19.090352,HU,,budapest,mapillary,2018-03-11,1.0
1059090222930096,raw/mapillary/warsaw/images/1059090222930096.jpg,52.104365,21.090666,PL,,warsaw,mapillary,2025-01-25,1.0
2865280220404410,raw/mapillary/budapest/images/2865280220404410.jpg,47.534162,18.990104,HU,,budapest,mapillary,2016-04-10,1.0
909486936514320,raw/mapillary/budapest/images/909486936514320.jpg,47.480908,18.980077,HU,,budapest,mapillary,2018-10-06,1.0
288887726051411,raw/mapillary/budapest/images/288887726051411.jpg,47.479528,18.980129,HU,,budapest,mapillary,2018-09-18,1.0
1081133119820209,raw/mapillary/warsaw/images/1081133119820209.jpg,52.109972,21.000485,PL,,warsaw,mapillary,2024-01-27,1.0
1456124535106433,raw/mapillary/prague/images/1456124535106433.jpg,49.954317,14.606718,CZ,,prague,mapillary,2024-08-28,1.0
1644784409638727,raw/mapillary/budapest/images/1644784409638727.jpg,47.499663,19.090533,HU,,budapest,mapillary,2024-05-27,1.0
309268844134075,raw/mapillary/budapest/images/309268844134075.jpg,47.530388,18.987101,HU,,budapest,mapillary,2017-12-10,1.0
1789796608137959,raw/mapillary/budapest/images/1789796608137959.jpg,47.53,18.983578,HU,,budapest,mapillary,2023-11-20,1.0
647772164137192,raw/mapillary/prague/images/647772164137192.jpg,49.95956,14.394043,CZ,,prague,mapillary,2022-10-26,1.0
5358366320950414,raw/mapillary/warsaw/images/5358366320950414.jpg,52.10266,21.01906,PL,,warsaw,mapillary,2022-08-04,1.0
1336587473389041,raw/mapillary/budapest/images/1336587473389041.jpg,47.535488,19.000187,HU,,budapest,mapillary,2016-04-23,1.0
491289208850307,raw/mapillary/budapest/images/491289208850307.jpg,47.549989,18.979632,HU,,budapest,mapillary,2017-12-10,1.0
1210634009452092,raw/mapillary/prague/images/1210634009452092.jpg,49.953437,14.319265,CZ,,prague,mapillary,2016-10-09,1.0
1325096725586098,raw/mapillary/warsaw/images/1325096725586098.jpg,52.100571,21.084268,PL,,warsaw,mapillary,2025-01-25,1.0
916217350312126,raw/mapillary/warsaw/images/916217350312126.jpg,52.103691,21.04,PL,,warsaw,mapillary,2025-01-25,1.0
1408199996209215,raw/mapillary/budapest/images/1408199996209215.jpg,47.48083,18.980181,HU,,budapest,mapillary,2019-04-28,1.0
888916198864331,raw/mapillary/prague/images/888916198864331.jpg,49.951407,14.391701,CZ,,prague,mapillary,2022-10-26,1.0
314428977458769,raw/mapillary/budapest/images/314428977458769.jpg,47.499627,19.090406,HU,,budapest,mapillary,2022-03-27,1.0
489935433797758,raw/mapillary/warsaw/images/489935433797758.jpg,52.104797,21.096885,PL,,warsaw,mapillary,2025-01-25,1.0
6227201264068557,raw/mapillary/prague/images/6227201264068557.jpg,49.96787,14.33463,CZ,,prague,mapillary,2023-07-09,1.0
1183264015443570,raw/mapillary/budapest/images/1183264015443570.jpg,47.531553,18.980407,HU,,budapest,mapillary,2019-05-24,1.0
1406186869739380,raw/mapillary/prague/images/1406186869739380.jpg,49.958176,14.633863,CZ,,prague,mapillary,2019-07-22,1.0
335898984918357,raw/mapillary/warsaw/images/335898984918357.jpg,52.10491,21.09277,PL,,warsaw,mapillary,2021-06-07,1.0
454993725561755,raw/mapillary/prague/images/454993725561755.jpg,49.953112,14.380021,CZ,,prague,mapillary,2016-04-13,1.0
301048231486833,raw/mapillary/budapest/images/301048231486833.jpg,47.510055,18.978627,HU,,budapest,mapillary,2020-10-22,1.0
155149856488797,raw/mapillary/budapest/images/155149856488797.jpg,47.480291,18.980907,HU,,budapest,mapillary,2019-04-28,1.0
148928267206877,raw/mapillary/warsaw/images/148928267206877.jpg,52.107665,20.932318,PL,,warsaw,mapillary,2020-01-04,1.0
305444091072845,raw/mapillary/budapest/images/305444091072845.jpg,47.520098,18.973224,HU,,budapest,mapillary,2018-08-08,1.0
660292629342156,raw/mapillary/prague/images/660292629342156.jpg,49.958444,14.323673,CZ,,prague,mapillary,2023-07-09,1.0
1072910313912997,raw/mapillary/warsaw/images/1072910313912997.jpg,52.10869,21.033047,PL,,warsaw,mapillary,2024-01-27,1.0
768772904012366,raw/mapillary/budapest/images/768772904012366.jpg,47.493837,18.979881,HU,,budapest,mapillary,2019-03-22,1.0
509337880192951,raw/mapillary/prague/images/509337880192951.jpg,49.952907,14.518019,CZ,,prague,mapillary,2020-05-27,1.0
274728231028844,raw/mapillary/budapest/images/274728231028844.jpg,47.4938,18.979483,HU,,budapest,mapillary,2019-03-22,1.0
1902010803296962,raw/mapillary/prague/images/1902010803296962.jpg,49.95967,14.462007,CZ,,prague,mapillary,2020-05-26,1.0
294534710164648,raw/mapillary/prague/images/294534710164648.jpg,49.952192,14.537519,CZ,,prague,mapillary,2022-10-26,1.0
611404917789597,raw/mapillary/prague/images/611404917789597.jpg,49.953628,14.327626,CZ,,prague,mapillary,2023-07-09,1.0
901626658490911,raw/mapillary/warsaw/images/901626658490911.jpg,52.103571,20.970256,PL,,warsaw,mapillary,2024-09-07,1.0
160124203271209,raw/mapillary/warsaw/images/160124203271209.jpg,52.10664,21.055475,PL,,warsaw,mapillary,2022-08-07,1.0
1159689689243745,raw/mapillary/warsaw/images/1159689689243745.jpg,52.101931,20.878728,PL,,warsaw,mapillary,2025-07-25,1.0
634681804725486,raw/mapillary/prague/images/634681804725486.jpg,49.957819,14.529239,CZ,,prague,mapillary,2022-08-27,1.0
904108101355431,raw/mapillary/warsaw/images/904108101355431.jpg,52.101709,20.877185,PL,,warsaw,mapillary,2024-01-24,1.0
4058904701101925,raw/mapillary/warsaw/images/4058904701101925.jpg,52.100358,21.084052,PL,,warsaw,mapillary,2025-01-25,1.0
1268882363736183,raw/mapillary/prague/images/1268882363736183.jpg,49.967447,14.337169,CZ,,prague,mapillary,2023-07-09,1.0
475264306879855,raw/mapillary/prague/images/475264306879855.jpg,49.958116,14.32224,CZ,,prague,mapillary,2016-12-31,1.0
1280262303777519,raw/mapillary/warsaw/images/1280262303777519.jpg,52.101364,20.870636,PL,,warsaw,mapillary,2025-07-25,1.0
330769361799802,raw/mapillary/budapest/images/330769361799802.jpg,47.483033,18.980349,HU,,budapest,mapillary,2014-02-23,1.0
773920923312111,raw/mapillary/prague/images/773920923312111.jpg,49.958916,14.519996,CZ,,prague,mapillary,2020-05-27,1.0
482147474390183,raw/mapillary/prague/images/482147474390183.jpg,49.969421,14.385501,CZ,,prague,mapillary,2024-12-08,1.0
239707632515490,raw/mapillary/warsaw/images/239707632515490.jpg,52.103027,20.991949,PL,,warsaw,mapillary,2024-01-27,1.0
1932499117295315,raw/mapillary/budapest/images/1932499117295315.jpg,47.499761,19.090403,HU,,budapest,mapillary,2025-09-24,1.0
1845487712730036,raw/mapillary/budapest/images/1845487712730036.jpg,47.486658,19.000803,HU,,budapest,mapillary,2025-12-04,1.0
285089163287455,raw/mapillary/budapest/images/285089163287455.jpg,47.47305,18.976987,HU,,budapest,mapillary,2018-11-01,1.0
1421592808816757,raw/mapillary/warsaw/images/1421592808816757.jpg,52.100019,21.066786,PL,,warsaw,mapillary,2025-01-25,1.0
693329816554769,raw/mapillary/prague/images/693329816554769.jpg,49.952888,14.375724,CZ,,prague,mapillary,2025-04-20,1.0
746095810932433,raw/mapillary/prague/images/746095810932433.jpg,49.959237,14.632367,CZ,,prague,mapillary,2024-05-29,1.0
1123860315446491,raw/mapillary/warsaw/images/1123860315446491.jpg,52.109713,20.996962,PL,,warsaw,mapillary,2024-01-27,1.0
770867624201882,raw/mapillary/warsaw/images/770867624201882.jpg,52.102926,20.970159,PL,,warsaw,mapillary,2022-09-01,1.0
1955441468251649,raw/mapillary/prague/images/1955441468251649.jpg,49.952153,14.610038,CZ,,prague,mapillary,2024-08-28,1.0
507312030308844,raw/mapillary/prague/images/507312030308844.jpg,49.950935,14.518252,CZ,,prague,mapillary,2020-05-27,1.0
1221836222379693,raw/mapillary/budapest/images/1221836222379693.jpg,47.541794,18.986309,HU,,budapest,mapillary,2024-11-03,1.0
212356157104963,raw/mapillary/budapest/images/212356157104963.jpg,47.520148,18.973011,HU,,budapest,mapillary,2018-08-14,1.0
1438027870530207,raw/mapillary/prague/images/1438027870530207.jpg,49.959887,14.601273,CZ,,prague,mapillary,2025-06-01,1.0
1333316094062433,raw/mapillary/prague/images/1333316094062433.jpg,49.954277,14.326902,CZ,,prague,mapillary,2023-07-09,1.0
141651188003932,raw/mapillary/prague/images/141651188003932.jpg,49.950154,14.518592,CZ,,prague,mapillary,2020-05-27,1.0
815612206696283,raw/mapillary/warsaw/images/815612206696283.jpg,52.10127,20.870402,PL,,warsaw,mapillary,2023-09-09,1.0
1195973008999330,raw/mapillary/warsaw/images/1195973008999330.jpg,52.101518,20.872848,PL,,warsaw,mapillary,2025-07-25,1.0
404274350774615,raw/mapillary/budapest/images/404274350774615.jpg,47.47,19.0,HU,,budapest,mapillary,2021-06-08,1.0
659404886223641,raw/mapillary/prague/images/659404886223641.jpg,49.966515,14.339601,CZ,,prague,mapillary,2023-07-09,1.0
1352791052038308,raw/mapillary/warsaw/images/1352791052038308.jpg,52.102002,20.880062,PL,,warsaw,mapillary,2024-01-08,1.0
399843612761207,raw/mapillary/budapest/images/399843612761207.jpg,47.520143,18.973047,HU,,budapest,mapillary,2024-03-20,1.0
607396590432701,raw/mapillary/prague/images/607396590432701.jpg,49.952325,14.537324,CZ,,prague,mapillary,2021-10-20,1.0
1580509025806482,raw/mapillary/prague/images/1580509025806482.jpg,49.950607,14.329883,CZ,,prague,mapillary,2023-07-09,1.0
1289918995037653,raw/mapillary/warsaw/images/1289918995037653.jpg,52.102437,20.991994,PL,,warsaw,mapillary,2024-01-27,1.0
740804053494391,raw/mapillary/budapest/images/740804053494391.jpg,47.474444,18.990556,HU,,budapest,mapillary,2022-02-27,1.0
1436712304246428,raw/mapillary/warsaw/images/1436712304246428.jpg,52.102062,20.880259,PL,,warsaw,mapillary,2025-07-25,1.0
2257571201281196,raw/mapillary/warsaw/images/2257571201281196.jpg,52.100196,21.084002,PL,,warsaw,mapillary,2025-01-25,1.0
187180489978408,raw/mapillary/warsaw/images/187180489978408.jpg,52.100185,21.066621,PL,,warsaw,mapillary,2021-06-07,1.0
1334171133895254,raw/mapillary/warsaw/images/1334171133895254.jpg,52.101829,20.878031,PL,,warsaw,mapillary,2023-09-09,1.0
1095063639393510,raw/mapillary/warsaw/images/1095063639393510.jpg,52.101367,20.870664,PL,,warsaw,mapillary,2025-07-25,1.0
483089302977065,raw/mapillary/warsaw/images/483089302977065.jpg,52.10005,20.853056,PL,,warsaw,mapillary,2019-11-03,1.0
1605828583152967,raw/mapillary/warsaw/images/1605828583152967.jpg,52.103513,20.970313,PL,,warsaw,mapillary,2022-09-24,1.0
1499027580305772,raw/mapillary/prague/images/1499027580305772.jpg,49.952913,14.376038,CZ,,prague,mapillary,2016-11-08,1.0
266809412734289,raw/mapillary/prague/images/266809412734289.jpg,49.957577,14.323962,CZ,,prague,mapillary,2023-07-09,1.0
354351427508100,raw/mapillary/prague/images/354351427508100.jpg,49.959448,14.632241,CZ,,prague,mapillary,2024-07-10,1.0
555191830758742,raw/mapillary/prague/images/555191830758742.jpg,49.969303,14.385625,CZ,,prague,mapillary,2024-12-08,1.0
615344687511968,raw/mapillary/prague/images/615344687511968.jpg,49.955619,14.604175,CZ,,prague,mapillary,2025-06-01,1.0
1257147559124469,raw/mapillary/warsaw/images/1257147559124469.jpg,52.100282,20.856103,PL,,warsaw,mapillary,2025-07-25,1.0
775494883339449,raw/mapillary/budapest/images/775494883339449.jpg,47.530247,18.987072,HU,,budapest,mapillary,2020-04-25,1.0
1048770583016346,raw/mapillary/warsaw/images/1048770583016346.jpg,52.100827,20.960859,PL,,warsaw,mapillary,2024-01-27,1.0
956172427163529,raw/mapillary/prague/images/956172427163529.jpg,49.959336,14.632243,CZ,,prague,mapillary,2026-04-15,1.0
494510965302107,raw/mapillary/warsaw/images/494510965302107.jpg,52.101433,20.872706,PL,,warsaw,mapillary,2019-11-03,1.0
1055623335653997,raw/mapillary/warsaw/images/1055623335653997.jpg,52.10763,21.040158,PL,,warsaw,mapillary,2024-01-27,1.0
1648154922233782,raw/mapillary/warsaw/images/1648154922233782.jpg,52.108596,21.056545,PL,,warsaw,mapillary,2022-08-07,1.0
526639868488082,raw/mapillary/warsaw/images/526639868488082.jpg,52.106536,21.052105,PL,,warsaw,mapillary,2021-06-07,1.0
6134041496621864,raw/mapillary/budapest/images/6134041496621864.jpg,47.530432,18.997642,HU,,budapest,mapillary,2018-01-30,1.0
1447268428954683,raw/mapillary/budapest/images/1447268428954683.jpg,47.485764,19.010653,HU,,budapest,mapillary,2018-08-23,1.0
3016876538555649,raw/mapillary/prague/images/3016876538555649.jpg,49.957983,14.528901,CZ,,prague,mapillary,2021-10-20,1.0
1455327521476093,raw/mapillary/budapest/images/1455327521476093.jpg,47.47005,18.979724,HU,,budapest,mapillary,2021-04-27,1.0
330607318416836,raw/mapillary/budapest/images/330607318416836.jpg,47.480073,19.008355,HU,,budapest,mapillary,2018-08-27,1.0
1490811884989519,raw/mapillary/prague/images/1490811884989519.jpg,49.967474,14.337101,CZ,,prague,mapillary,2023-07-09,1.0
1256725426358828,raw/mapillary/prague/images/1256725426358828.jpg,49.969522,14.385423,CZ,,prague,mapillary,2026-02-01,1.0
4418705611507139,raw/mapillary/budapest/images/4418705611507139.jpg,47.47,19.000278,HU,,budapest,mapillary,2021-04-19,1.0
307271744359440,raw/mapillary/budapest/images/307271744359440.jpg,47.530417,18.978848,HU,,budapest,mapillary,2019-05-08,1.0
794577870079098,raw/mapillary/prague/images/794577870079098.jpg,49.95925,14.632344,CZ,,prague,mapillary,2026-04-15,1.0
1340012223595208,raw/mapillary/prague/images/1340012223595208.jpg,49.966554,14.339425,CZ,,prague,mapillary,2023-07-09,1.0
1167414243697263,raw/mapillary/budapest/images/1167414243697263.jpg,47.480862,18.980127,HU,,budapest,mapillary,2018-10-06,1.0
917079642192222,raw/mapillary/budapest/images/917079642192222.jpg,47.530261,18.98709,HU,,budapest,mapillary,2020-04-25,1.0
329688078610825,raw/mapillary/budapest/images/329688078610825.jpg,47.475,19.010278,HU,,budapest,mapillary,2021-03-25,1.0
2429956517341476,raw/mapillary/prague/images/2429956517341476.jpg,49.958168,14.633941,CZ,,prague,mapillary,2024-10-31,1.0
1294056475096739,raw/mapillary/budapest/images/1294056475096739.jpg,47.542028,18.986236,HU,,budapest,mapillary,2024-11-03,1.0
3713099382275964,raw/mapillary/budapest/images/3713099382275964.jpg,47.541861,18.986267,HU,,budapest,mapillary,2024-11-03,1.0
1176788816092693,raw/mapillary/budapest/images/1176788816092693.jpg,47.530377,18.978908,HU,,budapest,mapillary,2019-05-12,1.0
167075568672645,raw/mapillary/budapest/images/167075568672645.jpg,47.49962,19.090035,HU,,budapest,mapillary,2018-03-21,1.0
821728038782142,raw/mapillary/prague/images/821728038782142.jpg,49.954121,14.320107,CZ,,prague,mapillary,2016-10-09,1.0
828077858066037,raw/mapillary/prague/images/828077858066037.jpg,49.957868,14.518486,CZ,,prague,mapillary,2020-05-27,1.0
460904269824594,raw/mapillary/prague/images/460904269824594.jpg,49.959466,14.63238,CZ,,prague,mapillary,2024-10-31,1.0
1518513706223439,raw/mapillary/warsaw/images/1518513706223439.jpg,52.101509,20.87272,PL,,warsaw,mapillary,2025-07-25,1.0
3753585708103103,raw/mapillary/prague/images/3753585708103103.jpg,49.952601,14.375687,CZ,,prague,mapillary,2019-04-12,1.0
504398910744540,raw/mapillary/prague/images/504398910744540.jpg,49.959666,14.632072,CZ,,prague,mapillary,2019-06-21,1.0
918720192302898,raw/mapillary/budapest/images/918720192302898.jpg,47.480446,18.970221,HU,,budapest,mapillary,2020-06-30,1.0
1057587728982322,raw/mapillary/prague/images/1057587728982322.jpg,49.966377,14.340213,CZ,,prague,mapillary,2023-07-09,1.0
505095737194684,raw/mapillary/budapest/images/505095737194684.jpg,47.530164,19.01611,HU,,budapest,mapillary,2020-04-11,1.0
944634316271091,raw/mapillary/prague/images/944634316271091.jpg,49.956971,14.530117,CZ,,prague,mapillary,2016-08-28,1.0
974202318469379,raw/mapillary/prague/images/974202318469379.jpg,49.960301,14.379107,CZ,,prague,mapillary,2026-03-28,1.0
197142102662542,raw/mapillary/warsaw/images/197142102662542.jpg,52.10462,21.05523,PL,,warsaw,mapillary,2022-08-07,1.0
1025107015032764,raw/mapillary/budapest/images/1025107015032764.jpg,47.482618,18.990054,HU,,budapest,mapillary,2023-06-02,1.0
764651134223137,raw/mapillary/prague/images/764651134223137.jpg,49.960539,14.324093,CZ,,prague,mapillary,2016-10-09,1.0
1332880478721597,raw/mapillary/warsaw/images/1332880478721597.jpg,52.107498,20.932182,PL,,warsaw,mapillary,2026-04-30,1.0
2773643022947291,raw/mapillary/budapest/images/2773643022947291.jpg,47.534875,18.990484,HU,,budapest,mapillary,2017-12-10,1.0
1128629068701380,raw/mapillary/warsaw/images/1128629068701380.jpg,52.104053,20.970927,PL,,warsaw,mapillary,2025-09-20,1.0
357390230443698,raw/mapillary/warsaw/images/357390230443698.jpg,52.103905,21.040529,PL,,warsaw,mapillary,2024-01-27,1.0
3229030907313074,raw/mapillary/warsaw/images/3229030907313074.jpg,52.106158,21.055668,PL,,warsaw,mapillary,2022-08-07,1.0
1234014774342663,raw/mapillary/prague/images/1234014774342663.jpg,49.969437,14.386876,CZ,,prague,mapillary,2024-12-08,1.0
1049111279292788,raw/mapillary/budapest/images/1049111279292788.jpg,47.499471,19.090371,HU,,budapest,mapillary,2022-03-20,1.0
511777496932627,raw/mapillary/prague/images/511777496932627.jpg,49.95522,14.319883,CZ,,prague,mapillary,2016-12-31,1.0
1180321740103725,raw/mapillary/warsaw/images/1180321740103725.jpg,52.103365,21.040741,PL,,warsaw,mapillary,2025-01-25,1.0
310547334996731,raw/mapillary/warsaw/images/310547334996731.jpg,52.100081,20.853532,PL,,warsaw,mapillary,2023-09-09,1.0
1424798187881623,raw/mapillary/prague/images/1424798187881623.jpg,49.951181,14.518244,CZ,,prague,mapillary,2020-05-27,1.0
1023035158947933,raw/mapillary/warsaw/images/1023035158947933.jpg,52.104191,20.970874,PL,,warsaw,mapillary,2023-09-05,1.0
1442813563681156,raw/mapillary/warsaw/images/1442813563681156.jpg,52.103856,20.970848,PL,,warsaw,mapillary,2025-09-20,1.0
2954950764722269,raw/mapillary/warsaw/images/2954950764722269.jpg,52.108203,20.980411,PL,,warsaw,mapillary,2020-06-30,1.0
456633619663636,raw/mapillary/warsaw/images/456633619663636.jpg,52.10338,21.054461,PL,,warsaw,mapillary,2022-08-07,1.0
925911674928670,raw/mapillary/budapest/images/925911674928670.jpg,47.480259,18.979273,HU,,budapest,mapillary,2018-09-18,1.0
178844954138971,raw/mapillary/budapest/images/178844954138971.jpg,47.530444,18.978834,HU,,budapest,mapillary,2020-04-09,1.0
601226195801437,raw/mapillary/prague/images/601226195801437.jpg,49.969486,14.387053,CZ,,prague,mapillary,2024-12-08,1.0
937408584568988,raw/mapillary/warsaw/images/937408584568988.jpg,52.107712,21.040278,PL,,warsaw,mapillary,2024-01-27,1.0
1565871941172526,raw/mapillary/warsaw/images/1565871941172526.jpg,52.103963,20.970908,PL,,warsaw,mapillary,2026-03-01,1.0
24217257561251348,raw/mapillary/warsaw/images/24217257561251348.jpg,52.109684,20.997273,PL,,warsaw,mapillary,2023-09-07,1.0
521414395882519,raw/mapillary/budapest/images/521414395882519.jpg,47.480216,18.971076,HU,,budapest,mapillary,2020-06-30,1.0
1524104238162094,raw/mapillary/warsaw/images/1524104238162094.jpg,52.103588,20.9707,PL,,warsaw,mapillary,2024-02-18,1.0
428870682599265,raw/mapillary/warsaw/images/428870682599265.jpg,52.10699,21.055965,PL,,warsaw,mapillary,2022-08-07,1.0
808771363354345,raw/mapillary/prague/images/808771363354345.jpg,49.952241,14.519499,CZ,,prague,mapillary,2015-11-08,1.0
2168317043708037,raw/mapillary/prague/images/2168317043708037.jpg,49.959293,14.632293,CZ,,prague,mapillary,2026-04-15,1.0
789856915005766,raw/mapillary/warsaw/images/789856915005766.jpg,52.104628,21.058403,PL,,warsaw,mapillary,2021-06-07,1.0
212937007308729,raw/mapillary/budapest/images/212937007308729.jpg,47.530227,18.987053,HU,,budapest,mapillary,2020-04-25,1.0
949515592482635,raw/mapillary/budapest/images/949515592482635.jpg,47.49,18.97,HU,,budapest,mapillary,2020-12-31,1.0
786064526146467,raw/mapillary/warsaw/images/786064526146467.jpg,52.108645,21.056231,PL,,warsaw,mapillary,2022-08-07,1.0
3162481187365591,raw/mapillary/prague/images/3162481187365591.jpg,49.954111,14.377187,CZ,,prague,mapillary,2019-04-12,1.0
1070663990009809,raw/mapillary/budapest/images/1070663990009809.jpg,47.493929,18.979354,HU,,budapest,mapillary,2019-03-22,1.0
864241788367101,raw/mapillary/prague/images/864241788367101.jpg,49.967193,14.337845,CZ,,prague,mapillary,2023-07-09,1.0
244652400754217,raw/mapillary/prague/images/244652400754217.jpg,49.958405,14.519146,CZ,,prague,mapillary,2016-10-01,1.0
318197463357453,raw/mapillary/prague/images/318197463357453.jpg,49.959801,14.522639,CZ,,prague,mapillary,2020-05-27,1.0
357385243446295,raw/mapillary/warsaw/images/357385243446295.jpg,52.105973,21.020166,PL,,warsaw,mapillary,2023-09-07,1.0
193815816903780,raw/mapillary/warsaw/images/193815816903780.jpg,52.103485,20.970641,PL,,warsaw,mapillary,2023-05-14,1.0
748184930954978,raw/mapillary/warsaw/images/748184930954978.jpg,52.101304,20.870545,PL,,warsaw,mapillary,2025-07-23,1.0
1789062261919502,raw/mapillary/prague/images/1789062261919502.jpg,49.969121,14.386283,CZ,,prague,mapillary,2024-12-08,1.0
327031656857307,raw/mapillary/warsaw/images/327031656857307.jpg,52.109946,21.000415,PL,,warsaw,mapillary,2023-09-07,1.0
302194818205262,raw/mapillary/prague/images/302194818205262.jpg,49.958782,14.519776,CZ,,prague,mapillary,2016-10-01,1.0
1979149139517222,raw/mapillary/budapest/images/1979149139517222.jpg,47.530141,18.997514,HU,,budapest,mapillary,2025-09-05,1.0
593525875141303,raw/mapillary/warsaw/images/593525875141303.jpg,52.107487,20.932257,PL,,warsaw,mapillary,2021-05-03,1.0
250332853273889,raw/mapillary/budapest/images/250332853273889.jpg,47.47942,18.980085,HU,,budapest,mapillary,2018-09-18,1.0
637185885041606,raw/mapillary/prague/images/637185885041606.jpg,49.952383,14.328679,CZ,,prague,mapillary,2023-07-09,1.0
175201567809557,raw/mapillary/budapest/images/175201567809557.jpg,47.534139,18.990082,HU,,budapest,mapillary,2016-04-10,1.0
512805826557715,raw/mapillary/prague/images/512805826557715.jpg,49.958774,14.462646,CZ,,prague,mapillary,2020-05-26,1.0
152301453522416,raw/mapillary/budapest/images/152301453522416.jpg,47.530452,18.978773,HU,,budapest,mapillary,2019-05-08,1.0
819386652038711,raw/mapillary/prague/images/819386652038711.jpg,49.959553,14.521854,CZ,,prague,mapillary,2020-05-27,1.0
263173852933826,raw/mapillary/prague/images/263173852933826.jpg,49.956788,14.53028,CZ,,prague,mapillary,2022-10-26,1.0
224327772502974,raw/mapillary/prague/images/224327772502974.jpg,49.960471,14.323804,CZ,,prague,mapillary,2016-10-09,1.0
532333768134756,raw/mapillary/warsaw/images/532333768134756.jpg,52.105456,21.056878,PL,,warsaw,mapillary,2021-06-07,1.0
954469242699110,raw/mapillary/budapest/images/954469242699110.jpg,47.520158,18.972962,HU,,budapest,mapillary,2024-03-20,1.0
1198723522054527,raw/mapillary/warsaw/images/1198723522054527.jpg,52.104028,20.970936,PL,,warsaw,mapillary,2026-03-01,1.0
436095154130056,raw/mapillary/budapest/images/436095154130056.jpg,47.478148,18.974423,HU,,budapest,mapillary,2019-08-11,1.0
309598514076682,raw/mapillary/warsaw/images/309598514076682.jpg,52.101501,20.872984,PL,,warsaw,mapillary,2020-07-03,1.0
1690121031711720,raw/mapillary/warsaw/images/1690121031711720.jpg,52.100708,21.084366,PL,,warsaw,mapillary,2025-01-25,1.0
714211237521717,raw/mapillary/warsaw/images/714211237521717.jpg,52.106228,21.020125,PL,,warsaw,mapillary,2024-01-27,1.0
917247807238184,raw/mapillary/warsaw/images/917247807238184.jpg,52.104757,21.092869,PL,,warsaw,mapillary,2025-01-25,1.0
1266730284671550,raw/mapillary/budapest/images/1266730284671550.jpg,47.54147,18.98615,HU,,budapest,mapillary,2024-11-03,1.0
1297004034338531,raw/mapillary/prague/images/1297004034338531.jpg,49.952177,14.537541,CZ,,prague,mapillary,2022-10-26,1.0
880234226869179,raw/mapillary/prague/images/880234226869179.jpg,49.95973,14.394173,CZ,,prague,mapillary,2022-10-26,1.0
539719407330245,raw/mapillary/warsaw/images/539719407330245.jpg,52.107345,20.932174,PL,,warsaw,mapillary,2021-05-03,1.0
134086995448521,raw/mapillary/prague/images/134086995448521.jpg,49.958845,14.519842,CZ,,prague,mapillary,2020-05-27,1.0
4104666449629801,raw/mapillary/prague/images/4104666449629801.jpg,49.950409,14.518471,CZ,,prague,mapillary,2020-05-27,1.0
7238966606155279,raw/mapillary/warsaw/images/7238966606155279.jpg,52.109726,20.996638,PL,,warsaw,mapillary,2023-09-07,1.0
1352919778990481,raw/mapillary/prague/images/1352919778990481.jpg,49.967817,14.335844,CZ,,prague,mapillary,2023-07-09,1.0
506716290525705,raw/mapillary/prague/images/506716290525705.jpg,49.957212,14.51804,CZ,,prague,mapillary,2020-05-27,1.0
1031390011420146,raw/mapillary/warsaw/images/1031390011420146.jpg,52.102879,20.970165,PL,,warsaw,mapillary,2023-09-05,1.0
218722876381445,raw/mapillary/budapest/images/218722876381445.jpg,47.49223,18.979748,HU,,budapest,mapillary,2019-05-12,1.0
1326887799286348,raw/mapillary/prague/images/1326887799286348.jpg,49.959447,14.632112,CZ,,prague,mapillary,2026-04-15,1.0
318602844363574,raw/mapillary/warsaw/images/318602844363574.jpg,52.105973,21.020433,PL,,warsaw,mapillary,2023-09-07,1.0
315895376656563,raw/mapillary/budapest/images/315895376656563.jpg,47.520227,18.972498,HU,,budapest,mapillary,2020-03-30,1.0
1960563547874567,raw/mapillary/warsaw/images/1960563547874567.jpg,52.107586,20.932262,PL,,warsaw,mapillary,2026-03-01,1.0
1125547174598127,raw/mapillary/budapest/images/1125547174598127.jpg,47.53029,18.983495,HU,,budapest,mapillary,2017-08-06,1.0
1289952612283383,raw/mapillary/warsaw/images/1289952612283383.jpg,52.104352,21.090624,PL,,warsaw,mapillary,2025-01-25,1.0
758191791543408,raw/mapillary/budapest/images/758191791543408.jpg,47.478161,18.974505,HU,,budapest,mapillary,2019-08-11,1.0
662444832432702,raw/mapillary/prague/images/662444832432702.jpg,49.952054,14.328945,CZ,,prague,mapillary,2023-07-09,1.0
354785703693537,raw/mapillary/warsaw/images/354785703693537.jpg,52.103385,20.970289,PL,,warsaw,mapillary,2023-09-05,1.0
345201163902424,raw/mapillary/prague/images/345201163902424.jpg,49.952828,14.318119,CZ,,prague,mapillary,2016-10-09,1.0
3912462242183424,raw/mapillary/budapest/images/3912462242183424.jpg,47.490025,19.002325,HU,,budapest,mapillary,2018-08-16,1.0
771698110804246,raw/mapillary/warsaw/images/771698110804246.jpg,52.102852,20.970135,PL,,warsaw,mapillary,2022-09-24,1.0
823145061957885,raw/mapillary/budapest/images/823145061957885.jpg,47.510235,18.977052,HU,,budapest,mapillary,2020-10-22,1.0
254116419730608,raw/mapillary/prague/images/254116419730608.jpg,49.957804,14.529315,CZ,,prague,mapillary,2016-09-07,1.0
1421783374836004,raw/mapillary/budapest/images/1421783374836004.jpg,47.520084,18.9733,HU,,budapest,mapillary,2018-08-08,1.0
1172758939856269,raw/mapillary/warsaw/images/1172758939856269.jpg,52.100167,20.853972,PL,,warsaw,mapillary,2017-03-01,1.0
174104557976628,raw/mapillary/prague/images/174104557976628.jpg,49.950714,14.518341,CZ,,prague,mapillary,2020-05-27,1.0
275245087459268,raw/mapillary/budapest/images/275245087459268.jpg,47.520128,18.973112,HU,,budapest,mapillary,2018-08-14,1.0
1246513219100162,raw/mapillary/budapest/images/1246513219100162.jpg,47.530578,18.978758,HU,,budapest,mapillary,2018-11-05,1.0
946232659253856,raw/mapillary/prague/images/946232659253856.jpg,49.966007,14.327452,CZ,,prague,mapillary,2016-10-09,1.0
369940345765513,raw/mapillary/warsaw/images/369940345765513.jpg,52.109708,20.997094,PL,,warsaw,mapillary,2024-01-27,1.0
2816302601904396,raw/mapillary/warsaw/images/2816302601904396.jpg,52.101581,20.873456,PL,,warsaw,mapillary,2025-07-25,1.0
1581690295749662,raw/mapillary/budapest/images/1581690295749662.jpg,47.510279,18.976837,HU,,budapest,mapillary,2024-10-05,1.0
1106443337357550,raw/mapillary/warsaw/images/1106443337357550.jpg,52.101792,20.878761,PL,,warsaw,mapillary,2024-01-24,1.0
275548964356039,raw/mapillary/prague/images/275548964356039.jpg,49.959625,14.522084,CZ,,prague,mapillary,2020-05-27,1.0
924008745048608,raw/mapillary/budapest/images/924008745048608.jpg,47.536329,19.000166,HU,,budapest,mapillary,2020-08-31,1.0
881366557262010,raw/mapillary/warsaw/images/881366557262010.jpg,52.100119,21.083881,PL,,warsaw,mapillary,2025-01-25,1.0
497178235032056,raw/mapillary/prague/images/497178235032056.jpg,49.955622,14.320322,CZ,,prague,mapillary,2016-12-31,1.0
936790787086366,raw/mapillary/warsaw/images/936790787086366.jpg,52.101192,20.86858,PL,,warsaw,mapillary,2020-07-03,1.0
1036307835002807,raw/mapillary/warsaw/images/1036307835002807.jpg,52.105046,21.098476,PL,,warsaw,mapillary,2025-01-25,1.0
1563577741370941,raw/mapillary/warsaw/images/1563577741370941.jpg,52.107281,20.932128,PL,,warsaw,mapillary,2026-03-01,1.0
245738150662846,raw/mapillary/budapest/images/245738150662846.jpg,47.480312,18.980934,HU,,budapest,mapillary,2018-10-14,1.0
286810306503185,raw/mapillary/warsaw/images/286810306503185.jpg,52.104891,21.09284,PL,,warsaw,mapillary,2021-06-07,1.0
471544584110500,raw/mapillary/budapest/images/471544584110500.jpg,47.520097,18.97299,HU,,budapest,mapillary,2020-03-30,1.0
307992097522404,raw/mapillary/prague/images/307992097522404.jpg,49.959145,14.520585,CZ,,prague,mapillary,2020-05-27,1.0
358440993838034,raw/mapillary/warsaw/images/358440993838034.jpg,52.106284,21.020129,PL,,warsaw,mapillary,2024-01-27,1.0
177363757505237,raw/mapillary/budapest/images/177363757505237.jpg,47.495325,18.979439,HU,,budapest,mapillary,2018-08-24,1.0
516019036082473,raw/mapillary/budapest/images/516019036082473.jpg,47.534618,18.990703,HU,,budapest,mapillary,2016-04-10,1.0
1235454850643106,raw/mapillary/warsaw/images/1235454850643106.jpg,52.10412,20.97054,PL,,warsaw,mapillary,2022-09-24,1.0
493728023085910,raw/mapillary/warsaw/images/493728023085910.jpg,52.107263,20.932093,PL,,warsaw,mapillary,2024-06-05,1.0
284350563346534,raw/mapillary/warsaw/images/284350563346534.jpg,52.100101,20.854508,PL,,warsaw,mapillary,2019-08-17,1.0
674130514653578,raw/mapillary/warsaw/images/674130514653578.jpg,52.100324,20.856278,PL,,warsaw,mapillary,2023-09-09,1.0
952985520231375,raw/mapillary/warsaw/images/952985520231375.jpg,52.10323,21.041051,PL,,warsaw,mapillary,2025-01-25,1.0
463939271335716,raw/mapillary/budapest/images/463939271335716.jpg,47.490443,18.978673,HU,,budapest,mapillary,2017-11-01,1.0
152861843512183,raw/mapillary/budapest/images/152861843512183.jpg,47.493811,18.979554,HU,,budapest,mapillary,2019-03-22,1.0
167234651981026,raw/mapillary/budapest/images/167234651981026.jpg,47.530582,18.978735,HU,,budapest,mapillary,2018-07-03,1.0
295141538918315,raw/mapillary/budapest/images/295141538918315.jpg,47.486432,19.000883,HU,,budapest,mapillary,2018-08-21,1.0
220195436208480,raw/mapillary/budapest/images/220195436208480.jpg,47.534784,19.000014,HU,,budapest,mapillary,2018-08-30,1.0
1717873855658617,raw/mapillary/prague/images/1717873855658617.jpg,49.969241,14.385639,CZ,,prague,mapillary,2024-12-08,1.0
1116740718920910,raw/mapillary/warsaw/images/1116740718920910.jpg,52.108573,21.056653,PL,,warsaw,mapillary,2022-08-07,1.0
1800209387442945,raw/mapillary/prague/images/1800209387442945.jpg,49.969489,14.387014,CZ,,prague,mapillary,2024-12-08,1.0
786006892311188,raw/mapillary/budapest/images/786006892311188.jpg,47.532524,18.990027,HU,,budapest,mapillary,2018-01-31,1.0
300026421839192,raw/mapillary/prague/images/300026421839192.jpg,49.959348,14.632143,CZ,,prague,mapillary,2019-06-24,1.0
1419792472436595,raw/mapillary/warsaw/images/1419792472436595.jpg,52.103883,20.970858,PL,,warsaw,mapillary,2025-09-20,1.0
927039751798823,raw/mapillary/warsaw/images/927039751798823.jpg,52.106462,20.963546,PL,,warsaw,mapillary,2024-01-27,1.0
1997850214025228,raw/mapillary/warsaw/images/1997850214025228.jpg,52.10483,21.097115,PL,,warsaw,mapillary,2025-01-25,1.0
535917042637714,raw/mapillary/prague/images/535917042637714.jpg,49.959626,14.632184,CZ,,prague,mapillary,2024-10-31,1.0
778017186413478,raw/mapillary/prague/images/778017186413478.jpg,49.956921,14.517919,CZ,,prague,mapillary,2020-05-27,1.0
491696966187608,raw/mapillary/warsaw/images/491696966187608.jpg,52.103229,20.970223,PL,,warsaw,mapillary,2022-09-24,1.0
1211606779284531,raw/mapillary/budapest/images/1211606779284531.jpg,47.477917,18.974937,HU,,budapest,mapillary,2018-09-29,1.0
1166952958025164,raw/mapillary/warsaw/images/1166952958025164.jpg,52.105973,21.020255,PL,,warsaw,mapillary,2023-09-07,1.0
2118342285205590,raw/mapillary/warsaw/images/2118342285205590.jpg,52.102885,21.039006,PL,,warsaw,mapillary,2024-01-27,1.0
295101528879163,raw/mapillary/budapest/images/295101528879163.jpg,47.499603,19.090164,HU,,budapest,mapillary,2018-10-06,1.0
192904667045620,raw/mapillary/budapest/images/192904667045620.jpg,47.520044,18.973226,HU,,budapest,mapillary,2023-05-31,1.0
2810166459238785,raw/mapillary/budapest/images/2810166459238785.jpg,47.490058,19.002443,HU,,budapest,mapillary,2017-05-05,1.0
2668051326667903,raw/mapillary/warsaw/images/2668051326667903.jpg,52.100326,20.856307,PL,,warsaw,mapillary,2023-09-09,1.0
509273976748842,raw/mapillary/prague/images/509273976748842.jpg,49.958931,14.520065,CZ,,prague,mapillary,2015-11-08,1.0
1299448938040119,raw/mapillary/warsaw/images/1299448938040119.jpg,52.104428,21.090772,PL,,warsaw,mapillary,2025-01-25,1.0
915044732612681,raw/mapillary/budapest/images/915044732612681.jpg,47.548565,18.979957,HU,,budapest,mapillary,2017-08-13,1.0
3073343556218192,raw/mapillary/budapest/images/3073343556218192.jpg,47.549199,18.973743,HU,,budapest,mapillary,2017-12-10,1.0
1076744052849525,raw/mapillary/prague/images/1076744052849525.jpg,49.955624,14.465199,CZ,,prague,mapillary,2020-05-26,1.0
1314309077326674,raw/mapillary/warsaw/images/1314309077326674.jpg,52.107525,20.932194,PL,,warsaw,mapillary,2026-04-30,1.0
24105641799047737,raw/mapillary/warsaw/images/24105641799047737.jpg,52.102308,21.018793,PL,,warsaw,mapillary,2025-07-05,1.0
1797020297711059,raw/mapillary/warsaw/images/1797020297711059.jpg,52.104888,21.097177,PL,,warsaw,mapillary,2025-01-25,1.0
1299513884587122,raw/mapillary/warsaw/images/1299513884587122.jpg,52.101523,21.084929,PL,,warsaw,mapillary,2025-01-25,1.0
482819572930474,raw/mapillary/prague/images/482819572930474.jpg,49.959514,14.63215,CZ,,prague,mapillary,2017-11-11,1.0
2172296626520136,raw/mapillary/warsaw/images/2172296626520136.jpg,52.100067,21.083842,PL,,warsaw,mapillary,2025-01-25,1.0
1192245064555984,raw/mapillary/warsaw/images/1192245064555984.jpg,52.101217,20.869479,PL,,warsaw,mapillary,2019-08-17,1.0
1435239764121124,raw/mapillary/warsaw/images/1435239764121124.jpg,52.104168,21.089844,PL,,warsaw,mapillary,2025-01-25,1.0
675702616608213,raw/mapillary/prague/images/675702616608213.jpg,49.960347,14.323349,CZ,,prague,mapillary,2016-10-09,1.0
460444793655076,raw/mapillary/prague/images/460444793655076.jpg,49.952996,14.609424,CZ,,prague,mapillary,2024-08-28,1.0
690033793092814,raw/mapillary/warsaw/images/690033793092814.jpg,52.109688,20.997091,PL,,warsaw,mapillary,2023-09-07,1.0
1095018278480559,raw/mapillary/prague/images/1095018278480559.jpg,49.969152,14.38592,CZ,,prague,mapillary,2024-12-08,1.0
505022170652549,raw/mapillary/prague/images/505022170652549.jpg,49.959592,14.522099,CZ,,prague,mapillary,2016-10-01,1.0
220396172892647,raw/mapillary/budapest/images/220396172892647.jpg,47.530142,18.987012,HU,,budapest,mapillary,2020-04-25,1.0
1063456917988898,raw/mapillary/warsaw/images/1063456917988898.jpg,52.103654,20.970726,PL,,warsaw,mapillary,2023-09-07,1.0
4384156358283773,raw/mapillary/budapest/images/4384156358283773.jpg,47.5302,18.987037,HU,,budapest,mapillary,2020-04-25,1.0
2516330028499188,raw/mapillary/budapest/images/2516330028499188.jpg,47.520007,18.973806,HU,,budapest,mapillary,2018-08-14,1.0
494908171959629,raw/mapillary/budapest/images/494908171959629.jpg,47.530228,18.987048,HU,,budapest,mapillary,2020-04-25,1.0
611433234305132,raw/mapillary/prague/images/611433234305132.jpg,49.953259,14.327957,CZ,,prague,mapillary,2023-07-09,1.0
513579119686429,raw/mapillary/prague/images/513579119686429.jpg,49.954636,14.320681,CZ,,prague,mapillary,2016-10-09,1.0
126025562817689,raw/mapillary/budapest/images/126025562817689.jpg,47.532555,18.990151,HU,,budapest,mapillary,2018-01-31,1.0
504647950870666,raw/mapillary/warsaw/images/504647950870666.jpg,52.107868,21.090338,PL,,warsaw,mapillary,2021-06-07,1.0
830373781963859,raw/mapillary/budapest/images/830373781963859.jpg,47.47,18.979722,HU,,budapest,mapillary,2023-09-30,1.0
1559873702417851,raw/mapillary/warsaw/images/1559873702417851.jpg,52.107471,20.93217,PL,,warsaw,mapillary,2026-04-30,1.0
800912284128429,raw/mapillary/prague/images/800912284128429.jpg,49.953389,14.466966,CZ,,prague,mapillary,2020-05-26,1.0
1456698732448093,raw/mapillary/warsaw/images/1456698732448093.jpg,52.101806,20.876744,PL,,warsaw,mapillary,2025-07-25,1.0
1373860986321763,raw/mapillary/prague/images/1373860986321763.jpg,49.952374,14.468272,CZ,,prague,mapillary,2020-05-26,1.0
2464199600707487,raw/mapillary/prague/images/2464199600707487.jpg,49.959228,14.632369,CZ,,prague,mapillary,2026-04-15,1.0
663782578899022,raw/mapillary/prague/images/663782578899022.jpg,49.950654,14.391777,CZ,,prague,mapillary,2022-10-26,1.0
1148603330318563,raw/mapillary/warsaw/images/1148603330318563.jpg,52.103093,21.038958,PL,,warsaw,mapillary,2025-01-25,1.0
346592388289426,raw/mapillary/warsaw/images/346592388289426.jpg,52.102827,21.038915,PL,,warsaw,mapillary,2024-01-27,1.0
159902416101324,raw/mapillary/prague/images/159902416101324.jpg,49.964738,14.326543,CZ,,prague,mapillary,2016-10-09,1.0
255656792910410,raw/mapillary/budapest/images/255656792910410.jpg,47.530237,18.979042,HU,,budapest,mapillary,2019-05-08,1.0
186433303243024,raw/mapillary/budapest/images/186433303243024.jpg,47.48003,18.978128,HU,,budapest,mapillary,2019-08-11,1.0
1747652488747708,raw/mapillary/prague/images/1747652488747708.jpg,49.955654,14.381698,CZ,,prague,mapillary,2016-04-13,1.0
382934929722769,raw/mapillary/prague/images/382934929722769.jpg,49.958299,14.528779,CZ,,prague,mapillary,2016-10-01,1.0
4969055766454282,raw/mapillary/warsaw/images/4969055766454282.jpg,52.106283,21.053435,PL,,warsaw,mapillary,2021-06-07,1.0
1106795651508710,raw/mapillary/prague/images/1106795651508710.jpg,49.969398,14.385306,CZ,,prague,mapillary,2026-02-01,1.0
1025052119636052,raw/mapillary/budapest/images/1025052119636052.jpg,47.542062,18.986189,HU,,budapest,mapillary,2024-11-03,1.0
1855880605238537,raw/mapillary/warsaw/images/1855880605238537.jpg,52.100792,21.084425,PL,,warsaw,mapillary,2025-01-25,1.0
631909064462900,raw/mapillary/budapest/images/631909064462900.jpg,47.530237,18.997468,HU,,budapest,mapillary,2018-01-30,1.0
1547394232751737,raw/mapillary/warsaw/images/1547394232751737.jpg,52.107799,21.040267,PL,,warsaw,mapillary,2024-01-27,1.0
180023068292382,raw/mapillary/prague/images/180023068292382.jpg,49.965246,14.32886,CZ,,prague,mapillary,2023-07-09,1.0
2567873980176410,raw/mapillary/budapest/images/2567873980176410.jpg,47.540005,18.971317,HU,,budapest,mapillary,2017-04-16,1.0
1466897964982229,raw/mapillary/warsaw/images/1466897964982229.jpg,52.107853,20.932382,PL,,warsaw,mapillary,2026-03-01,1.0
951270052334209,raw/mapillary/budapest/images/951270052334209.jpg,47.520147,18.972987,HU,,budapest,mapillary,2018-08-06,1.0
715421823842138,raw/mapillary/prague/images/715421823842138.jpg,49.951369,14.53862,CZ,,prague,mapillary,2022-10-26,1.0
1737318773779147,raw/mapillary/budapest/images/1737318773779147.jpg,47.541491,18.986185,HU,,budapest,mapillary,2024-11-03,1.0
1162251429083877,raw/mapillary/warsaw/images/1162251429083877.jpg,52.104024,20.970915,PL,,warsaw,mapillary,2025-09-20,1.0
815740395702312,raw/mapillary/budapest/images/815740395702312.jpg,47.488889,18.970278,HU,,budapest,mapillary,2020-12-31,1.0
3048842008672613,raw/mapillary/prague/images/3048842008672613.jpg,49.959432,14.632296,CZ,,prague,mapillary,2018-05-15,1.0
699507836162683,raw/mapillary/warsaw/images/699507836162683.jpg,52.107754,20.932346,PL,,warsaw,mapillary,2025-06-12,1.0
3370164386646571,raw/mapillary/prague/images/3370164386646571.jpg,49.954786,14.326326,CZ,,prague,mapillary,2023-07-09,1.0
2660282204127940,raw/mapillary/budapest/images/2660282204127940.jpg,47.530149,18.983565,HU,,budapest,mapillary,2023-11-20,1.0
766469780899622,raw/mapillary/prague/images/766469780899622.jpg,49.954411,14.32048,CZ,,prague,mapillary,2016-10-09,1.0
1228082177829826,raw/mapillary/budapest/images/1228082177829826.jpg,47.499687,19.090216,HU,,budapest,mapillary,2023-08-07,1.0
797406138504257,raw/mapillary/budapest/images/797406138504257.jpg,47.482557,18.990175,HU,,budapest,mapillary,2023-06-02,1.0
2034613830012686,raw/mapillary/budapest/images/2034613830012686.jpg,47.474142,18.990424,HU,,budapest,mapillary,2020-11-05,1.0
1552841492240811,raw/mapillary/budapest/images/1552841492240811.jpg,47.499663,19.090372,HU,,budapest,mapillary,2024-05-27,1.0
1501247596878009,raw/mapillary/budapest/images/1501247596878009.jpg,47.48037,18.978035,HU,,budapest,mapillary,2020-06-30,1.0
370428521046528,raw/mapillary/budapest/images/370428521046528.jpg,47.478145,18.975658,HU,,budapest,mapillary,2016-10-31,1.0
1153276495188418,raw/mapillary/budapest/images/1153276495188418.jpg,47.490058,19.002426,HU,,budapest,mapillary,2017-05-05,1.0
1732689567299111,raw/mapillary/warsaw/images/1732689567299111.jpg,52.104161,21.08999,PL,,warsaw,mapillary,2025-01-25,1.0
681876670026975,raw/mapillary/prague/images/681876670026975.jpg,49.952405,14.537316,CZ,,prague,mapillary,2023-08-21,1.0
1424785127860334,raw/mapillary/prague/images/1424785127860334.jpg,49.952721,14.51803,CZ,,prague,mapillary,2020-05-27,1.0
9044414195650817,raw/mapillary/warsaw/images/9044414195650817.jpg,52.100811,21.084395,PL,,warsaw,mapillary,2025-01-25,1.0
761513623036997,raw/mapillary/warsaw/images/761513623036997.jpg,52.101521,20.872615,PL,,warsaw,mapillary,2025-07-25,1.0
1094365295043122,raw/mapillary/warsaw/images/1094365295043122.jpg,52.104583,21.035459,PL,,warsaw,mapillary,2024-01-27,1.0
591842805732167,raw/mapillary/warsaw/images/591842805732167.jpg,52.100868,21.05408,PL,,warsaw,mapillary,2022-08-07,1.0
370839780977243,raw/mapillary/prague/images/370839780977243.jpg,49.960475,14.379028,CZ,,prague,mapillary,2017-05-21,1.0
1354251171607083,raw/mapillary/prague/images/1354251171607083.jpg,49.958962,14.520101,CZ,,prague,mapillary,2020-05-27,1.0
1093092414526849,raw/mapillary/budapest/images/1093092414526849.jpg,47.480625,18.980359,HU,,budapest,mapillary,2018-10-06,1.0
995192244890785,raw/mapillary/warsaw/images/995192244890785.jpg,52.101815,20.877775,PL,,warsaw,mapillary,2023-09-09,1.0
1425127717834388,raw/mapillary/budapest/images/1425127717834388.jpg,47.510249,18.976978,HU,,budapest,mapillary,2019-03-26,1.0
1423140038924659,raw/mapillary/prague/images/1423140038924659.jpg,49.960125,14.379131,CZ,,prague,mapillary,2025-07-27,1.0
285771120104703,raw/mapillary/budapest/images/285771120104703.jpg,47.499396,19.090214,HU,,budapest,mapillary,2021-11-03,1.0
1408112526224781,raw/mapillary/prague/images/1408112526224781.jpg,49.953208,14.467217,CZ,,prague,mapillary,2020-05-26,1.0
385024376153677,raw/mapillary/prague/images/385024376153677.jpg,49.955389,14.517859,CZ,,prague,mapillary,2020-05-27,1.0
1259850628854653,raw/mapillary/warsaw/images/1259850628854653.jpg,52.10191,20.878437,PL,,warsaw,mapillary,2025-07-25,1.0
1073698153155516,raw/mapillary/prague/images/1073698153155516.jpg,49.958957,14.462496,CZ,,prague,mapillary,2020-05-26,1.0
1059054135508105,raw/mapillary/warsaw/images/1059054135508105.jpg,52.104105,20.970908,PL,,warsaw,mapillary,2023-09-07,1.0
925571801574738,raw/mapillary/budapest/images/925571801574738.jpg,47.472898,18.977711,HU,,budapest,mapillary,2019-11-23,1.0
195818580163990,raw/mapillary/prague/images/195818580163990.jpg,49.952151,14.53769,CZ,,prague,mapillary,2023-08-21,1.0
1320173832963110,raw/mapillary/warsaw/images/1320173832963110.jpg,52.101269,20.869132,PL,,warsaw,mapillary,2025-07-25,1.0
324030355754624,raw/mapillary/prague/images/324030355754624.jpg,49.959525,14.631921,CZ,,prague,mapillary,2019-06-24,1.0
2554038094901789,raw/mapillary/budapest/images/2554038094901789.jpg,47.480206,18.978091,HU,,budapest,mapillary,2020-06-30,1.0
370897982236078,raw/mapillary/warsaw/images/370897982236078.jpg,52.108986,21.042133,PL,,warsaw,mapillary,2024-01-27,1.0
2159039890904721,raw/mapillary/budapest/images/2159039890904721.jpg,47.472122,18.978665,HU,,budapest,mapillary,2019-11-23,1.0
994673224670948,raw/mapillary/budapest/images/994673224670948.jpg,47.495017,18.97985,HU,,budapest,mapillary,2017-11-01,1.0
166305195320536,raw/mapillary/budapest/images/166305195320536.jpg,47.520045,18.973547,HU,,budapest,mapillary,2018-08-14,1.0
354243612965011,raw/mapillary/prague/images/354243612965011.jpg,49.959437,14.521628,CZ,,prague,mapillary,2016-10-01,1.0
1213176759366385,raw/mapillary/prague/images/1213176759366385.jpg,49.955793,14.325225,CZ,,prague,mapillary,2023-07-09,1.0
164340285638183,raw/mapillary/prague/images/164340285638183.jpg,49.951138,14.518233,CZ,,prague,mapillary,2020-05-27,1.0
908175424743695,raw/mapillary/budapest/images/908175424743695.jpg,47.530338,18.99761,HU,,budapest,mapillary,2022-03-04,1.0
1401007974312528,raw/mapillary/warsaw/images/1401007974312528.jpg,52.1014,20.870975,PL,,warsaw,mapillary,2025-07-25,1.0
1449761719894595,raw/mapillary/warsaw/images/1449761719894595.jpg,52.107638,20.932285,PL,,warsaw,mapillary,2026-03-01,1.0
5422304864511228,raw/mapillary/prague/images/5422304864511228.jpg,49.95491,14.381627,CZ,,prague,mapillary,2016-04-13,1.0
961299244695172,raw/mapillary/budapest/images/961299244695172.jpg,47.510259,18.977164,HU,,budapest,mapillary,2017-07-07,1.0
1276097267833134,raw/mapillary/prague/images/1276097267833134.jpg,49.959498,14.632052,CZ,,prague,mapillary,2026-04-15,1.0
415617001280851,raw/mapillary/budapest/images/415617001280851.jpg,47.510104,18.978196,HU,,budapest,mapillary,2024-10-05,1.0
1217218409847512,raw/mapillary/prague/images/1217218409847512.jpg,49.953673,14.608303,CZ,,prague,mapillary,2025-06-01,1.0
1435858160543179,raw/mapillary/prague/images/1435858160543179.jpg,49.959451,14.632226,CZ,,prague,mapillary,2024-05-31,1.0
135302851964429,raw/mapillary/prague/images/135302851964429.jpg,49.959118,14.632411,CZ,,prague,mapillary,2019-06-24,1.0
1538184880263368,raw/mapillary/warsaw/images/1538184880263368.jpg,52.106705,20.993368,PL,,warsaw,mapillary,2024-01-27,1.0
460217728385790,raw/mapillary/prague/images/460217728385790.jpg,49.952987,14.375994,CZ,,prague,mapillary,2017-10-19,1.0
1524268981738447,raw/mapillary/prague/images/1524268981738447.jpg,49.959591,14.394067,CZ,,prague,mapillary,2022-10-26,1.0
1283386216727571,raw/mapillary/warsaw/images/1283386216727571.jpg,52.101334,20.870197,PL,,warsaw,mapillary,2025-07-25,1.0
304191582419035,raw/mapillary/prague/images/304191582419035.jpg,49.958164,14.393088,CZ,,prague,mapillary,2022-10-26,1.0
485246909200819,raw/mapillary/budapest/images/485246909200819.jpg,47.49033,19.002306,HU,,budapest,mapillary,2017-05-05,1.0
197734485521816,raw/mapillary/budapest/images/197734485521816.jpg,47.480503,18.970105,HU,,budapest,mapillary,2020-06-30,1.0
758355180138591,raw/mapillary/budapest/images/758355180138591.jpg,47.530278,18.99763,HU,,budapest,mapillary,2025-09-05,1.0
2191362511349675,raw/mapillary/budapest/images/2191362511349675.jpg,47.530351,18.997684,HU,,budapest,mapillary,2025-09-05,1.0
1403302540026696,raw/mapillary/prague/images/1403302540026696.jpg,49.959668,14.522332,CZ,,prague,mapillary,2016-10-01,1.0
1256967898245576,raw/mapillary/prague/images/1256967898245576.jpg,49.953048,14.536257,CZ,,prague,mapillary,2022-10-26,1.0
306403254297757,raw/mapillary/budapest/images/306403254297757.jpg,47.499553,19.090476,HU,,budapest,mapillary,2020-01-26,1.0
219615721226568,raw/mapillary/warsaw/images/219615721226568.jpg,52.109959,21.000292,PL,,warsaw,mapillary,2024-01-27,1.0
948446255988396,raw/mapillary/budapest/images/948446255988396.jpg,47.493847,18.979966,HU,,budapest,mapillary,2019-03-22,1.0
524190798714628,raw/mapillary/warsaw/images/524190798714628.jpg,52.105723,21.091446,PL,,warsaw,mapillary,2021-06-07,1.0
1186703962438354,raw/mapillary/warsaw/images/1186703962438354.jpg,52.103101,21.038937,PL,,warsaw,mapillary,2024-09-12,1.0
134565095962021,raw/mapillary/prague/images/134565095962021.jpg,49.951369,14.538725,CZ,,prague,mapillary,2022-08-27,1.0
795341388848479,raw/mapillary/budapest/images/795341388848479.jpg,47.540324,18.970214,HU,,budapest,mapillary,2023-06-02,1.0
816348305928439,raw/mapillary/warsaw/images/816348305928439.jpg,52.104528,21.09109,PL,,warsaw,mapillary,2018-09-23,1.0
166834598610973,raw/mapillary/budapest/images/166834598610973.jpg,47.49966,19.090243,HU,,budapest,mapillary,2019-10-06,1.0
359773080131869,raw/mapillary/warsaw/images/359773080131869.jpg,52.109955,21.000243,PL,,warsaw,mapillary,2024-01-27,1.0
2884425081831056,raw/mapillary/budapest/images/2884425081831056.jpg,47.530329,18.979073,HU,,budapest,mapillary,2018-10-02,1.0
1206159399844125,raw/mapillary/warsaw/images/1206159399844125.jpg,52.106913,21.090803,PL,,warsaw,mapillary,2021-06-07,1.0
224049109113733,raw/mapillary/budapest/images/224049109113733.jpg,47.499645,19.090497,HU,,budapest,mapillary,2020-01-26,1.0
1192016108686630,raw/mapillary/budapest/images/1192016108686630.jpg,47.510195,18.977082,HU,,budapest,mapillary,2024-09-01,1.0
927376509127650,raw/mapillary/warsaw/images/927376509127650.jpg,52.101858,20.877996,PL,,warsaw,mapillary,2024-01-08,1.0
160865209324188,raw/mapillary/budapest/images/160865209324188.jpg,47.472085,18.9787,HU,,budapest,mapillary,2019-11-23,1.0
490187519075871,raw/mapillary/budapest/images/490187519075871.jpg,47.544799,18.976525,HU,,budapest,mapillary,2020-08-14,1.0
2617661175198581,raw/mapillary/budapest/images/2617661175198581.jpg,47.549927,18.974373,HU,,budapest,mapillary,2017-06-30,1.0
1874415739826355,raw/mapillary/budapest/images/1874415739826355.jpg,47.486753,19.000856,HU,,budapest,mapillary,2025-12-04,1.0
294538089624597,raw/mapillary/prague/images/294538089624597.jpg,49.963724,14.327101,CZ,,prague,mapillary,2023-07-09,1.0
2955568308059663,raw/mapillary/budapest/images/2955568308059663.jpg,47.530375,18.978783,HU,,budapest,mapillary,,1.0
1902461333569700,raw/mapillary/prague/images/1902461333569700.jpg,49.959404,14.632456,CZ,,prague,mapillary,2024-10-31,1.0
140436278710768,raw/mapillary/warsaw/images/140436278710768.jpg,52.103544,20.970319,PL,,warsaw,mapillary,2022-09-24,1.0
1276087223093234,raw/mapillary/prague/images/1276087223093234.jpg,49.9674,14.337304,CZ,,prague,mapillary,2023-07-09,1.0
302438499071983,raw/mapillary/warsaw/images/302438499071983.jpg,52.101164,20.868933,PL,,warsaw,mapillary,2023-09-09,1.0
1584997422260809,raw/mapillary/warsaw/images/1584997422260809.jpg,52.106624,20.963623,PL,,warsaw,mapillary,2024-01-27,1.0
355615717191408,raw/mapillary/warsaw/images/355615717191408.jpg,52.101902,20.878601,PL,,warsaw,mapillary,2024-01-08,1.0
1708098876067725,raw/mapillary/budapest/images/1708098876067725.jpg,47.49227,18.979712,HU,,budapest,mapillary,2018-09-16,1.0
156596199650751,raw/mapillary/budapest/images/156596199650751.jpg,47.520215,18.972602,HU,,budapest,mapillary,2018-08-06,1.0
212786818415802,raw/mapillary/prague/images/212786818415802.jpg,49.967537,14.336948,CZ,,prague,mapillary,2023-07-09,1.0
519604405740909,raw/mapillary/budapest/images/519604405740909.jpg,47.530383,19.016026,HU,,budapest,mapillary,2020-04-11,1.0
277342021967680,raw/mapillary/warsaw/images/277342021967680.jpg,52.109766,20.996375,PL,,warsaw,mapillary,2023-09-07,1.0
1025498249779845,raw/mapillary/warsaw/images/1025498249779845.jpg,52.101563,20.873509,PL,,warsaw,mapillary,2025-07-25,1.0
164341418865305,raw/mapillary/budapest/images/164341418865305.jpg,47.510208,18.977445,HU,,budapest,mapillary,2017-07-07,1.0
611028427807987,raw/mapillary/prague/images/611028427807987.jpg,49.967803,14.335912,CZ,,prague,mapillary,2023-07-09,1.0
1726646370850939,raw/mapillary/prague/images/1726646370850939.jpg,49.952479,14.468179,CZ,,prague,mapillary,2020-05-26,1.0
220205909540693,raw/mapillary/budapest/images/220205909540693.jpg,47.520118,18.973121,HU,,budapest,mapillary,2018-08-08,1.0
209488350780163,raw/mapillary/budapest/images/209488350780163.jpg,47.530313,18.978978,HU,,budapest,mapillary,2019-05-12,1.0
193371139784233,raw/mapillary/warsaw/images/193371139784233.jpg,52.108635,21.05643,PL,,warsaw,mapillary,2022-08-07,1.0
1219322912622394,raw/mapillary/budapest/images/1219322912622394.jpg,47.541966,18.986265,HU,,budapest,mapillary,2024-11-03,1.0
745886107898181,raw/mapillary/prague/images/745886107898181.jpg,49.950515,14.374435,CZ,,prague,mapillary,2025-07-01,1.0
274581157740479,raw/mapillary/budapest/images/274581157740479.jpg,47.530392,18.978966,HU,,budapest,mapillary,2018-11-05,1.0
643399263725695,raw/mapillary/warsaw/images/643399263725695.jpg,52.100069,20.853965,PL,,warsaw,mapillary,2019-08-17,1.0
357807740341021,raw/mapillary/warsaw/images/357807740341021.jpg,52.106274,21.020172,PL,,warsaw,mapillary,2024-01-27,1.0
1475068773678552,raw/mapillary/warsaw/images/1475068773678552.jpg,52.102001,20.879365,PL,,warsaw,mapillary,2025-07-25,1.0
331078278373616,raw/mapillary/prague/images/331078278373616.jpg,49.952817,14.375717,CZ,,prague,mapillary,2017-10-01,1.0
767483655229034,raw/mapillary/warsaw/images/767483655229034.jpg,52.100909,20.9609,PL,,warsaw,mapillary,2024-01-27,1.0
295980465356602,raw/mapillary/budapest/images/295980465356602.jpg,47.480057,18.978943,HU,,budapest,mapillary,2018-09-18,1.0
1250797006351218,raw/mapillary/warsaw/images/1250797006351218.jpg,52.101906,21.037097,PL,,warsaw,mapillary,2024-09-12,1.0
7627869990652008,raw/mapillary/budapest/images/7627869990652008.jpg,47.510155,18.977347,HU,,budapest,mapillary,2024-09-01,1.0
381434769754835,raw/mapillary/budapest/images/381434769754835.jpg,47.485684,19.010586,HU,,budapest,mapillary,2018-08-23,1.0
724195962857890,raw/mapillary/prague/images/724195962857890.jpg,49.956817,14.530246,CZ,,prague,mapillary,2022-10-26,1.0
1366959308033761,raw/mapillary/warsaw/images/1366959308033761.jpg,52.108704,21.033012,PL,,warsaw,mapillary,2024-01-27,1.0
981668497106461,raw/mapillary/prague/images/981668497106461.jpg,49.969129,14.386059,CZ,,prague,mapillary,2024-12-08,1.0
173588264672585,raw/mapillary/warsaw/images/173588264672585.jpg,52.108012,20.98017,PL,,warsaw,mapillary,2020-06-30,1.0
1714934402798560,raw/mapillary/prague/images/1714934402798560.jpg,49.96947,14.38539,CZ,,prague,mapillary,2026-02-01,1.0
1286883386406063,raw/mapillary/warsaw/images/1286883386406063.jpg,52.100197,20.855022,PL,,warsaw,mapillary,2025-07-25,1.0
354453612771758,raw/mapillary/prague/images/354453612771758.jpg,49.968716,14.33437,CZ,,prague,mapillary,2016-10-09,1.0
796862421784597,raw/mapillary/budapest/images/796862421784597.jpg,47.52013,18.97287,HU,,budapest,mapillary,2023-05-31,1.0
949267579187272,raw/mapillary/prague/images/949267579187272.jpg,49.951504,14.468728,CZ,,prague,mapillary,2020-05-26,1.0
981132226416536,raw/mapillary/prague/images/981132226416536.jpg,49.966426,14.339954,CZ,,prague,mapillary,2023-07-09,1.0
2026605877479493,raw/mapillary/budapest/images/2026605877479493.jpg,47.520033,18.973624,HU,,budapest,mapillary,2018-08-14,1.0
1406913306347500,raw/mapillary/budapest/images/1406913306347500.jpg,47.478177,18.97512,HU,,budapest,mapillary,2016-10-31,1.0
1067918283617194,raw/mapillary/budapest/images/1067918283617194.jpg,47.534366,18.990318,HU,,budapest,mapillary,2016-04-10,1.0
1340694977366871,raw/mapillary/budapest/images/1340694977366871.jpg,47.486494,19.000511,HU,,budapest,mapillary,2025-12-04,1.0
213923306978104,raw/mapillary/budapest/images/213923306978104.jpg,47.530216,18.987036,HU,,budapest,mapillary,2020-04-25,1.0
1056941182006590,raw/mapillary/prague/images/1056941182006590.jpg,49.959899,14.527112,CZ,,prague,mapillary,2022-10-26,1.0
8936685506391158,raw/mapillary/prague/images/8936685506391158.jpg,49.969487,14.387039,CZ,,prague,mapillary,2024-12-08,1.0
889351579395380,raw/mapillary/budapest/images/889351579395380.jpg,47.510108,18.977493,HU,,budapest,mapillary,2024-10-05,1.0
380192580200589,raw/mapillary/budapest/images/380192580200589.jpg,47.479722,18.980556,HU,,budapest,mapillary,2022-03-05,1.0
3425166600916553,raw/mapillary/budapest/images/3425166600916553.jpg,47.530016,18.986801,HU,,budapest,mapillary,2020-04-25,1.0
403519178796080,raw/mapillary/warsaw/images/403519178796080.jpg,52.100746,20.960811,PL,,warsaw,mapillary,2024-01-27,1.0
622027543671352,raw/mapillary/warsaw/images/622027543671352.jpg,52.10299,21.038798,PL,,warsaw,mapillary,2025-01-25,1.0
1393971705019954,raw/mapillary/warsaw/images/1393971705019954.jpg,52.101067,20.866671,PL,,warsaw,mapillary,2025-07-25,1.0
289982709437716,raw/mapillary/budapest/images/289982709437716.jpg,47.499522,19.090236,HU,,budapest,mapillary,2020-11-17,1.0
688365706590433,raw/mapillary/prague/images/688365706590433.jpg,49.956831,14.530229,CZ,,prague,mapillary,2022-10-26,1.0
332189534921147,raw/mapillary/warsaw/images/332189534921147.jpg,52.109989,21.000983,PL,,warsaw,mapillary,2020-06-30,1.0
177862420894706,raw/mapillary/budapest/images/177862420894706.jpg,47.53159,18.980475,HU,,budapest,mapillary,2019-05-24,1.0
1142647352903403,raw/mapillary/budapest/images/1142647352903403.jpg,47.480351,18.978035,HU,,budapest,mapillary,2020-06-30,1.0
755937048411744,raw/mapillary/budapest/images/755937048411744.jpg,47.549693,18.977467,HU,,budapest,mapillary,2020-08-14,1.0
501769727809435,raw/mapillary/prague/images/501769727809435.jpg,49.953209,14.518002,CZ,,prague,mapillary,2020-05-27,1.0
739187781489028,raw/mapillary/warsaw/images/739187781489028.jpg,52.10238,20.992087,PL,,warsaw,mapillary,2024-01-27,1.0
280787450389228,raw/mapillary/budapest/images/280787450389228.jpg,47.530403,18.978997,HU,,budapest,mapillary,2018-10-02,1.0
926839252483270,raw/mapillary/warsaw/images/926839252483270.jpg,52.108727,21.03332,PL,,warsaw,mapillary,2024-01-27,1.0
604552755038338,raw/mapillary/prague/images/604552755038338.jpg,49.967228,14.33777,CZ,,prague,mapillary,2023-07-09,1.0
143238401125292,raw/mapillary/prague/images/143238401125292.jpg,49.951264,14.518253,CZ,,prague,mapillary,2020-05-27,1.0
809010273373010,raw/mapillary/prague/images/809010273373010.jpg,49.957611,14.518281,CZ,,prague,mapillary,2020-05-27,1.0
1547256349272414,raw/mapillary/warsaw/images/1547256349272414.jpg,52.101026,21.084552,PL,,warsaw,mapillary,2025-01-25,1.0
166364128822133,raw/mapillary/budapest/images/166364128822133.jpg,47.530305,18.97892,HU,,budapest,mapillary,2019-05-08,1.0
1105585984126568,raw/mapillary/warsaw/images/1105585984126568.jpg,52.10072,20.960797,PL,,warsaw,mapillary,2024-01-27,1.0
132681882227243,raw/mapillary/budapest/images/132681882227243.jpg,47.530517,18.978669,HU,,budapest,mapillary,2018-09-03,1.0
1545488949440071,raw/mapillary/prague/images/1545488949440071.jpg,49.969485,14.38704,CZ,,prague,mapillary,2024-12-08,1.0
2874828036099403,raw/mapillary/budapest/images/2874828036099403.jpg,47.477869,18.99,HU,,budapest,mapillary,2017-09-09,1.0
227955507049429,raw/mapillary/warsaw/images/227955507049429.jpg,52.108723,21.033273,PL,,warsaw,mapillary,2024-01-27,1.0
1760242411047297,raw/mapillary/prague/images/1760242411047297.jpg,49.969985,14.384237,CZ,,prague,mapillary,2024-12-08,1.0
160341192760339,raw/mapillary/budapest/images/160341192760339.jpg,47.530335,18.979031,HU,,budapest,mapillary,2018-11-05,1.0
225208157243772,raw/mapillary/prague/images/225208157243772.jpg,49.953056,14.391926,CZ,,prague,mapillary,2022-10-26,1.0
351769054030043,raw/mapillary/prague/images/351769054030043.jpg,49.958332,14.528763,CZ,,prague,mapillary,2022-10-26,1.0
4022596027832088,raw/mapillary/budapest/images/4022596027832088.jpg,47.475196,19.01075,HU,,budapest,mapillary,2018-08-27,1.0
1205343174837809,raw/mapillary/budapest/images/1205343174837809.jpg,47.4865,19.000511,HU,,budapest,mapillary,2025-12-04,1.0
619266659031729,raw/mapillary/budapest/images/619266659031729.jpg,47.510293,18.976732,HU,,budapest,mapillary,2020-10-22,1.0
160307585952910,raw/mapillary/budapest/images/160307585952910.jpg,47.530236,18.979145,HU,,budapest,mapillary,2018-11-05,1.0
1103613207257540,raw/mapillary/warsaw/images/1103613207257540.jpg,52.108265,21.057335,PL,,warsaw,mapillary,2022-08-07,1.0
160941222620797,raw/mapillary/budapest/images/160941222620797.jpg,47.510183,18.977477,HU,,budapest,mapillary,2019-03-26,1.0
1289404675700827,raw/mapillary/warsaw/images/1289404675700827.jpg,52.100084,21.067002,PL,,warsaw,mapillary,2025-01-25,1.0
1033427385206433,raw/mapillary/prague/images/1033427385206433.jpg,49.969136,14.386264,CZ,,prague,mapillary,2024-12-08,1.0
1240025130785967,raw/mapillary/warsaw/images/1240025130785967.jpg,52.100069,20.853182,PL,,warsaw,mapillary,2025-07-23,1.0
322648939363530,raw/mapillary/prague/images/322648939363530.jpg,49.955345,14.517864,CZ,,prague,mapillary,2020-05-27,1.0
1563995970805772,raw/mapillary/warsaw/images/1563995970805772.jpg,52.109922,21.000065,PL,,warsaw,mapillary,2023-09-07,1.0
2721787234641104,raw/mapillary/budapest/images/2721787234641104.jpg,47.520173,18.972882,HU,,budapest,mapillary,2024-03-20,1.0
1434602287090482,raw/mapillary/prague/images/1434602287090482.jpg,49.950464,14.391818,CZ,,prague,mapillary,2022-10-26,1.0
1018273239284770,raw/mapillary/warsaw/images/1018273239284770.jpg,52.109684,20.997182,PL,,warsaw,mapillary,2023-09-07,1.0
551478682510344,raw/mapillary/warsaw/images/551478682510344.jpg,52.101865,20.878082,PL,,warsaw,mapillary,2017-03-01,1.0
1143523872805650,raw/mapillary/budapest/images/1143523872805650.jpg,47.475208,19.010744,HU,,budapest,mapillary,2019-10-07,1.0
1365955004341279,raw/mapillary/warsaw/images/1365955004341279.jpg,52.104021,20.9705,PL,,warsaw,mapillary,2023-09-05,1.0
242688424280524,raw/mapillary/budapest/images/242688424280524.jpg,47.530218,18.979083,HU,,budapest,mapillary,2019-05-08,1.0
1172535821058259,raw/mapillary/warsaw/images/1172535821058259.jpg,52.105048,21.098267,PL,,warsaw,mapillary,2025-01-25,1.0
4632137333467074,raw/mapillary/budapest/images/4632137333467074.jpg,47.510077,18.978485,HU,,budapest,mapillary,2020-10-22,1.0
469473761666295,raw/mapillary/warsaw/images/469473761666295.jpg,52.108143,21.057773,PL,,warsaw,mapillary,2022-08-07,1.0
661341419261536,raw/mapillary/prague/images/661341419261536.jpg,49.954328,14.326841,CZ,,prague,mapillary,2023-07-09,1.0
260298046970144,raw/mapillary/warsaw/images/260298046970144.jpg,52.100293,20.855819,PL,,warsaw,mapillary,2023-09-09,1.0
595497238952917,raw/mapillary/warsaw/images/595497238952917.jpg,52.107287,20.932104,PL,,warsaw,mapillary,2022-07-29,1.0
1039673000122633,raw/mapillary/budapest/images/1039673000122633.jpg,47.49026,18.978925,HU,,budapest,mapillary,2017-11-01,1.0
472326010663905,raw/mapillary/warsaw/images/472326010663905.jpg,52.100233,20.854932,PL,,warsaw,mapillary,2020-07-03,1.0
1552944115321304,raw/mapillary/budapest/images/1552944115321304.jpg,47.541776,18.986295,HU,,budapest,mapillary,2024-11-03,1.0
891654981379875,raw/mapillary/budapest/images/891654981379875.jpg,47.530076,18.982116,HU,,budapest,mapillary,2018-01-28,1.0
409915861386805,raw/mapillary/warsaw/images/409915861386805.jpg,52.102536,20.991941,PL,,warsaw,mapillary,2024-01-27,1.0
242729221991463,raw/mapillary/prague/images/242729221991463.jpg,49.953416,14.327787,CZ,,prague,mapillary,2023-07-09,1.0
304639851289286,raw/mapillary/budapest/images/304639851289286.jpg,47.535821,19.000197,HU,,budapest,mapillary,2017-12-10,1.0
1132981657216008,raw/mapillary/budapest/images/1132981657216008.jpg,47.549094,18.973308,HU,,budapest,mapillary,2020-08-14,1.0
970555243761980,raw/mapillary/prague/images/970555243761980.jpg,49.950802,14.468877,CZ,,prague,mapillary,2020-05-26,1.0
1524048848420170,raw/mapillary/prague/images/1524048848420170.jpg,49.950521,14.391805,CZ,,prague,mapillary,2022-10-26,1.0
2068202223531118,raw/mapillary/prague/images/2068202223531118.jpg,49.967105,14.338123,CZ,,prague,mapillary,2023-07-09,1.0
5580821868625109,raw/mapillary/prague/images/5580821868625109.jpg,49.9506,14.374512,CZ,,prague,mapillary,2019-04-12,1.0
325669892308205,raw/mapillary/warsaw/images/325669892308205.jpg,52.104856,21.096842,PL,,warsaw,mapillary,2018-09-23,1.0
608161961389309,raw/mapillary/prague/images/608161961389309.jpg,49.952103,14.328908,CZ,,prague,mapillary,2023-07-09,1.0
636777319409019,raw/mapillary/warsaw/images/636777319409019.jpg,52.107699,20.932321,PL,,warsaw,mapillary,2025-06-12,1.0
4021241167961096,raw/mapillary/prague/images/4021241167961096.jpg,49.960409,14.323348,CZ,,prague,mapillary,2016-12-31,1.0
251458720103451,raw/mapillary/budapest/images/251458720103451.jpg,47.530378,18.978983,HU,,budapest,mapillary,2018-11-05,1.0
2470284013488922,raw/mapillary/prague/images/2470284013488922.jpg,49.953005,14.375909,CZ,,prague,mapillary,2026-04-03,1.0
1445441009652828,raw/mapillary/warsaw/images/1445441009652828.jpg,52.107692,21.040246,PL,,warsaw,mapillary,2024-01-27,1.0
323619686021076,raw/mapillary/budapest/images/323619686021076.jpg,47.480057,19.008417,HU,,budapest,mapillary,2018-08-27,1.0
934107070704008,raw/mapillary/prague/images/934107070704008.jpg,49.959403,14.46213,CZ,,prague,mapillary,2020-05-26,1.0
489982987140023,raw/mapillary/warsaw/images/489982987140023.jpg,52.10487,21.097433,PL,,warsaw,mapillary,2025-01-25,1.0
346708288240456,raw/mapillary/warsaw/images/346708288240456.jpg,52.107773,21.040372,PL,,warsaw,mapillary,2024-01-27,1.0
1096666465419935,raw/mapillary/budapest/images/1096666465419935.jpg,47.541973,18.986322,HU,,budapest,mapillary,2024-11-03,1.0
1060172328301238,raw/mapillary/prague/images/1060172328301238.jpg,49.959319,14.323582,CZ,,prague,mapillary,2023-07-09,1.0
1497733555040707,raw/mapillary/prague/images/1497733555040707.jpg,49.960073,14.379222,CZ,,prague,mapillary,2026-04-03,1.0
1038511354004812,raw/mapillary/warsaw/images/1038511354004812.jpg,52.101325,20.871109,PL,,warsaw,mapillary,2023-09-09,1.0
1940515872782342,raw/mapillary/budapest/images/1940515872782342.jpg,47.530586,18.978678,HU,,budapest,mapillary,2020-03-02,1.0
1101890280938486,raw/mapillary/warsaw/images/1101890280938486.jpg,52.107651,21.040186,PL,,warsaw,mapillary,2024-01-27,1.0
270849308123194,raw/mapillary/budapest/images/270849308123194.jpg,47.49964,19.09048,HU,,budapest,mapillary,2019-06-07,1.0
1375565196677708,raw/mapillary/warsaw/images/1375565196677708.jpg,52.109744,20.996507,PL,,warsaw,mapillary,2023-09-07,1.0
319701492869483,raw/mapillary/prague/images/319701492869483.jpg,49.955552,14.32003,CZ,,prague,mapillary,2016-12-31,1.0
810446576252900,raw/mapillary/budapest/images/810446576252900.jpg,47.543825,18.97421,HU,,budapest,mapillary,2020-08-14,1.0
499278517845841,raw/mapillary/prague/images/499278517845841.jpg,49.95258,14.375606,CZ,,prague,mapillary,2017-10-19,1.0
887014881852848,raw/mapillary/prague/images/887014881852848.jpg,49.959194,14.520841,CZ,,prague,mapillary,2016-10-01,1.0
814126629208987,raw/mapillary/budapest/images/814126629208987.jpg,47.475064,19.010397,HU,,budapest,mapillary,2019-10-07,1.0
2986631914955236,raw/mapillary/budapest/images/2986631914955236.jpg,47.490151,18.979142,HU,,budapest,mapillary,2017-11-01,1.0
507424867114277,raw/mapillary/prague/images/507424867114277.jpg,49.959189,14.632413,CZ,,prague,mapillary,2017-11-13,1.0
807304324733219,raw/mapillary/prague/images/807304324733219.jpg,49.951105,14.391716,CZ,,prague,mapillary,2022-10-26,1.0
1082256433193607,raw/mapillary/warsaw/images/1082256433193607.jpg,52.104183,21.035133,PL,,warsaw,mapillary,2024-01-27,1.0
139504114779397,raw/mapillary/prague/images/139504114779397.jpg,49.959305,14.632198,CZ,,prague,mapillary,2019-06-24,1.0
3861755760589114,raw/mapillary/budapest/images/3861755760589114.jpg,47.480123,18.97169,HU,,budapest,mapillary,2020-06-30,1.0
495605771589184,raw/mapillary/budapest/images/495605771589184.jpg,47.482455,18.990538,HU,,budapest,mapillary,2018-09-16,1.0
1175622297729632,raw/mapillary/budapest/images/1175622297729632.jpg,47.530432,18.997685,HU,,budapest,mapillary,2025-09-05,1.0
3920635598051346,raw/mapillary/budapest/images/3920635598051346.jpg,47.5302,18.997455,HU,,budapest,mapillary,2018-01-30,1.0
2376208029565655,raw/mapillary/prague/images/2376208029565655.jpg,49.955279,14.378383,CZ,,prague,mapillary,2026-04-03,1.0
1048898169096372,raw/mapillary/warsaw/images/1048898169096372.jpg,52.102511,21.019078,PL,,warsaw,mapillary,2022-08-04,1.0
1406411607470574,raw/mapillary/warsaw/images/1406411607470574.jpg,52.10353,20.970669,PL,,warsaw,mapillary,2026-01-10,1.0
329301389479634,raw/mapillary/warsaw/images/329301389479634.jpg,52.101253,20.870154,PL,,warsaw,mapillary,2023-09-09,1.0
1783262045690203,raw/mapillary/prague/images/1783262045690203.jpg,49.955305,14.37857,CZ,,prague,mapillary,2026-01-12,1.0
1650663625321385,raw/mapillary/budapest/images/1650663625321385.jpg,47.472057,18.978737,HU,,budapest,mapillary,2019-11-23,1.0
373908957326911,raw/mapillary/prague/images/373908957326911.jpg,49.954026,14.377086,CZ,,prague,mapillary,2019-04-12,1.0
756582376521270,raw/mapillary/warsaw/images/756582376521270.jpg,52.109106,21.042276,PL,,warsaw,mapillary,2024-01-27,1.0
171772011758512,raw/mapillary/warsaw/images/171772011758512.jpg,52.107284,20.932145,PL,,warsaw,mapillary,2021-05-03,1.0
1563394493991704,raw/mapillary/budapest/images/1563394493991704.jpg,47.49961,19.090698,HU,,budapest,mapillary,2018-03-21,1.0
809021126714955,raw/mapillary/budapest/images/809021126714955.jpg,47.478695,18.980758,HU,,budapest,mapillary,2018-09-18,1.0
995176841539775,raw/mapillary/warsaw/images/995176841539775.jpg,52.101831,20.87806,PL,,warsaw,mapillary,2023-09-09,1.0
1369469560998616,raw/mapillary/prague/images/1369469560998616.jpg,49.952458,14.375598,CZ,,prague,mapillary,2026-01-12,1.0
1409831276019597,raw/mapillary/warsaw/images/1409831276019597.jpg,52.105593,21.091503,PL,,warsaw,mapillary,2021-06-07,1.0
333593038099180,raw/mapillary/budapest/images/333593038099180.jpg,47.486441,19.0004,HU,,budapest,mapillary,2018-06-20,1.0
483307402725453,raw/mapillary/warsaw/images/483307402725453.jpg,52.100197,20.855264,PL,,warsaw,mapillary,2019-11-03,1.0
1449566832263022,raw/mapillary/warsaw/images/1449566832263022.jpg,52.108822,21.0331,PL,,warsaw,mapillary,2024-01-27,1.0
185003840136453,raw/mapillary/budapest/images/185003840136453.jpg,47.48005,18.984441,HU,,budapest,mapillary,2018-10-14,1.0
954832055635570,raw/mapillary/prague/images/954832055635570.jpg,49.953313,14.327893,CZ,,prague,mapillary,2023-07-09,1.0
153059576756666,raw/mapillary/budapest/images/153059576756666.jpg,47.534453,18.990415,HU,,budapest,mapillary,2016-04-10,1.0
145692137580187,raw/mapillary/prague/images/145692137580187.jpg,49.955288,14.465407,CZ,,prague,mapillary,2020-05-26,1.0
621249103543517,raw/mapillary/warsaw/images/621249103543517.jpg,52.100217,20.854834,PL,,warsaw,mapillary,2023-09-09,1.0
3037373239824367,raw/mapillary/prague/images/3037373239824367.jpg,49.959182,14.632404,CZ,,prague,mapillary,2017-12-01,1.0
1103817310604768,raw/mapillary/prague/images/1103817310604768.jpg,49.952371,14.53726,CZ,,prague,mapillary,2022-10-26,1.0
243542818721320,raw/mapillary/prague/images/243542818721320.jpg,49.958629,14.393369,CZ,,prague,mapillary,2022-10-26,1.0
470943954141570,raw/mapillary/budapest/images/470943954141570.jpg,47.480044,18.987343,HU,,budapest,mapillary,2017-09-09,1.0
680923577531366,raw/mapillary/warsaw/images/680923577531366.jpg,52.108696,21.033092,PL,,warsaw,mapillary,2024-01-27,1.0
840116646623108,raw/mapillary/prague/images/840116646623108.jpg,49.95092,14.468852,CZ,,prague,mapillary,2020-05-26,1.0
982786490420833,raw/mapillary/warsaw/images/982786490420833.jpg,52.102969,21.038767,PL,,warsaw,mapillary,2025-01-25,1.0
202923741674387,raw/mapillary/budapest/images/202923741674387.jpg,47.510126,18.977784,HU,,budapest,mapillary,2020-10-22,1.0
630802832784466,raw/mapillary/warsaw/images/630802832784466.jpg,52.100438,21.084111,PL,,warsaw,mapillary,2025-01-25,1.0
1604673187195624,raw/mapillary/warsaw/images/1604673187195624.jpg,52.103726,20.970737,PL,,warsaw,mapillary,2026-01-10,1.0
1010822283535944,raw/mapillary/warsaw/images/1010822283535944.jpg,52.10993,21.000153,PL,,warsaw,mapillary,2023-09-07,1.0
864450495039855,raw/mapillary/prague/images/864450495039855.jpg,49.956774,14.530297,CZ,,prague,mapillary,2022-10-26,1.0
810270196271156,raw/mapillary/prague/images/810270196271156.jpg,49.953368,14.380743,CZ,,prague,mapillary,2016-04-13,1.0
875596881027371,raw/mapillary/warsaw/images/875596881027371.jpg,52.106505,20.993395,PL,,warsaw,mapillary,2024-01-27,1.0
3614699475512740,raw/mapillary/warsaw/images/3614699475512740.jpg,52.108076,21.047073,PL,,warsaw,mapillary,2024-01-27,1.0
358856187097975,raw/mapillary/warsaw/images/358856187097975.jpg,52.102268,21.018652,PL,,warsaw,mapillary,2024-01-27,1.0
647283978075736,raw/mapillary/prague/images/647283978075736.jpg,49.954028,14.376987,CZ,,prague,mapillary,2025-04-20,1.0
157908276277562,raw/mapillary/budapest/images/157908276277562.jpg,47.486416,19.000378,HU,,budapest,mapillary,2021-01-20,1.0
596117837948100,raw/mapillary/prague/images/596117837948100.jpg,49.968402,14.33368,CZ,,prague,mapillary,2016-10-09,1.0
1316506199687880,raw/mapillary/warsaw/images/1316506199687880.jpg,52.101497,21.084906,PL,,warsaw,mapillary,2025-01-25,1.0
373087650747322,raw/mapillary/budapest/images/373087650747322.jpg,47.495228,18.979319,HU,,budapest,mapillary,2018-08-24,1.0
197299578895978,raw/mapillary/budapest/images/197299578895978.jpg,47.530535,18.978658,HU,,budapest,mapillary,2019-05-08,1.0
478408116742514,raw/mapillary/budapest/images/478408116742514.jpg,47.474472,18.990742,HU,,budapest,mapillary,2017-04-09,1.0
135245038640894,raw/mapillary/budapest/images/135245038640894.jpg,47.530138,18.986922,HU,,budapest,mapillary,2020-04-25,1.0
1122308569173530,raw/mapillary/warsaw/images/1122308569173530.jpg,52.100122,20.853979,PL,,warsaw,mapillary,2023-09-09,1.0
1288982685902563,raw/mapillary/warsaw/images/1288982685902563.jpg,52.101904,20.879175,PL,,warsaw,mapillary,2025-07-23,1.0
471220357485597,raw/mapillary/prague/images/471220357485597.jpg,49.953378,14.31911,CZ,,prague,mapillary,2016-12-31,1.0
1748732992621404,raw/mapillary/prague/images/1748732992621404.jpg,49.959239,14.63241,CZ,,prague,mapillary,2024-08-14,1.0
2951450888421364,raw/mapillary/budapest/images/2951450888421364.jpg,47.530463,18.99767,HU,,budapest,mapillary,2018-01-30,1.0
1259274388094047,raw/mapillary/warsaw/images/1259274388094047.jpg,52.101497,20.87336,PL,,warsaw,mapillary,2023-09-09,1.0
1284797012641570,raw/mapillary/warsaw/images/1284797012641570.jpg,52.104326,21.090539,PL,,warsaw,mapillary,2025-01-25,1.0
290541702693620,raw/mapillary/budapest/images/290541702693620.jpg,47.534577,18.990609,HU,,budapest,mapillary,2016-04-10,1.0
520800759096408,raw/mapillary/warsaw/images/520800759096408.jpg,52.101533,20.873382,PL,,warsaw,mapillary,2020-07-03,1.0
308077238269794,raw/mapillary/prague/images/308077238269794.jpg,49.965767,14.32994,CZ,,prague,mapillary,2023-07-09,1.0
207074847640799,raw/mapillary/budapest/images/207074847640799.jpg,47.530432,18.978966,HU,,budapest,mapillary,2018-10-02,1.0
387533135837471,raw/mapillary/prague/images/387533135837471.jpg,49.953242,14.518,CZ,,prague,mapillary,2020-05-27,1.0
306415664491489,raw/mapillary/budapest/images/306415664491489.jpg,47.485684,19.010586,HU,,budapest,mapillary,2018-08-23,1.0
558750893986181,raw/mapillary/warsaw/images/558750893986181.jpg,52.101861,20.877569,PL,,warsaw,mapillary,2025-07-25,1.0
1246043366601278,raw/mapillary/budapest/images/1246043366601278.jpg,47.54182,18.986221,HU,,budapest,mapillary,2024-11-03,1.0
360096963105052,raw/mapillary/prague/images/360096963105052.jpg,49.959824,14.394245,CZ,,prague,mapillary,2022-10-26,1.0
153989906588768,raw/mapillary/budapest/images/153989906588768.jpg,47.510049,18.978804,HU,,budapest,mapillary,2018-09-09,1.0
163919879015299,raw/mapillary/prague/images/163919879015299.jpg,49.95018,14.518578,CZ,,prague,mapillary,2020-05-27,1.0
3276306559180773,raw/mapillary/warsaw/images/3276306559180773.jpg,52.10118,20.961023,PL,,warsaw,mapillary,2024-01-27,1.0
1263498025662228,raw/mapillary/warsaw/images/1263498025662228.jpg,52.1038,20.970841,PL,,warsaw,mapillary,2026-03-01,1.0
910758223771981,raw/mapillary/warsaw/images/910758223771981.jpg,52.104338,21.035232,PL,,warsaw,mapillary,2024-01-27,1.0
289639017149795,raw/mapillary/warsaw/images/289639017149795.jpg,52.101292,20.870621,PL,,warsaw,mapillary,2023-09-09,1.0
363642272761610,raw/mapillary/prague/images/363642272761610.jpg,49.95229,14.537379,CZ,,prague,mapillary,2022-10-26,1.0
251868520014855,raw/mapillary/budapest/images/251868520014855.jpg,47.480996,18.980005,HU,,budapest,mapillary,2018-10-06,1.0
860104590249076,raw/mapillary/prague/images/860104590249076.jpg,49.953788,14.376743,CZ,,prague,mapillary,2026-01-12,1.0
1333509894319238,raw/mapillary/warsaw/images/1333509894319238.jpg,52.100305,21.08401,PL,,warsaw,mapillary,2025-01-25,1.0
952949129316625,raw/mapillary/prague/images/952949129316625.jpg,49.950141,14.330199,CZ,,prague,mapillary,2023-07-09,1.0
831342197593036,raw/mapillary/budapest/images/831342197593036.jpg,47.474246,18.990269,HU,,budapest,mapillary,2018-08-20,1.0
1971778496632906,raw/mapillary/budapest/images/1971778496632906.jpg,47.54186,18.986305,HU,,budapest,mapillary,2024-11-03,1.0
1097679365516940,raw/mapillary/prague/images/1097679365516940.jpg,49.95865,14.602033,CZ,,prague,mapillary,2025-06-01,1.0
1205429734144200,raw/mapillary/warsaw/images/1205429734144200.jpg,52.107504,20.932192,PL,,warsaw,mapillary,2024-06-05,1.0
321454060189481,raw/mapillary/budapest/images/321454060189481.jpg,47.499699,19.090438,HU,,budapest,mapillary,2022-06-13,1.0
474888750388787,raw/mapillary/budapest/images/474888750388787.jpg,47.480152,18.97809,HU,,budapest,mapillary,2020-06-30,1.0
181892520368105,raw/mapillary/budapest/images/181892520368105.jpg,47.530286,18.978924,HU,,budapest,mapillary,2018-09-03,1.0
750625889605790,raw/mapillary/warsaw/images/750625889605790.jpg,52.108101,21.057658,PL,,warsaw,mapillary,2022-08-07,1.0
176092094376053,raw/mapillary/prague/images/176092094376053.jpg,49.959857,14.382506,CZ,,prague,mapillary,2016-04-13,1.0
246181637297002,raw/mapillary/budapest/images/246181637297002.jpg,47.480768,18.980327,HU,,budapest,mapillary,2016-10-31,1.0
349271529949379,raw/mapillary/warsaw/images/349271529949379.jpg,52.104813,21.09352,PL,,warsaw,mapillary,2021-06-07,1.0
376278030327438,raw/mapillary/budapest/images/376278030327438.jpg,47.490037,19.002435,HU,,budapest,mapillary,2017-05-05,1.0
1314512746208693,raw/mapillary/budapest/images/1314512746208693.jpg,47.541768,18.986292,HU,,budapest,mapillary,2024-11-03,1.0
1101510378072465,raw/mapillary/prague/images/1101510378072465.jpg,49.95965,14.632153,CZ,,prague,mapillary,2024-10-31,1.0
947984827436529,raw/mapillary/warsaw/images/947984827436529.jpg,52.1049,21.09727,PL,,warsaw,mapillary,2025-01-25,1.0
1668881773732412,raw/mapillary/prague/images/1668881773732412.jpg,49.958462,14.60233,CZ,,prague,mapillary,2025-06-01,1.0
1379821512404753,raw/mapillary/budapest/images/1379821512404753.jpg,47.480257,18.978047,HU,,budapest,mapillary,2019-08-11,1.0
1426054812576501,raw/mapillary/prague/images/1426054812576501.jpg,49.969381,14.38699,CZ,,prague,mapillary,2026-02-01,1.0
1209431926139981,raw/mapillary/budapest/images/1209431926139981.jpg,47.48021,19.007866,HU,,budapest,mapillary,2018-08-27,1.0
159770939428692,raw/mapillary/budapest/images/159770939428692.jpg,47.495237,18.97933,HU,,budapest,mapillary,2018-08-24,1.0
9144436235602779,raw/mapillary/warsaw/images/9144436235602779.jpg,52.100247,21.084039,PL,,warsaw,mapillary,2025-01-25,1.0
509180273458161,raw/mapillary/prague/images/509180273458161.jpg,49.952754,14.375826,CZ,,prague,mapillary,2019-04-12,1.0
2883708638511884,raw/mapillary/budapest/images/2883708638511884.jpg,47.480497,18.978014,HU,,budapest,mapillary,2020-06-30,1.0
900934601384754,raw/mapillary/prague/images/900934601384754.jpg,49.951447,14.3917,CZ,,prague,mapillary,2022-10-26,1.0
852292058972728,raw/mapillary/budapest/images/852292058972728.jpg,47.49362,18.979992,HU,,budapest,mapillary,2019-05-12,1.0
1126269231195128,raw/mapillary/prague/images/1126269231195128.jpg,49.957675,14.463607,CZ,,prague,mapillary,2020-05-26,1.0
6182619745198586,raw/mapillary/prague/images/6182619745198586.jpg,49.958883,14.323624,CZ,,prague,mapillary,2023-07-09,1.0
785558599001077,raw/mapillary/budapest/images/785558599001077.jpg,47.493805,18.979524,HU,,budapest,mapillary,2019-03-22,1.0
2138341876993274,raw/mapillary/prague/images/2138341876993274.jpg,49.969602,14.38538,CZ,,prague,mapillary,2026-02-01,1.0
3858444604266606,raw/mapillary/budapest/images/3858444604266606.jpg,47.490014,19.00243,HU,,budapest,mapillary,2017-05-05,1.0
321905823668680,raw/mapillary/warsaw/images/321905823668680.jpg,52.101992,20.880415,PL,,warsaw,mapillary,2023-09-09,1.0
1317532869971537,raw/mapillary/warsaw/images/1317532869971537.jpg,52.101179,20.867907,PL,,warsaw,mapillary,2025-07-25,1.0
1619261488263562,raw/mapillary/budapest/images/1619261488263562.jpg,47.53035,18.979016,HU,,budapest,mapillary,2018-11-05,1.0
701451302870966,raw/mapillary/warsaw/images/701451302870966.jpg,52.101096,20.866656,PL,,warsaw,mapillary,2025-07-25,1.0
1319727060059417,raw/mapillary/warsaw/images/1319727060059417.jpg,52.107891,20.932348,PL,,warsaw,mapillary,2026-04-30,1.0
904611237720939,raw/mapillary/warsaw/images/904611237720939.jpg,52.102982,21.039163,PL,,warsaw,mapillary,2024-01-27,1.0
292583909084493,raw/mapillary/prague/images/292583909084493.jpg,49.955114,14.381647,CZ,,prague,mapillary,2016-04-13,1.0
1215594706393273,raw/mapillary/prague/images/1215594706393273.jpg,49.958143,14.63397,CZ,,prague,mapillary,2024-10-31,1.0
477586110167050,raw/mapillary/prague/images/477586110167050.jpg,49.959442,14.632375,CZ,,prague,mapillary,2019-10-10,1.0
1950977458732778,raw/mapillary/prague/images/1950977458732778.jpg,49.959662,14.632138,CZ,,prague,mapillary,2024-10-31,1.0
164168645697983,raw/mapillary/budapest/images/164168645697983.jpg,47.510207,18.977299,HU,,budapest,mapillary,2018-08-16,1.0
286775596446977,raw/mapillary/budapest/images/286775596446977.jpg,47.472035,18.978767,HU,,budapest,mapillary,2019-11-23,1.0
220799936118590,raw/mapillary/budapest/images/220799936118590.jpg,47.499589,19.090033,HU,,budapest,mapillary,2018-10-15,1.0
1340724590754911,raw/mapillary/budapest/images/1340724590754911.jpg,47.499762,19.090486,HU,,budapest,mapillary,2025-09-24,1.0
815121885786814,raw/mapillary/prague/images/815121885786814.jpg,49.9658,14.327191,CZ,,prague,mapillary,2016-10-09,1.0
1843207985839070,raw/mapillary/budapest/images/1843207985839070.jpg,47.486432,19.000717,HU,,budapest,mapillary,2018-06-20,1.0
374880618609844,raw/mapillary/warsaw/images/374880618609844.jpg,52.103726,21.04024,PL,,warsaw,mapillary,2024-01-27,1.0
311727317181348,raw/mapillary/budapest/images/311727317181348.jpg,47.480917,18.98014,HU,,budapest,mapillary,2016-10-31,1.0
467788108771566,raw/mapillary/warsaw/images/467788108771566.jpg,52.101479,20.872799,PL,,warsaw,mapillary,2022-12-02,1.0
1131550090707527,raw/mapillary/warsaw/images/1131550090707527.jpg,52.105091,21.098391,PL,,warsaw,mapillary,2021-06-07,1.0
1152057023243839,raw/mapillary/warsaw/images/1152057023243839.jpg,52.10472,21.093147,PL,,warsaw,mapillary,2025-01-25,1.0
630244453013650,raw/mapillary/warsaw/images/630244453013650.jpg,52.103174,21.039083,PL,,warsaw,mapillary,2025-01-25,1.0
1214369155683611,raw/mapillary/budapest/images/1214369155683611.jpg,47.477295,18.990435,HU,,budapest,mapillary,2016-03-19,1.0
851396299893903,raw/mapillary/warsaw/images/851396299893903.jpg,52.100236,20.855094,PL,,warsaw,mapillary,2023-09-09,1.0
819320189018228,raw/mapillary/budapest/images/819320189018228.jpg,47.480875,18.980198,HU,,budapest,mapillary,2016-10-31,1.0
139013514916983,raw/mapillary/warsaw/images/139013514916983.jpg,52.101359,20.87095,PL,,warsaw,mapillary,2020-07-03,1.0
745968896075350,raw/mapillary/prague/images/745968896075350.jpg,49.953308,14.517997,CZ,,prague,mapillary,2020-05-27,1.0
444276737729525,raw/mapillary/warsaw/images/444276737729525.jpg,52.102792,20.970102,PL,,warsaw,mapillary,2022-08-30,1.0
881696405726617,raw/mapillary/budapest/images/881696405726617.jpg,47.479297,18.980172,HU,,budapest,mapillary,2018-09-18,1.0
1434627940730158,raw/mapillary/warsaw/images/1434627940730158.jpg,52.103219,20.970242,PL,,warsaw,mapillary,2023-09-05,1.0
195984239026876,raw/mapillary/budapest/images/195984239026876.jpg,47.520161,18.972961,HU,,budapest,mapillary,2018-08-14,1.0
392399349818721,raw/mapillary/warsaw/images/392399349818721.jpg,52.106763,20.993361,PL,,warsaw,mapillary,2024-01-27,1.0
243073578665607,raw/mapillary/prague/images/243073578665607.jpg,49.958593,14.323641,CZ,,prague,mapillary,2023-07-09,1.0
1093796242136925,raw/mapillary/budapest/images/1093796242136925.jpg,47.541838,18.986287,HU,,budapest,mapillary,2024-11-03,1.0
212507743761878,raw/mapillary/budapest/images/212507743761878.jpg,47.53043,18.978765,HU,,budapest,mapillary,2018-09-03,1.0
1427091284977994,raw/mapillary/warsaw/images/1427091284977994.jpg,52.101559,20.873162,PL,,warsaw,mapillary,2025-07-25,1.0
1017658290391559,raw/mapillary/prague/images/1017658290391559.jpg,49.969224,14.385674,CZ,,prague,mapillary,2024-12-08,1.0
871968712190786,raw/mapillary/budapest/images/871968712190786.jpg,47.486442,19.000533,HU,,budapest,mapillary,2025-12-04,1.0
671552373637688,raw/mapillary/budapest/images/671552373637688.jpg,47.530148,18.987013,HU,,budapest,mapillary,2020-04-25,1.0
706105128102512,raw/mapillary/prague/images/706105128102512.jpg,49.958456,14.393263,CZ,,prague,mapillary,2022-10-26,1.0
1492210161635940,raw/mapillary/warsaw/images/1492210161635940.jpg,52.101153,20.961012,PL,,warsaw,mapillary,2024-01-27,1.0
937162402632397,raw/mapillary/prague/images/937162402632397.jpg,49.959289,14.632511,CZ,,prague,mapillary,2026-04-15,1.0
1740489289763615,raw/mapillary/prague/images/1740489289763615.jpg,49.956931,14.530113,CZ,,prague,mapillary,2022-10-26,1.0
1102411774962488,raw/mapillary/warsaw/images/1102411774962488.jpg,52.100877,21.08448,PL,,warsaw,mapillary,2025-01-25,1.0
177098338598190,raw/mapillary/prague/images/177098338598190.jpg,49.953733,14.327537,CZ,,prague,mapillary,2023-07-09,1.0
1082432402162341,raw/mapillary/budapest/images/1082432402162341.jpg,47.49245,18.979205,HU,,budapest,mapillary,2019-05-12,1.0
1120900566357013,raw/mapillary/warsaw/images/1120900566357013.jpg,52.101617,21.085025,PL,,warsaw,mapillary,2025-01-25,1.0
317596086440838,raw/mapillary/budapest/images/317596086440838.jpg,47.480343,18.97046,HU,,budapest,mapillary,2020-06-30,1.0
1496018114837679,raw/mapillary/warsaw/images/1496018114837679.jpg,52.102236,21.018853,PL,,warsaw,mapillary,2025-11-22,1.0
1127154768667609,raw/mapillary/warsaw/images/1127154768667609.jpg,52.10009,21.066959,PL,,warsaw,mapillary,2025-01-25,1.0
2921088398174030,raw/mapillary/budapest/images/2921088398174030.jpg,47.530301,18.978908,HU,,budapest,mapillary,2018-09-03,1.0
1180561329039236,raw/mapillary/budapest/images/1180561329039236.jpg,47.48048,18.980654,HU,,budapest,mapillary,2018-10-14,1.0
931136421777911,raw/mapillary/warsaw/images/931136421777911.jpg,52.101678,20.876346,PL,,warsaw,mapillary,2024-01-24,1.0
362459625209149,raw/mapillary/budapest/images/362459625209149.jpg,47.478178,18.974697,HU,,budapest,mapillary,2016-10-31,1.0
221789216028942,raw/mapillary/prague/images/221789216028942.jpg,49.959533,14.632057,CZ,,prague,mapillary,2018-07-06,1.0
518739606171568,raw/mapillary/budapest/images/518739606171568.jpg,47.475052,18.990094,HU,,budapest,mapillary,2016-03-19,1.0
644382317778653,raw/mapillary/prague/images/644382317778653.jpg,49.959808,14.394233,CZ,,prague,mapillary,2022-10-26,1.0
691060493176126,raw/mapillary/warsaw/images/691060493176126.jpg,52.106817,20.993356,PL,,warsaw,mapillary,2024-01-27,1.0
1160034074446543,raw/mapillary/budapest/images/1160034074446543.jpg,47.478119,18.975459,HU,,budapest,mapillary,2018-09-29,1.0
627722743617122,raw/mapillary/prague/images/627722743617122.jpg,49.95402,14.607464,CZ,,prague,mapillary,2025-06-01,1.0
1057758261874683,raw/mapillary/prague/images/1057758261874683.jpg,49.967778,14.334326,CZ,,prague,mapillary,2023-07-09,1.0
1689405078233582,raw/mapillary/prague/images/1689405078233582.jpg,49.951044,14.391722,CZ,,prague,mapillary,2022-10-26,1.0
824523672358003,raw/mapillary/prague/images/824523672358003.jpg,49.963602,14.326934,CZ,,prague,mapillary,2023-07-09,1.0
797209535968143,raw/mapillary/warsaw/images/797209535968143.jpg,52.101933,20.878623,PL,,warsaw,mapillary,2025-07-25,1.0
305430885755963,raw/mapillary/prague/images/305430885755963.jpg,49.959871,14.394281,CZ,,prague,mapillary,2022-10-26,1.0
2877174762531573,raw/mapillary/prague/images/2877174762531573.jpg,49.959571,14.521912,CZ,,prague,mapillary,2020-05-27,1.0
497399645041801,raw/mapillary/prague/images/497399645041801.jpg,49.959721,14.32316,CZ,,prague,mapillary,2016-12-31,1.0
140769501435228,raw/mapillary/prague/images/140769501435228.jpg,49.955406,14.31986,CZ,,prague,mapillary,2016-10-09,1.0
715839144669170,raw/mapillary/warsaw/images/715839144669170.jpg,52.101024,20.866659,PL,,warsaw,mapillary,2025-07-23,1.0
212407761872795,raw/mapillary/prague/images/212407761872795.jpg,49.95855,14.39332,CZ,,prague,mapillary,2022-10-26,1.0
950808769066617,raw/mapillary/budapest/images/950808769066617.jpg,47.472148,18.978639,HU,,budapest,mapillary,2019-11-23,1.0
763753112733672,raw/mapillary/warsaw/images/763753112733672.jpg,52.101167,20.868606,PL,,warsaw,mapillary,2025-07-23,1.0
330510375132076,raw/mapillary/warsaw/images/330510375132076.jpg,52.104923,21.092685,PL,,warsaw,mapillary,2021-06-07,1.0
302843024905621,raw/mapillary/prague/images/302843024905621.jpg,49.958288,14.322339,CZ,,prague,mapillary,2016-10-09,1.0
1300919684404412,raw/mapillary/budapest/images/1300919684404412.jpg,47.510104,18.977762,HU,,budapest,mapillary,2024-10-05,1.0
1084245085948876,raw/mapillary/warsaw/images/1084245085948876.jpg,52.108683,21.032959,PL,,warsaw,mapillary,2024-01-27,1.0
327782642133858,raw/mapillary/prague/images/327782642133858.jpg,49.957982,14.529054,CZ,,prague,mapillary,2016-10-01,1.0
523617589009788,raw/mapillary/warsaw/images/523617589009788.jpg,52.101995,20.880107,PL,,warsaw,mapillary,2017-03-01,1.0
525233561833607,raw/mapillary/budapest/images/525233561833607.jpg,47.52016,18.972909,HU,,budapest,mapillary,2018-08-06,1.0
2697025530450971,raw/mapillary/warsaw/images/2697025530450971.jpg,52.106006,21.020097,PL,,warsaw,mapillary,2024-01-27,1.0
1538453539693835,raw/mapillary/budapest/images/1538453539693835.jpg,47.485665,19.010572,HU,,budapest,mapillary,2018-08-23,1.0
3546546378951770,raw/mapillary/warsaw/images/3546546378951770.jpg,52.100033,20.853092,PL,,warsaw,mapillary,2023-09-09,1.0
1983206388791892,raw/mapillary/budapest/images/1983206388791892.jpg,47.541761,18.986131,HU,,budapest,mapillary,2024-11-03,1.0
1048992966104661,raw/mapillary/warsaw/images/1048992966104661.jpg,52.101904,20.879167,PL,,warsaw,mapillary,2023-09-09,1.0
3063408013832019,raw/mapillary/prague/images/3063408013832019.jpg,49.959714,14.601332,CZ,,prague,mapillary,2024-08-28,1.0
311278124702662,raw/mapillary/warsaw/images/311278124702662.jpg,52.109989,21.001136,PL,,warsaw,mapillary,2023-09-07,1.0
690091320661860,raw/mapillary/warsaw/images/690091320661860.jpg,52.101967,20.879123,PL,,warsaw,mapillary,2025-07-25,1.0
960542781355300,raw/mapillary/budapest/images/960542781355300.jpg,47.536464,19.000179,HU,,budapest,mapillary,2016-04-23,1.0
506799560342625,raw/mapillary/budapest/images/506799560342625.jpg,47.520108,18.973172,HU,,budapest,mapillary,2018-08-08,1.0
1720183394821253,raw/mapillary/budapest/images/1720183394821253.jpg,47.477952,18.990205,HU,,budapest,mapillary,2020-11-05,1.0
159507456134102,raw/mapillary/budapest/images/159507456134102.jpg,47.499643,19.090612,HU,,budapest,mapillary,2021-04-09,1.0
486826712522412,raw/mapillary/budapest/images/486826712522412.jpg,47.530211,18.987037,HU,,budapest,mapillary,2020-04-25,1.0
1103952184695699,raw/mapillary/prague/images/1103952184695699.jpg,49.969119,14.386187,CZ,,prague,mapillary,2024-12-08,1.0
821517788767643,raw/mapillary/budapest/images/821517788767643.jpg,47.478193,18.974558,HU,,budapest,mapillary,2016-10-31,1.0
1259501742298007,raw/mapillary/prague/images/1259501742298007.jpg,49.955308,14.378514,CZ,,prague,mapillary,2025-07-01,1.0
604400244939879,raw/mapillary/prague/images/604400244939879.jpg,49.952233,14.537573,CZ,,prague,mapillary,2023-08-21,1.0
367128536039621,raw/mapillary/warsaw/images/367128536039621.jpg,52.109074,21.042204,PL,,warsaw,mapillary,2024-01-27,1.0
1251949106515785,raw/mapillary/warsaw/images/1251949106515785.jpg,52.107811,20.932371,PL,,warsaw,mapillary,2025-06-12,1.0
920410166146052,raw/mapillary/warsaw/images/920410166146052.jpg,52.103579,21.040029,PL,,warsaw,mapillary,2024-01-27,1.0
468971617761701,raw/mapillary/budapest/images/468971617761701.jpg,47.535269,19.000043,HU,,budapest,mapillary,2016-04-23,1.0
515319416496800,raw/mapillary/budapest/images/515319416496800.jpg,47.474408,18.990026,HU,,budapest,mapillary,2020-11-05,1.0
633779795818370,raw/mapillary/warsaw/images/633779795818370.jpg,52.10001,21.067133,PL,,warsaw,mapillary,2025-01-25,1.0
534640767548574,raw/mapillary/warsaw/images/534640767548574.jpg,52.100342,20.856344,PL,,warsaw,mapillary,2017-03-01,1.0
4444522632469279,raw/mapillary/warsaw/images/4444522632469279.jpg,52.107275,20.932083,PL,,warsaw,mapillary,2026-04-30,1.0
29308951428704062,raw/mapillary/warsaw/images/29308951428704062.jpg,52.104785,21.092594,PL,,warsaw,mapillary,2025-01-25,1.0
310714724115774,raw/mapillary/budapest/images/310714724115774.jpg,47.530344,18.978837,HU,,budapest,mapillary,2021-02-16,1.0
1865134234127050,raw/mapillary/prague/images/1865134234127050.jpg,49.952647,14.375753,CZ,,prague,mapillary,2026-01-12,1.0
944883916269644,raw/mapillary/budapest/images/944883916269644.jpg,47.475,19.010556,HU,,budapest,mapillary,2021-04-20,1.0
836426393959921,raw/mapillary/budapest/images/836426393959921.jpg,47.478167,18.974509,HU,,budapest,mapillary,2016-10-31,1.0
1292385738129507,raw/mapillary/warsaw/images/1292385738129507.jpg,52.103673,20.970661,PL,,warsaw,mapillary,2023-09-05,1.0
1625697830966490,raw/mapillary/budapest/images/1625697830966490.jpg,47.520106,18.973214,HU,,budapest,mapillary,2018-08-14,1.0
215086753364910,raw/mapillary/budapest/images/215086753364910.jpg,47.482995,18.980429,HU,,budapest,mapillary,2017-04-01,1.0
224935852727147,raw/mapillary/budapest/images/224935852727147.jpg,47.480181,19.008032,HU,,budapest,mapillary,2018-08-27,1.0
138442558279563,raw/mapillary/budapest/images/138442558279563.jpg,47.530207,18.987037,HU,,budapest,mapillary,2020-04-25,1.0
928567749412395,raw/mapillary/warsaw/images/928567749412395.jpg,52.104817,21.097028,PL,,warsaw,mapillary,2025-01-25,1.0
608934490071993,raw/mapillary/warsaw/images/608934490071993.jpg,52.105895,21.055975,PL,,warsaw,mapillary,2021-06-07,1.0
901409054048628,raw/mapillary/prague/images/901409054048628.jpg,49.95548,14.517849,CZ,,prague,mapillary,2020-05-27,1.0
510922849945867,raw/mapillary/budapest/images/510922849945867.jpg,47.510231,18.977308,HU,,budapest,mapillary,2017-07-07,1.0
605213755539075,raw/mapillary/warsaw/images/605213755539075.jpg,52.104471,21.090942,PL,,warsaw,mapillary,2025-01-25,1.0
2308451459647155,raw/mapillary/prague/images/2308451459647155.jpg,49.959379,14.632192,CZ,,prague,mapillary,2026-04-15,1.0
1115917986529175,raw/mapillary/warsaw/images/1115917986529175.jpg,52.100623,21.084307,PL,,warsaw,mapillary,2025-01-25,1.0
1103654855102293,raw/mapillary/budapest/images/1103654855102293.jpg,47.541991,18.986364,HU,,budapest,mapillary,2024-11-03,1.0
1531750891080248,raw/mapillary/warsaw/images/1531750891080248.jpg,52.107768,20.932306,PL,,warsaw,mapillary,2024-06-05,1.0
754834778526226,raw/mapillary/prague/images/754834778526226.jpg,49.955518,14.319903,CZ,,prague,mapillary,2016-12-31,1.0
1982291912116880,raw/mapillary/prague/images/1982291912116880.jpg,49.95234,14.328714,CZ,,prague,mapillary,2023-07-09,1.0
145407134150068,raw/mapillary/budapest/images/145407134150068.jpg,47.530563,18.978809,HU,,budapest,mapillary,2015-09-13,1.0
1095790189222000,raw/mapillary/prague/images/1095790189222000.jpg,49.960491,14.378958,CZ,,prague,mapillary,2025-07-27,1.0
1056117042293615,raw/mapillary/warsaw/images/1056117042293615.jpg,52.109326,21.04263,PL,,warsaw,mapillary,2024-01-27,1.0
3182493342052487,raw/mapillary/prague/images/3182493342052487.jpg,49.953077,14.39193,CZ,,prague,mapillary,2022-10-26,1.0
1512922549545182,raw/mapillary/prague/images/1512922549545182.jpg,49.956746,14.530333,CZ,,prague,mapillary,2022-10-26,1.0
952284602020267,raw/mapillary/warsaw/images/952284602020267.jpg,52.107422,20.932227,PL,,warsaw,mapillary,2021-05-03,1.0
261297949297054,raw/mapillary/budapest/images/261297949297054.jpg,47.486848,19.000289,HU,,budapest,mapillary,2021-11-10,1.0
1023769515562214,raw/mapillary/warsaw/images/1023769515562214.jpg,52.104045,20.970916,PL,,warsaw,mapillary,2023-09-21,1.0
815022822773120,raw/mapillary/warsaw/images/815022822773120.jpg,52.101916,20.879233,PL,,warsaw,mapillary,2019-08-17,1.0
875417108014692,raw/mapillary/prague/images/875417108014692.jpg,49.955283,14.604782,CZ,,prague,mapillary,2024-08-28,1.0
740881893267909,raw/mapillary/budapest/images/740881893267909.jpg,47.483065,18.980308,HU,,budapest,mapillary,2017-04-01,1.0
817701212500705,raw/mapillary/budapest/images/817701212500705.jpg,47.53457,18.990591,HU,,budapest,mapillary,2016-04-10,1.0
210552237543562,raw/mapillary/budapest/images/210552237543562.jpg,47.492334,18.979419,HU,,budapest,mapillary,2019-03-22,1.0
685579086945557,raw/mapillary/prague/images/685579086945557.jpg,49.958789,14.323626,CZ,,prague,mapillary,2023-07-09,1.0
150474757072503,raw/mapillary/warsaw/images/150474757072503.jpg,52.101436,21.064636,PL,,warsaw,mapillary,2021-06-07,1.0
226098605545943,raw/mapillary/budapest/images/226098605545943.jpg,47.4803,18.978042,HU,,budapest,mapillary,2020-06-30,1.0
291709239274392,raw/mapillary/prague/images/291709239274392.jpg,49.950689,14.519025,CZ,,prague,mapillary,2016-10-01,1.0
305834602250407,raw/mapillary/prague/images/305834602250407.jpg,49.951708,14.391705,CZ,,prague,mapillary,2022-10-26,1.0
366464202465163,raw/mapillary/warsaw/images/366464202465163.jpg,52.10996,21.000725,PL,,warsaw,mapillary,2023-09-07,1.0
309260785075055,raw/mapillary/warsaw/images/309260785075055.jpg,52.101137,20.86866,PL,,warsaw,mapillary,2023-09-09,1.0
1377482259897659,raw/mapillary/budapest/images/1377482259897659.jpg,47.541477,18.986161,HU,,budapest,mapillary,2024-11-03,1.0
464591618143517,raw/mapillary/budapest/images/464591618143517.jpg,47.520094,18.973249,HU,,budapest,mapillary,2018-08-08,1.0
279373040584084,raw/mapillary/budapest/images/279373040584084.jpg,47.485698,19.010597,HU,,budapest,mapillary,2018-08-23,1.0
1856882835219145,raw/mapillary/budapest/images/1856882835219145.jpg,47.486494,19.000511,HU,,budapest,mapillary,2025-12-04,1.0
492943823800920,raw/mapillary/prague/images/492943823800920.jpg,49.969966,14.384157,CZ,,prague,mapillary,2024-12-08,1.0
1135231061820182,raw/mapillary/warsaw/images/1135231061820182.jpg,52.101049,20.866659,PL,,warsaw,mapillary,2025-07-25,1.0
1442495109633451,raw/mapillary/warsaw/images/1442495109633451.jpg,52.109026,21.042196,PL,,warsaw,mapillary,2024-01-27,1.0
291905826865798,raw/mapillary/warsaw/images/291905826865798.jpg,52.109768,20.996519,PL,,warsaw,mapillary,2024-01-27,1.0
1195448780912727,raw/mapillary/prague/images/1195448780912727.jpg,49.958893,14.519944,CZ,,prague,mapillary,2020-05-27,1.0
224030379526293,raw/mapillary/budapest/images/224030379526293.jpg,47.520177,18.972843,HU,,budapest,mapillary,2018-08-08,1.0
572708617258996,raw/mapillary/warsaw/images/572708617258996.jpg,52.107841,20.932406,PL,,warsaw,mapillary,2021-05-03,1.0
912708612885092,raw/mapillary/warsaw/images/912708612885092.jpg,52.100196,20.854249,PL,,warsaw,mapillary,2014-10-20,1.0
498364436608584,raw/mapillary/warsaw/images/498364436608584.jpg,52.100227,21.083963,PL,,warsaw,mapillary,2025-01-25,1.0
3731716477102225,raw/mapillary/warsaw/images/3731716477102225.jpg,52.103355,21.040749,PL,,warsaw,mapillary,2023-07-07,1.0
2872238006331416,raw/mapillary/budapest/images/2872238006331416.jpg,47.530446,18.978949,HU,,budapest,mapillary,2018-10-02,1.0
142326324606599,raw/mapillary/prague/images/142326324606599.jpg,49.954396,14.320476,CZ,,prague,mapillary,2016-12-31,1.0
262188822326215,raw/mapillary/warsaw/images/262188822326215.jpg,52.100201,20.854366,PL,,warsaw,mapillary,2017-03-01,1.0
2814608455466046,raw/mapillary/budapest/images/2814608455466046.jpg,47.497397,19.090518,HU,,budapest,mapillary,2017-11-12,1.0
1274080413342054,raw/mapillary/budapest/images/1274080413342054.jpg,47.499697,19.090672,HU,,budapest,mapillary,2022-06-13,1.0
1528746011258780,raw/mapillary/warsaw/images/1528746011258780.jpg,52.109759,20.996419,PL,,warsaw,mapillary,2023-09-07,1.0
109966378849897,raw/mapillary/prague/images/109966378849897.jpg,49.956553,14.324532,CZ,,prague,mapillary,2023-07-09,1.0
2022613358238138,raw/mapillary/warsaw/images/2022613358238138.jpg,52.100041,21.08389,PL,,warsaw,mapillary,2025-01-25,1.0
1919356895488628,raw/mapillary/prague/images/1919356895488628.jpg,49.950478,14.374432,CZ,,prague,mapillary,2025-07-27,1.0
4279777685408542,raw/mapillary/prague/images/4279777685408542.jpg,49.969592,14.33646,CZ,,prague,mapillary,2016-10-09,1.0
292082743572594,raw/mapillary/warsaw/images/292082743572594.jpg,52.100168,20.85439,PL,,warsaw,mapillary,2023-09-09,1.0
1229587574126775,raw/mapillary/budapest/images/1229587574126775.jpg,47.510186,18.977586,HU,,budapest,mapillary,2017-07-07,1.0
2195580737615177,raw/mapillary/warsaw/images/2195580737615177.jpg,52.101811,20.876974,PL,,warsaw,mapillary,2025-07-25,1.0
799735941819247,raw/mapillary/prague/images/799735941819247.jpg,49.966355,14.341434,CZ,,prague,mapillary,2023-07-09,1.0
2855929751330962,raw/mapillary/budapest/images/2855929751330962.jpg,47.534779,18.990364,HU,,budapest,mapillary,2017-12-10,1.0
4344133205630927,raw/mapillary/budapest/images/4344133205630927.jpg,47.530092,18.986785,HU,,budapest,mapillary,2020-04-25,1.0
1771902389888775,raw/mapillary/warsaw/images/1771902389888775.jpg,52.100119,20.85386,PL,,warsaw,mapillary,2024-01-08,1.0
1973514826375479,raw/mapillary/warsaw/images/1973514826375479.jpg,52.109017,21.03313,PL,,warsaw,mapillary,2024-01-27,1.0
193232883058294,raw/mapillary/warsaw/images/193232883058294.jpg,52.107283,21.056005,PL,,warsaw,mapillary,2022-08-07,1.0
478385670077171,raw/mapillary/budapest/images/478385670077171.jpg,47.478166,18.975469,HU,,budapest,mapillary,2016-10-31,1.0
246372487239802,raw/mapillary/budapest/images/246372487239802.jpg,47.499687,19.090182,HU,,budapest,mapillary,2019-07-25,1.0
1121977931646424,raw/mapillary/prague/images/1121977931646424.jpg,49.953479,14.466841,CZ,,prague,mapillary,2020-05-26,1.0
315746196836315,raw/mapillary/budapest/images/315746196836315.jpg,47.470036,18.979711,HU,,budapest,mapillary,2017-05-13,1.0
190715722902109,raw/mapillary/warsaw/images/190715722902109.jpg,52.101459,20.873029,PL,,warsaw,mapillary,2019-11-03,1.0
1643042090062808,raw/mapillary/warsaw/images/1643042090062808.jpg,52.103703,20.970805,PL,,warsaw,mapillary,2026-03-01,1.0
1128726661347990,raw/mapillary/warsaw/images/1128726661347990.jpg,52.100773,20.960827,PL,,warsaw,mapillary,2024-01-27,1.0
639648771696219,raw/mapillary/prague/images/639648771696219.jpg,49.956859,14.530195,CZ,,prague,mapillary,2022-10-26,1.0
1270995970806050,raw/mapillary/prague/images/1270995970806050.jpg,49.969188,14.386295,CZ,,prague,mapillary,2024-12-08,1.0
3303977643186842,raw/mapillary/warsaw/images/3303977643186842.jpg,52.108296,21.057493,PL,,warsaw,mapillary,2022-08-07,1.0
313202113594853,raw/mapillary/budapest/images/313202113594853.jpg,47.534651,18.990173,HU,,budapest,mapillary,2017-12-10,1.0
730584562255746,raw/mapillary/warsaw/images/730584562255746.jpg,52.109982,21.001,PL,,warsaw,mapillary,2023-09-07,1.0
1287530273312385,raw/mapillary/prague/images/1287530273312385.jpg,49.958218,14.633807,CZ,,prague,mapillary,2026-04-15,1.0
314020600291252,raw/mapillary/prague/images/314020600291252.jpg,49.960576,14.324234,CZ,,prague,mapillary,2016-10-09,1.0
297570638750197,raw/mapillary/budapest/images/297570638750197.jpg,47.510152,18.978488,HU,,budapest,mapillary,2017-07-07,1.0
1087738642929388,raw/mapillary/budapest/images/1087738642929388.jpg,47.542019,18.986248,HU,,budapest,mapillary,2024-11-03,1.0
304616025316737,raw/mapillary/prague/images/304616025316737.jpg,49.965033,14.32869,CZ,,prague,mapillary,2023-07-09,1.0
1771978206582595,raw/mapillary/warsaw/images/1771978206582595.jpg,52.104164,20.970862,PL,,warsaw,mapillary,2023-09-05,1.0
2049796725500173,raw/mapillary/warsaw/images/2049796725500173.jpg,52.100598,21.084233,PL,,warsaw,mapillary,2025-01-25,1.0
4145418982163919,raw/mapillary/budapest/images/4145418982163919.jpg,47.520143,18.973036,HU,,budapest,mapillary,2018-08-14,1.0
1014685836486574,raw/mapillary/warsaw/images/1014685836486574.jpg,52.10995,20.99526,PL,,warsaw,mapillary,2023-09-07,1.0
1023369818440965,raw/mapillary/prague/images/1023369818440965.jpg,49.954547,14.533807,CZ,,prague,mapillary,2021-10-20,1.0
2846415552247419,raw/mapillary/budapest/images/2846415552247419.jpg,47.499689,19.090081,HU,,budapest,mapillary,2019-02-24,1.0
488465854296932,raw/mapillary/warsaw/images/488465854296932.jpg,52.104859,21.097343,PL,,warsaw,mapillary,2025-01-25,1.0
1041617683699781,raw/mapillary/warsaw/images/1041617683699781.jpg,52.103412,20.970296,PL,,warsaw,mapillary,2023-09-05,1.0
1369085764031798,raw/mapillary/warsaw/images/1369085764031798.jpg,52.100057,20.853308,PL,,warsaw,mapillary,2023-09-09,1.0
1893611394132801,raw/mapillary/warsaw/images/1893611394132801.jpg,52.106486,21.052326,PL,,warsaw,mapillary,2021-06-07,1.0
5584026591648957,raw/mapillary/warsaw/images/5584026591648957.jpg,52.107802,20.932332,PL,,warsaw,mapillary,2022-07-29,1.0
586079937643272,raw/mapillary/warsaw/images/586079937643272.jpg,52.103194,21.039115,PL,,warsaw,mapillary,2025-01-25,1.0
488802875604007,raw/mapillary/budapest/images/488802875604007.jpg,47.486409,19.000357,HU,,budapest,mapillary,2020-12-15,1.0
627123021960424,raw/mapillary/warsaw/images/627123021960424.jpg,52.10601,21.055665,PL,,warsaw,mapillary,2022-08-07,1.0
373174564047404,raw/mapillary/budapest/images/373174564047404.jpg,47.490053,19.002447,HU,,budapest,mapillary,2017-05-05,1.0
1020957293343224,raw/mapillary/budapest/images/1020957293343224.jpg,47.530118,18.997493,HU,,budapest,mapillary,2025-09-05,1.0
1140955310403449,raw/mapillary/warsaw/images/1140955310403449.jpg,52.100426,20.856082,PL,,warsaw,mapillary,2024-01-24,1.0
354065410787712,raw/mapillary/warsaw/images/354065410787712.jpg,52.10032,20.854781,PL,,warsaw,mapillary,2024-01-24,1.0
924973383480002,raw/mapillary/prague/images/924973383480002.jpg,49.952714,14.375649,CZ,,prague,mapillary,2026-03-28,1.0
518012687397935,raw/mapillary/warsaw/images/518012687397935.jpg,52.10007,21.067039,PL,,warsaw,mapillary,2025-01-25,1.0
260895992452574,raw/mapillary/prague/images/260895992452574.jpg,49.95801,14.518619,CZ,,prague,mapillary,2020-05-27,1.0
1236809408226180,raw/mapillary/prague/images/1236809408226180.jpg,49.959583,14.632158,CZ,,prague,mapillary,2026-04-15,1.0
1454572002203216,raw/mapillary/prague/images/1454572002203216.jpg,49.954949,14.378072,CZ,,prague,mapillary,2025-07-01,1.0
1245273410661560,raw/mapillary/prague/images/1245273410661560.jpg,49.959109,14.601651,CZ,,prague,mapillary,2025-06-01,1.0
1047346310904966,raw/mapillary/warsaw/images/1047346310904966.jpg,52.101771,20.876419,PL,,warsaw,mapillary,2025-07-25,1.0
1737115017209767,raw/mapillary/warsaw/images/1737115017209767.jpg,52.104157,21.089802,PL,,warsaw,mapillary,2025-01-25,1.0
2272718443209487,raw/mapillary/budapest/images/2272718443209487.jpg,47.499764,19.090648,HU,,budapest,mapillary,2025-09-24,1.0
6834993976609550,raw/mapillary/warsaw/images/6834993976609550.jpg,52.106516,20.963573,PL,,warsaw,mapillary,2024-01-27,1.0
1391768204555295,raw/mapillary/budapest/images/1391768204555295.jpg,47.510177,18.975401,HU,,budapest,mapillary,2020-04-30,1.0
3008685072699291,raw/mapillary/prague/images/3008685072699291.jpg,49.958146,14.518764,CZ,,prague,mapillary,2020-05-27,1.0
763931427633153,raw/mapillary/prague/images/763931427633153.jpg,49.953275,14.517999,CZ,,prague,mapillary,2020-05-27,1.0
299994184902835,raw/mapillary/budapest/images/299994184902835.jpg,47.510126,18.977784,HU,,budapest,mapillary,2020-10-22,1.0
166180305987439,raw/mapillary/warsaw/images/166180305987439.jpg,52.10492,21.055515,PL,,warsaw,mapillary,2022-08-07,1.0
780160419560744,raw/mapillary/budapest/images/780160419560744.jpg,47.490048,19.002203,HU,,budapest,mapillary,2020-11-17,1.0
767932290577135,raw/mapillary/warsaw/images/767932290577135.jpg,52.101731,20.876858,PL,,warsaw,mapillary,2019-11-03,1.0
207227714318908,raw/mapillary/budapest/images/207227714318908.jpg,47.490092,19.002391,HU,,budapest,mapillary,2017-05-05,1.0
522557705434333,raw/mapillary/budapest/images/522557705434333.jpg,47.474903,19.010017,HU,,budapest,mapillary,2019-10-07,1.0
766679267377204,raw/mapillary/budapest/images/766679267377204.jpg,47.493851,18.979988,HU,,budapest,mapillary,2019-03-22,1.0
118580966932050,raw/mapillary/budapest/images/118580966932050.jpg,47.492242,18.979642,HU,,budapest,mapillary,2019-03-22,1.0
223123209335151,raw/mapillary/prague/images/223123209335151.jpg,49.960461,14.378996,CZ,,prague,mapillary,2017-10-01,1.0
1078355626332217,raw/mapillary/prague/images/1078355626332217.jpg,49.958588,14.462799,CZ,,prague,mapillary,2020-05-26,1.0
715501356661805,raw/mapillary/prague/images/715501356661805.jpg,49.958124,14.393063,CZ,,prague,mapillary,2022-10-26,1.0
1655523298453879,raw/mapillary/warsaw/images/1655523298453879.jpg,52.107469,20.932225,PL,,warsaw,mapillary,2025-06-12,1.0
548717216512042,raw/mapillary/budapest/images/548717216512042.jpg,47.482476,18.990485,HU,,budapest,mapillary,2018-09-16,1.0
326940228819318,raw/mapillary/budapest/images/326940228819318.jpg,47.471965,18.978857,HU,,budapest,mapillary,2019-11-23,1.0
2777438239234310,raw/mapillary/prague/images/2777438239234310.jpg,49.959947,14.527135,CZ,,prague,mapillary,2016-09-07,1.0
270847534780982,raw/mapillary/budapest/images/270847534780982.jpg,47.499655,19.090012,HU,,budapest,mapillary,2019-02-24,1.0
2942117299448952,raw/mapillary/prague/images/2942117299448952.jpg,49.958238,14.518792,CZ,,prague,mapillary,2015-11-14,1.0
376774770356603,raw/mapillary/budapest/images/376774770356603.jpg,47.510109,18.978362,HU,,budapest,mapillary,2020-12-06,1.0
184890423537539,raw/mapillary/prague/images/184890423537539.jpg,49.956746,14.517873,CZ,,prague,mapillary,2020-05-27,1.0
345772843866493,raw/mapillary/budapest/images/345772843866493.jpg,47.510258,18.97695,HU,,budapest,mapillary,2018-08-16,1.0
1017073962896996,raw/mapillary/prague/images/1017073962896996.jpg,49.951968,14.391728,CZ,,prague,mapillary,2022-10-26,1.0
290204592651656,raw/mapillary/budapest/images/290204592651656.jpg,47.490234,19.002319,HU,,budapest,mapillary,2017-05-05,1.0
594253979766654,raw/mapillary/prague/images/594253979766654.jpg,49.969974,14.384198,CZ,,prague,mapillary,2024-12-08,1.0
1731481550371896,raw/mapillary/budapest/images/1731481550371896.jpg,47.530521,18.978876,HU,,budapest,mapillary,2018-10-02,1.0
474771566970084,raw/mapillary/budapest/images/474771566970084.jpg,47.486451,19.000082,HU,,budapest,mapillary,2018-06-20,1.0
1193259814984481,raw/mapillary/warsaw/images/1193259814984481.jpg,52.108703,21.033138,PL,,warsaw,mapillary,2024-01-27,1.0
1643746069613824,raw/mapillary/prague/images/1643746069613824.jpg,49.950307,14.610482,CZ,,prague,mapillary,2025-06-01,1.0
1217047865419501,raw/mapillary/budapest/images/1217047865419501.jpg,47.530581,18.978688,HU,,budapest,mapillary,2018-07-03,1.0
287035466395961,raw/mapillary/budapest/images/287035466395961.jpg,47.474874,19.010004,HU,,budapest,mapillary,2018-08-27,1.0
478191268414219,raw/mapillary/budapest/images/478191268414219.jpg,47.510124,18.977485,HU,,budapest,mapillary,2024-09-01,1.0
1789208274999951,raw/mapillary/prague/images/1789208274999951.jpg,49.954854,14.377894,CZ,,prague,mapillary,2025-04-20,1.0
1381128342243288,raw/mapillary/budapest/images/1381128342243288.jpg,47.530342,18.979043,HU,,budapest,mapillary,2019-06-02,1.0
315696673449172,raw/mapillary/prague/images/315696673449172.jpg,49.953298,14.467092,CZ,,prague,mapillary,2020-05-26,1.0
218431666410713,raw/mapillary/budapest/images/218431666410713.jpg,47.480221,19.007826,HU,,budapest,mapillary,2018-08-27,1.0
5514168015322728,raw/mapillary/budapest/images/5514168015322728.jpg,47.530154,18.987014,HU,,budapest,mapillary,2020-04-25,1.0
3011161439117380,raw/mapillary/budapest/images/3011161439117380.jpg,47.510269,18.976862,HU,,budapest,mapillary,2020-12-06,1.0
1018625932288728,raw/mapillary/warsaw/images/1018625932288728.jpg,52.101367,20.870692,PL,,warsaw,mapillary,2017-03-01,1.0
786557885953784,raw/mapillary/warsaw/images/786557885953784.jpg,52.103197,20.970218,PL,,warsaw,mapillary,2022-09-24,1.0
478761803462161,raw/mapillary/budapest/images/478761803462161.jpg,47.486307,19.010973,HU,,budapest,mapillary,2015-08-10,1.0
820023725609662,raw/mapillary/warsaw/images/820023725609662.jpg,52.100209,20.855594,PL,,warsaw,mapillary,2019-11-03,1.0
6004678829561760,raw/mapillary/warsaw/images/6004678829561760.jpg,52.102926,20.970152,PL,,warsaw,mapillary,2022-08-31,1.0
216540773387724,raw/mapillary/prague/images/216540773387724.jpg,49.956832,14.517894,CZ,,prague,mapillary,2020-05-27,1.0
309096567399692,raw/mapillary/budapest/images/309096567399692.jpg,47.530585,18.978692,HU,,budapest,mapillary,2019-05-06,1.0
2791279737756192,raw/mapillary/budapest/images/2791279737756192.jpg,47.510136,18.975399,HU,,budapest,mapillary,2020-04-30,1.0
465399757903440,raw/mapillary/budapest/images/465399757903440.jpg,47.49399,18.979333,HU,,budapest,mapillary,2019-03-22,1.0
203840924912040,raw/mapillary/prague/images/203840924912040.jpg,49.958401,14.462954,CZ,,prague,mapillary,2020-05-26,1.0
691530083190259,raw/mapillary/prague/images/691530083190259.jpg,49.958991,14.601685,CZ,,prague,mapillary,2024-08-28,1.0
214370916829007,raw/mapillary/budapest/images/214370916829007.jpg,47.480689,18.980414,HU,,budapest,mapillary,2016-10-31,1.0
508393310296215,raw/mapillary/warsaw/images/508393310296215.jpg,52.101821,20.878193,PL,,warsaw,mapillary,2020-07-03,1.0
1090134059491487,raw/mapillary/prague/images/1090134059491487.jpg,49.953803,14.607999,CZ,,prague,mapillary,2024-08-28,1.0
621954416067752,raw/mapillary/warsaw/images/621954416067752.jpg,52.103608,20.97034,PL,,warsaw,mapillary,2022-09-24,1.0
488069239100382,raw/mapillary/budapest/images/488069239100382.jpg,47.480068,18.972089,HU,,budapest,mapillary,2020-06-30,1.0
768289982413424,raw/mapillary/prague/images/768289982413424.jpg,49.953979,14.376969,CZ,,prague,mapillary,2025-07-27,1.0
346398711602519,raw/mapillary/warsaw/images/346398711602519.jpg,52.107671,21.040096,PL,,warsaw,mapillary,2024-01-27,1.0
105136938950618,raw/mapillary/warsaw/images/105136938950618.jpg,52.104178,20.970899,PL,,warsaw,mapillary,2022-08-31,1.0
1608992933366107,raw/mapillary/budapest/images/1608992933366107.jpg,47.541514,18.986008,HU,,budapest,mapillary,2024-11-03,1.0
762535435721040,raw/mapillary/warsaw/images/762535435721040.jpg,52.108989,21.033123,PL,,warsaw,mapillary,2024-01-27,1.0
5512547152152063,raw/mapillary/budapest/images/5512547152152063.jpg,47.534539,18.990565,HU,,budapest,mapillary,2016-04-10,1.0
1641055103537549,raw/mapillary/budapest/images/1641055103537549.jpg,47.530283,18.979025,HU,,budapest,mapillary,2025-11-01,1.0
286827562990465,raw/mapillary/prague/images/286827562990465.jpg,49.952846,14.379265,CZ,,prague,mapillary,2016-04-13,1.0
176479604388112,raw/mapillary/budapest/images/176479604388112.jpg,47.480372,18.970398,HU,,budapest,mapillary,2020-06-30,1.0
748276275861580,raw/mapillary/budapest/images/748276275861580.jpg,47.53445,18.990405,HU,,budapest,mapillary,2016-04-10,1.0
580560194864415,raw/mapillary/prague/images/580560194864415.jpg,49.95264,14.375711,CZ,,prague,mapillary,2025-07-01,1.0
1515669781974382,raw/mapillary/budapest/images/1515669781974382.jpg,47.485788,19.010674,HU,,budapest,mapillary,2018-08-23,1.0
517060842652235,raw/mapillary/warsaw/images/517060842652235.jpg,52.101823,20.87815,PL,,warsaw,mapillary,2019-11-03,1.0
299591429229079,raw/mapillary/prague/images/299591429229079.jpg,49.966344,14.340538,CZ,,prague,mapillary,2023-07-09,1.0
328461391995918,raw/mapillary/prague/images/328461391995918.jpg,49.9554,14.465338,CZ,,prague,mapillary,2020-05-26,1.0
135606258592194,raw/mapillary/prague/images/135606258592194.jpg,49.955234,14.378339,CZ,,prague,mapillary,2019-04-12,1.0
369926159112381,raw/mapillary/warsaw/images/369926159112381.jpg,52.103143,21.039419,PL,,warsaw,mapillary,2024-01-27,1.0
793089909283227,raw/mapillary/warsaw/images/793089909283227.jpg,52.100882,20.960886,PL,,warsaw,mapillary,2024-01-27,1.0
3774552236094473,raw/mapillary/prague/images/3774552236094473.jpg,49.969122,14.386238,CZ,,prague,mapillary,2024-12-08,1.0
302732264563209,raw/mapillary/prague/images/302732264563209.jpg,49.958136,14.463178,CZ,,prague,mapillary,2020-05-26,1.0
1189844698096575,raw/mapillary/prague/images/1189844698096575.jpg,49.958449,14.528647,CZ,,prague,mapillary,2016-10-01,1.0
6800668560042082,raw/mapillary/warsaw/images/6800668560042082.jpg,52.109103,21.042329,PL,,warsaw,mapillary,2024-01-27,1.0
171508314849450,raw/mapillary/budapest/images/171508314849450.jpg,47.480523,18.980608,HU,,budapest,mapillary,2016-10-31,1.0
978170789620679,raw/mapillary/prague/images/978170789620679.jpg,49.957005,14.517949,CZ,,prague,mapillary,2020-05-27,1.0
285283239989367,raw/mapillary/budapest/images/285283239989367.jpg,47.520143,18.973013,HU,,budapest,mapillary,2018-08-06,1.0
699966585579726,raw/mapillary/warsaw/images/699966585579726.jpg,52.109289,21.042612,PL,,warsaw,mapillary,2024-01-27,1.0
815452069407048,raw/mapillary/warsaw/images/815452069407048.jpg,52.10688,21.050475,PL,,warsaw,mapillary,2021-06-07,1.0
171900274830695,raw/mapillary/budapest/images/171900274830695.jpg,47.48,19.008269,HU,,budapest,mapillary,2018-08-27,1.0
8273950666013930,raw/mapillary/warsaw/images/8273950666013930.jpg,52.103085,21.038901,PL,,warsaw,mapillary,2024-09-12,1.0
855175883471173,raw/mapillary/warsaw/images/855175883471173.jpg,52.103088,21.039061,PL,,warsaw,mapillary,2024-09-12,1.0
1888497181305219,raw/mapillary/prague/images/1888497181305219.jpg,49.953612,14.376596,CZ,,prague,mapillary,2019-04-12,1.0
1249842326108861,raw/mapillary/warsaw/images/1249842326108861.jpg,52.100072,21.066979,PL,,warsaw,mapillary,2025-01-25,1.0
3045900665639212,raw/mapillary/prague/images/3045900665639212.jpg,49.957975,14.518584,CZ,,prague,mapillary,2020-05-27,1.0
1117248450317370,raw/mapillary/warsaw/images/1117248450317370.jpg,52.101823,20.877045,PL,,warsaw,mapillary,2025-07-25,1.0
1153581542825143,raw/mapillary/warsaw/images/1153581542825143.jpg,52.100075,21.066888,PL,,warsaw,mapillary,2025-01-25,1.0
803821536926182,raw/mapillary/budapest/images/803821536926182.jpg,47.480168,18.978033,HU,,budapest,mapillary,2019-08-11,1.0
2127191937423057,raw/mapillary/budapest/images/2127191937423057.jpg,47.520071,18.973392,HU,,budapest,mapillary,2018-08-14,1.0
1581427716111762,raw/mapillary/budapest/images/1581427716111762.jpg,47.541901,18.986322,HU,,budapest,mapillary,2024-11-03,1.0
1709295456717491,raw/mapillary/prague/images/1709295456717491.jpg,49.969506,14.387068,CZ,,prague,mapillary,2026-02-01,1.0
307552217708108,raw/mapillary/prague/images/307552217708108.jpg,49.957796,14.518423,CZ,,prague,mapillary,2020-05-27,1.0
944763110345063,raw/mapillary/warsaw/images/944763110345063.jpg,52.106619,20.993382,PL,,warsaw,mapillary,2024-01-27,1.0
846738846827256,raw/mapillary/prague/images/846738846827256.jpg,49.95217,14.537551,CZ,,prague,mapillary,2022-10-26,1.0
1249436769541109,raw/mapillary/budapest/images/1249436769541109.jpg,47.541887,18.986321,HU,,budapest,mapillary,2024-11-03,1.0
976052196533612,raw/mapillary/prague/images/976052196533612.jpg,49.952295,14.537344,CZ,,prague,mapillary,2016-10-01,1.0
1288626151853738,raw/mapillary/warsaw/images/1288626151853738.jpg,52.10305,20.970202,PL,,warsaw,mapillary,2023-09-05,1.0
236996981547496,raw/mapillary/prague/images/236996981547496.jpg,49.95933,14.521045,CZ,,prague,mapillary,2015-11-14,1.0
1163882784110932,raw/mapillary/prague/images/1163882784110932.jpg,49.958866,14.462573,CZ,,prague,mapillary,2020-05-26,1.0
211284970498855,raw/mapillary/prague/images/211284970498855.jpg,49.953895,14.381477,CZ,,prague,mapillary,2016-04-13,1.0
278792368088213,raw/mapillary/prague/images/278792368088213.jpg,49.966806,14.338778,CZ,,prague,mapillary,2023-07-09,1.0
1226170951133092,raw/mapillary/prague/images/1226170951133092.jpg,49.953032,14.467459,CZ,,prague,mapillary,2020-05-26,1.0
786462716553097,raw/mapillary/prague/images/786462716553097.jpg,49.965403,14.329025,CZ,,prague,mapillary,2023-07-09,1.0
286750534339034,raw/mapillary/warsaw/images/286750534339034.jpg,52.103107,20.970214,PL,,warsaw,mapillary,2023-09-05,1.0
2776866815959094,raw/mapillary/budapest/images/2776866815959094.jpg,47.53044,18.978843,HU,,budapest,mapillary,2019-05-12,1.0
393092789912213,raw/mapillary/warsaw/images/393092789912213.jpg,52.106451,21.020129,PL,,warsaw,mapillary,2024-01-27,1.0
205676378067131,raw/mapillary/prague/images/205676378067131.jpg,49.953756,14.319672,CZ,,prague,mapillary,2016-12-31,1.0
3586301791624376,raw/mapillary/warsaw/images/3586301791624376.jpg,52.107709,21.04016,PL,,warsaw,mapillary,2024-01-27,1.0
203733878229976,raw/mapillary/prague/images/203733878229976.jpg,49.955289,14.378566,CZ,,prague,mapillary,2016-11-08,1.0
1613273325829509,raw/mapillary/prague/images/1613273325829509.jpg,49.9517,14.329222,CZ,,prague,mapillary,2023-07-09,1.0
1449019102932091,raw/mapillary/warsaw/images/1449019102932091.jpg,52.107869,20.932394,PL,,warsaw,mapillary,2025-06-12,1.0
1160002771147052,raw/mapillary/budapest/images/1160002771147052.jpg,47.53573,19.000287,HU,,budapest,mapillary,2016-02-08,1.0
284608156646036,raw/mapillary/budapest/images/284608156646036.jpg,47.530284,18.97907,HU,,budapest,mapillary,2017-10-15,1.0
1025917215729856,raw/mapillary/warsaw/images/1025917215729856.jpg,52.103646,21.040115,PL,,warsaw,mapillary,2024-01-27,1.0
709631557329869,raw/mapillary/prague/images/709631557329869.jpg,49.95075,14.39176,CZ,,prague,mapillary,2022-10-26,1.0
332439135065588,raw/mapillary/prague/images/332439135065588.jpg,49.956514,14.464659,CZ,,prague,mapillary,2020-05-26,1.0
695515489430631,raw/mapillary/warsaw/images/695515489430631.jpg,52.106436,20.963534,PL,,warsaw,mapillary,2024-01-27,1.0
176600322192507,raw/mapillary/prague/images/176600322192507.jpg,49.951608,14.391701,CZ,,prague,mapillary,2022-10-26,1.0
968744437982178,raw/mapillary/warsaw/images/968744437982178.jpg,52.100972,21.084514,PL,,warsaw,mapillary,2025-01-25,1.0
334814674661228,raw/mapillary/prague/images/334814674661228.jpg,49.958155,14.633942,CZ,,prague,mapillary,2019-10-10,1.0
735870180425129,raw/mapillary/budapest/images/735870180425129.jpg,47.520128,18.973117,HU,,budapest,mapillary,2018-08-06,1.0
850933735460034,raw/mapillary/budapest/images/850933735460034.jpg,47.485793,19.010684,HU,,budapest,mapillary,2018-08-23,1.0
168129455312890,raw/mapillary/budapest/images/168129455312890.jpg,47.510053,18.978874,HU,,budapest,mapillary,2017-07-07,1.0
166916878681107,raw/mapillary/budapest/images/166916878681107.jpg,47.499549,19.090555,HU,,budapest,mapillary,2018-03-11,1.0
1481425950284291,raw/mapillary/prague/images/1481425950284291.jpg,49.959239,14.632324,CZ,,prague,mapillary,2026-03-04,1.0
3511738198971003,raw/mapillary/budapest/images/3511738198971003.jpg,47.541574,18.986065,HU,,budapest,mapillary,2024-11-03,1.0
224757239451119,raw/mapillary/prague/images/224757239451119.jpg,49.962608,14.380797,CZ,,prague,mapillary,2016-04-13,1.0
112100460922727,raw/mapillary/budapest/images/112100460922727.jpg,47.478156,18.974444,HU,,budapest,mapillary,2016-10-31,1.0
335022937989108,raw/mapillary/budapest/images/335022937989108.jpg,47.480452,18.980623,HU,,budapest,mapillary,2019-04-28,1.0
344304027218405,raw/mapillary/budapest/images/344304027218405.jpg,47.499555,19.090249,HU,,budapest,mapillary,2020-01-26,1.0
1081778316355116,raw/mapillary/warsaw/images/1081778316355116.jpg,52.109755,20.996606,PL,,warsaw,mapillary,2024-01-27,1.0
256759432855196,raw/mapillary/budapest/images/256759432855196.jpg,47.520066,18.973418,HU,,budapest,mapillary,2018-08-14,1.0
201554661638513,raw/mapillary/budapest/images/201554661638513.jpg,47.530293,18.97908,HU,,budapest,mapillary,2018-11-05,1.0
907646286633782,raw/mapillary/prague/images/907646286633782.jpg,49.955961,14.464996,CZ,,prague,mapillary,2020-05-26,1.0
915423889190095,raw/mapillary/budapest/images/915423889190095.jpg,47.478108,18.973935,HU,,budapest,mapillary,2016-10-31,1.0
306856340920488,raw/mapillary/budapest/images/306856340920488.jpg,47.510019,18.978796,HU,,budapest,mapillary,2020-12-06,1.0
484761406193795,raw/mapillary/prague/images/484761406193795.jpg,49.960459,14.323707,CZ,,prague,mapillary,2016-12-31,1.0
537030895538183,raw/mapillary/budapest/images/537030895538183.jpg,47.510137,18.97736,HU,,budapest,mapillary,2024-10-05,1.0
1461044954726719,raw/mapillary/prague/images/1461044954726719.jpg,49.966674,14.339222,CZ,,prague,mapillary,2023-07-09,1.0
1496433600923643,raw/mapillary/warsaw/images/1496433600923643.jpg,52.102672,20.99193,PL,,warsaw,mapillary,2024-01-27,1.0
311258067255656,raw/mapillary/budapest/images/311258067255656.jpg,47.530176,18.986962,HU,,budapest,mapillary,2017-12-10,1.0
610311434540816,raw/mapillary/prague/images/610311434540816.jpg,49.966326,14.340693,CZ,,prague,mapillary,2023-07-09,1.0
285743133145615,raw/mapillary/budapest/images/285743133145615.jpg,47.53461,18.990648,HU,,budapest,mapillary,2016-04-10,1.0
449473242815459,raw/mapillary/budapest/images/449473242815459.jpg,47.476461,18.970299,HU,,budapest,mapillary,2016-10-31,1.0
368647424496874,raw/mapillary/budapest/images/368647424496874.jpg,47.532571,18.990187,HU,,budapest,mapillary,2018-01-31,1.0
25247843874866518,raw/mapillary/budapest/images/25247843874866518.jpg,47.486658,19.000803,HU,,budapest,mapillary,2025-12-04,1.0
3792935394087371,raw/mapillary/budapest/images/3792935394087371.jpg,47.474552,18.990594,HU,,budapest,mapillary,2017-04-09,1.0
240987962123602,raw/mapillary/budapest/images/240987962123602.jpg,47.530042,18.983585,HU,,budapest,mapillary,2023-11-20,1.0
330896815313909,raw/mapillary/prague/images/330896815313909.jpg,49.956843,14.530172,CZ,,prague,mapillary,2016-10-01,1.0
928158242087299,raw/mapillary/warsaw/images/928158242087299.jpg,52.100479,20.960672,PL,,warsaw,mapillary,2024-01-27,1.0
1003420861611649,raw/mapillary/warsaw/images/1003420861611649.jpg,52.104073,21.089697,PL,,warsaw,mapillary,2025-01-25,1.0
4141077146136375,raw/mapillary/warsaw/images/4141077146136375.jpg,52.101786,20.876513,PL,,warsaw,mapillary,2025-07-25,1.0
886875629465270,raw/mapillary/warsaw/images/886875629465270.jpg,52.100195,20.854639,PL,,warsaw,mapillary,2023-09-09,1.0
507179250639587,raw/mapillary/budapest/images/507179250639587.jpg,47.510202,18.977233,HU,,budapest,mapillary,2020-10-22,1.0
158379302920714,raw/mapillary/prague/images/158379302920714.jpg,49.959278,14.521112,CZ,,prague,mapillary,2016-10-01,1.0
2801069003440226,raw/mapillary/warsaw/images/2801069003440226.jpg,52.101158,21.064988,PL,,warsaw,mapillary,2021-06-07,1.0
2786356151675810,raw/mapillary/warsaw/images/2786356151675810.jpg,52.10867,20.981123,PL,,warsaw,mapillary,2020-06-30,1.0
305912534371388,raw/mapillary/budapest/images/305912534371388.jpg,47.549726,18.974414,HU,,budapest,mapillary,2017-12-10,1.0
216013740334905,raw/mapillary/budapest/images/216013740334905.jpg,47.530582,18.978735,HU,,budapest,mapillary,2018-07-03,1.0
1756665588284088,raw/mapillary/warsaw/images/1756665588284088.jpg,52.101102,20.866712,PL,,warsaw,mapillary,2025-07-25,1.0
2905043263157067,raw/mapillary/budapest/images/2905043263157067.jpg,47.530193,18.987034,HU,,budapest,mapillary,2020-04-25,1.0
3129114870565156,raw/mapillary/prague/images/3129114870565156.jpg,49.954933,14.326163,CZ,,prague,mapillary,2023-07-09,1.0
506956017115349,raw/mapillary/budapest/images/506956017115349.jpg,47.480125,19.007873,HU,,budapest,mapillary,2018-08-27,1.0
1783894629003110,raw/mapillary/warsaw/images/1783894629003110.jpg,52.102449,21.018782,PL,,warsaw,mapillary,2025-07-05,1.0
3837013686353220,raw/mapillary/prague/images/3837013686353220.jpg,49.960205,14.323223,CZ,,prague,mapillary,2016-10-09,1.0
740943735180008,raw/mapillary/prague/images/740943735180008.jpg,49.952807,14.375866,CZ,,prague,mapillary,2025-07-01,1.0
302360861545290,raw/mapillary/budapest/images/302360861545290.jpg,47.49968,19.090387,HU,,budapest,mapillary,2019-09-21,1.0
1513847942763350,raw/mapillary/warsaw/images/1513847942763350.jpg,52.103661,20.970373,PL,,warsaw,mapillary,2023-09-05,1.0
1848061485375101,raw/mapillary/budapest/images/1848061485375101.jpg,47.499624,19.090141,HU,,budapest,mapillary,2021-04-01,1.0
882206586937097,raw/mapillary/warsaw/images/882206586937097.jpg,52.109266,21.042537,PL,,warsaw,mapillary,2024-01-27,1.0
167958415143324,raw/mapillary/budapest/images/167958415143324.jpg,47.474418,18.990027,HU,,budapest,mapillary,2018-08-20,1.0
485544252697795,raw/mapillary/budapest/images/485544252697795.jpg,47.471975,18.978839,HU,,budapest,mapillary,2019-11-23,1.0
1244635596223256,raw/mapillary/prague/images/1244635596223256.jpg,49.951588,14.391701,CZ,,prague,mapillary,2022-10-26,1.0
1124369584736053,raw/mapillary/prague/images/1124369584736053.jpg,49.966103,14.327596,CZ,,prague,mapillary,2016-10-09,1.0
1049814543664139,raw/mapillary/prague/images/1049814543664139.jpg,49.95435,14.377358,CZ,,prague,mapillary,2025-04-20,1.0
204060998225314,raw/mapillary/budapest/images/204060998225314.jpg,47.499513,19.09001,HU,,budapest,mapillary,2020-12-14,1.0
866143028140401,raw/mapillary/prague/images/866143028140401.jpg,49.958034,14.52903,CZ,,prague,mapillary,2022-10-26,1.0
477287583348556,raw/mapillary/prague/images/477287583348556.jpg,49.951313,14.518247,CZ,,prague,mapillary,2020-05-27,1.0
1010422036704153,raw/mapillary/warsaw/images/1010422036704153.jpg,52.10353,20.970659,PL,,warsaw,mapillary,2023-09-05,1.0
6883197988455655,raw/mapillary/warsaw/images/6883197988455655.jpg,52.106409,20.963521,PL,,warsaw,mapillary,2024-01-27,1.0
1168814030247718,raw/mapillary/budapest/images/1168814030247718.jpg,47.534201,19.00011,HU,,budapest,mapillary,2018-08-30,1.0
3788112127966474,raw/mapillary/prague/images/3788112127966474.jpg,49.955217,14.31983,CZ,,prague,mapillary,2016-10-09,1.0
1258363611711598,raw/mapillary/prague/images/1258363611711598.jpg,49.954537,14.326607,CZ,,prague,mapillary,2023-07-09,1.0
1905590579600772,raw/mapillary/budapest/images/1905590579600772.jpg,47.520152,18.972961,HU,,budapest,mapillary,2018-08-06,1.0
632457939242955,raw/mapillary/warsaw/images/632457939242955.jpg,52.10001,21.066834,PL,,warsaw,mapillary,2025-01-25,1.0
517804032558525,raw/mapillary/budapest/images/517804032558525.jpg,47.53449,18.990477,HU,,budapest,mapillary,2016-04-10,1.0
969124980564528,raw/mapillary/prague/images/969124980564528.jpg,49.958143,14.528918,CZ,,prague,mapillary,2016-10-01,1.0
2938785993063139,raw/mapillary/budapest/images/2938785993063139.jpg,47.490278,19.002246,HU,,budapest,mapillary,2018-08-27,1.0
641556083910519,raw/mapillary/warsaw/images/641556083910519.jpg,52.106016,21.055591,PL,,warsaw,mapillary,2021-06-07,1.0
298287771826693,raw/mapillary/budapest/images/298287771826693.jpg,47.478172,18.975401,HU,,budapest,mapillary,2016-10-31,1.0
157098473049564,raw/mapillary/prague/images/157098473049564.jpg,49.954483,14.320557,CZ,,prague,mapillary,2016-10-09,1.0
895416955610178,raw/mapillary/warsaw/images/895416955610178.jpg,52.100096,20.85176,PL,,warsaw,mapillary,2024-01-24,1.0
530672315008269,raw/mapillary/warsaw/images/530672315008269.jpg,52.101482,20.873352,PL,,warsaw,mapillary,2019-11-03,1.0
827360452322186,raw/mapillary/prague/images/827360452322186.jpg,49.951736,14.329176,CZ,,prague,mapillary,2023-07-09,1.0
223011613997073,raw/mapillary/prague/images/223011613997073.jpg,49.958645,14.393379,CZ,,prague,mapillary,2022-10-26,1.0
122110656593755,raw/mapillary/prague/images/122110656593755.jpg,49.951549,14.518852,CZ,,prague,mapillary,2016-10-01,1.0
1032194828098618,raw/mapillary/prague/images/1032194828098618.jpg,49.952298,14.537368,CZ,,prague,mapillary,2022-10-26,1.0
4385913664787131,raw/mapillary/budapest/images/4385913664787131.jpg,47.51012,18.978211,HU,,budapest,mapillary,2020-12-06,1.0
1098875324873811,raw/mapillary/warsaw/images/1098875324873811.jpg,52.106277,20.99341,PL,,warsaw,mapillary,2024-01-27,1.0
1047019523135416,raw/mapillary/budapest/images/1047019523135416.jpg,47.499687,19.090555,HU,,budapest,mapillary,2023-08-07,1.0
169178421837609,raw/mapillary/warsaw/images/169178421837609.jpg,52.100708,21.065691,PL,,warsaw,mapillary,2021-06-07,1.0
686033300013476,raw/mapillary/prague/images/686033300013476.jpg,49.965586,14.329409,CZ,,prague,mapillary,2023-07-09,1.0
1383402915369030,raw/mapillary/prague/images/1383402915369030.jpg,49.961198,14.381923,CZ,,prague,mapillary,2016-04-13,1.0
1840324119479416,raw/mapillary/budapest/images/1840324119479416.jpg,47.530232,18.987056,HU,,budapest,mapillary,2020-04-25,1.0
853582119517120,raw/mapillary/warsaw/images/853582119517120.jpg,52.100267,20.855537,PL,,warsaw,mapillary,2023-09-09,1.0
889753016410783,raw/mapillary/warsaw/images/889753016410783.jpg,52.104466,21.091053,PL,,warsaw,mapillary,2025-01-25,1.0
2488825397970428,raw/mapillary/budapest/images/2488825397970428.jpg,47.499546,19.09005,HU,,budapest,mapillary,2024-09-05,1.0
229937816834642,raw/mapillary/warsaw/images/229937816834642.jpg,52.106339,21.020125,PL,,warsaw,mapillary,2024-01-27,1.0
2862088890681795,raw/mapillary/warsaw/images/2862088890681795.jpg,52.101086,20.868142,PL,,warsaw,mapillary,2014-10-20,1.0
1503456334748959,raw/mapillary/warsaw/images/1503456334748959.jpg,52.107304,20.932096,PL,,warsaw,mapillary,2026-04-30,1.0
779936826002011,raw/mapillary/warsaw/images/779936826002011.jpg,52.10178,20.877499,PL,,warsaw,mapillary,2019-11-03,1.0
281062160409289,raw/mapillary/budapest/images/281062160409289.jpg,47.530268,19.01608,HU,,budapest,mapillary,2020-04-11,1.0
783201819048302,raw/mapillary/budapest/images/783201819048302.jpg,47.534766,19.000012,HU,,budapest,mapillary,2018-08-30,1.0
1230953027886487,raw/mapillary/budapest/images/1230953027886487.jpg,47.499662,19.090118,HU,,budapest,mapillary,2024-05-27,1.0
249608586939701,raw/mapillary/prague/images/249608586939701.jpg,49.959006,14.520206,CZ,,prague,mapillary,2020-05-27,1.0
547980441641598,raw/mapillary/warsaw/images/547980441641598.jpg,52.101782,20.876394,PL,,warsaw,mapillary,2025-07-25,1.0
1242114229836181,raw/mapillary/prague/images/1242114229836181.jpg,49.967495,14.333829,CZ,,prague,mapillary,2023-07-09,1.0
652680277015184,raw/mapillary/prague/images/652680277015184.jpg,49.958276,14.393156,CZ,,prague,mapillary,2022-10-26,1.0
3453921768152620,raw/mapillary/prague/images/3453921768152620.jpg,49.950511,14.329945,CZ,,prague,mapillary,2023-07-09,1.0
283488290090271,raw/mapillary/budapest/images/283488290090271.jpg,47.520113,18.973147,HU,,budapest,mapillary,2018-08-08,1.0
344388430638639,raw/mapillary/budapest/images/344388430638639.jpg,47.472016,18.978776,HU,,budapest,mapillary,2019-11-23,1.0
771664378921831,raw/mapillary/warsaw/images/771664378921831.jpg,52.107534,20.932238,PL,,warsaw,mapillary,2026-03-01,1.0
309832790808026,raw/mapillary/budapest/images/309832790808026.jpg,47.530507,18.978695,HU,,budapest,mapillary,2019-05-08,1.0
2004094977116563,raw/mapillary/prague/images/2004094977116563.jpg,49.969414,14.386985,CZ,,prague,mapillary,2026-02-01,1.0
1072648211327387,raw/mapillary/budapest/images/1072648211327387.jpg,47.530511,18.997788,HU,,budapest,mapillary,2025-09-05,1.0
1103366470264160,raw/mapillary/budapest/images/1103366470264160.jpg,47.49962,19.090027,HU,,budapest,mapillary,2022-07-24,1.0
6534637309992745,raw/mapillary/warsaw/images/6534637309992745.jpg,52.10344,20.970305,PL,,warsaw,mapillary,2023-09-05,1.0
1607875689719556,raw/mapillary/warsaw/images/1607875689719556.jpg,52.103709,20.970726,PL,,warsaw,mapillary,2023-05-14,1.0
3537795366492775,raw/mapillary/warsaw/images/3537795366492775.jpg,52.106229,21.032579,PL,,warsaw,mapillary,2023-07-07,1.0
676491868202815,raw/mapillary/prague/images/676491868202815.jpg,49.953867,14.376802,CZ,,prague,mapillary,2025-04-20,1.0
424337996597941,raw/mapillary/warsaw/images/424337996597941.jpg,52.102325,21.018652,PL,,warsaw,mapillary,2024-01-27,1.0
1583858952301079,raw/mapillary/warsaw/images/1583858952301079.jpg,52.104698,21.093366,PL,,warsaw,mapillary,2025-01-25,1.0
1072323947283821,raw/mapillary/prague/images/1072323947283821.jpg,49.959637,14.394102,CZ,,prague,mapillary,2022-10-26,1.0
378080636960771,raw/mapillary/prague/images/378080636960771.jpg,49.960486,14.323843,CZ,,prague,mapillary,2016-12-31,1.0
480740761499415,raw/mapillary/budapest/images/480740761499415.jpg,47.510061,18.978296,HU,,budapest,mapillary,2024-09-01,1.0
2118253045610434,raw/mapillary/prague/images/2118253045610434.jpg,49.969475,14.386987,CZ,,prague,mapillary,2026-02-01,1.0
1863939130930537,raw/mapillary/warsaw/images/1863939130930537.jpg,52.107661,20.932253,PL,,warsaw,mapillary,2026-04-30,1.0
872936167511385,raw/mapillary/prague/images/872936167511385.jpg,49.953728,14.535184,CZ,,prague,mapillary,2022-10-26,1.0
299186811750423,raw/mapillary/budapest/images/299186811750423.jpg,47.480789,18.980293,HU,,budapest,mapillary,2018-04-22,1.0
161015582661557,raw/mapillary/prague/images/161015582661557.jpg,49.957821,14.529193,CZ,,prague,mapillary,2016-10-01,1.0
536485330687199,raw/mapillary/warsaw/images/536485330687199.jpg,52.107011,21.090758,PL,,warsaw,mapillary,2021-06-07,1.0
1273965538029554,raw/mapillary/prague/images/1273965538029554.jpg,49.959312,14.632484,CZ,,prague,mapillary,2026-04-15,1.0
3013171685580036,raw/mapillary/budapest/images/3013171685580036.jpg,47.492297,18.979593,HU,,budapest,mapillary,2019-05-12,1.0
4287404327950488,raw/mapillary/budapest/images/4287404327950488.jpg,47.480341,18.980878,HU,,budapest,mapillary,2018-10-14,1.0
5446012722088658,raw/mapillary/warsaw/images/5446012722088658.jpg,52.106528,21.055321,PL,,warsaw,mapillary,2022-08-07,1.0
218218026501707,raw/mapillary/budapest/images/218218026501707.jpg,47.480296,18.978044,HU,,budapest,mapillary,2019-08-11,1.0
466406649856067,raw/mapillary/warsaw/images/466406649856067.jpg,52.104267,21.090332,PL,,warsaw,mapillary,2025-01-25,1.0
2464439620368257,raw/mapillary/budapest/images/2464439620368257.jpg,47.474519,18.990651,HU,,budapest,mapillary,2017-04-09,1.0
1554014878729043,raw/mapillary/warsaw/images/1554014878729043.jpg,52.109715,20.996918,PL,,warsaw,mapillary,2024-01-27,1.0
1612036635660359,raw/mapillary/prague/images/1612036635660359.jpg,49.954209,14.377302,CZ,,prague,mapillary,2019-04-12,1.0
2609181526053857,raw/mapillary/warsaw/images/2609181526053857.jpg,52.101742,20.876997,PL,,warsaw,mapillary,2019-08-17,1.0
767433901912464,raw/mapillary/warsaw/images/767433901912464.jpg,52.109996,21.000974,PL,,warsaw,mapillary,2024-01-27,1.0
1178375172606417,raw/mapillary/budapest/images/1178375172606417.jpg,47.520033,18.973624,HU,,budapest,mapillary,2018-08-14,1.0
933921731520288,raw/mapillary/prague/images/933921731520288.jpg,49.969145,14.386724,CZ,,prague,mapillary,2024-12-08,1.0
288240429610986,raw/mapillary/prague/images/288240429610986.jpg,49.954786,14.377918,CZ,,prague,mapillary,2019-04-12,1.0
1091382409013666,raw/mapillary/warsaw/images/1091382409013666.jpg,52.101848,20.877314,PL,,warsaw,mapillary,2025-07-25,1.0
172162304743488,raw/mapillary/prague/images/172162304743488.jpg,49.959367,14.521265,CZ,,prague,mapillary,2020-05-27,1.0
963579862407675,raw/mapillary/warsaw/images/963579862407675.jpg,52.103215,21.039145,PL,,warsaw,mapillary,2025-01-25,1.0
470675674162693,raw/mapillary/budapest/images/470675674162693.jpg,47.480216,18.970997,HU,,budapest,mapillary,2020-06-30,1.0
1166311344097185,raw/mapillary/warsaw/images/1166311344097185.jpg,52.104024,20.970503,PL,,warsaw,mapillary,2022-09-24,1.0
1517578082394033,raw/mapillary/warsaw/images/1517578082394033.jpg,52.103558,20.970667,PL,,warsaw,mapillary,2023-09-05,1.0
1439715237434709,raw/mapillary/prague/images/1439715237434709.jpg,49.959194,14.632384,CZ,,prague,mapillary,2025-02-22,1.0
2839273922951917,raw/mapillary/budapest/images/2839273922951917.jpg,47.474995,19.010377,HU,,budapest,mapillary,2018-05-24,1.0
893708868152572,raw/mapillary/prague/images/893708868152572.jpg,49.957026,14.464244,CZ,,prague,mapillary,2020-05-26,1.0
1556013994609371,raw/mapillary/budapest/images/1556013994609371.jpg,47.530214,18.979003,HU,,budapest,mapillary,2018-09-03,1.0
140686578050207,raw/mapillary/prague/images/140686578050207.jpg,49.955131,14.319906,CZ,,prague,mapillary,2016-10-09,1.0
911361947373421,raw/mapillary/prague/images/911361947373421.jpg,49.96913,14.38618,CZ,,prague,mapillary,2024-12-08,1.0
1452974898374959,raw/mapillary/budapest/images/1452974898374959.jpg,47.474913,19.010093,HU,,budapest,mapillary,2018-08-27,1.0
520041249405386,raw/mapillary/budapest/images/520041249405386.jpg,47.492204,18.979746,HU,,budapest,mapillary,2019-03-22,1.0
489015142340141,raw/mapillary/budapest/images/489015142340141.jpg,47.490079,19.002399,HU,,budapest,mapillary,2017-05-05,1.0
969868740389172,raw/mapillary/budapest/images/969868740389172.jpg,47.470278,19.000556,HU,,budapest,mapillary,2022-04-12,1.0
372048834230460,raw/mapillary/budapest/images/372048834230460.jpg,47.480217,18.971146,HU,,budapest,mapillary,2020-06-30,1.0
1168026940822289,raw/mapillary/budapest/images/1168026940822289.jpg,47.482464,18.99034,HU,,budapest,mapillary,2023-06-02,1.0
327688215367404,raw/mapillary/prague/images/327688215367404.jpg,49.954033,14.377194,CZ,,prague,mapillary,2017-10-19,1.0
4578261675521335,raw/mapillary/budapest/images/4578261675521335.jpg,47.510123,18.978056,HU,,budapest,mapillary,2020-12-06,1.0
937782600345337,raw/mapillary/budapest/images/937782600345337.jpg,47.471953,18.978869,HU,,budapest,mapillary,2019-11-23,1.0
160658059332758,raw/mapillary/budapest/images/160658059332758.jpg,47.499667,19.090627,HU,,budapest,mapillary,2020-12-14,1.0
353944770326282,raw/mapillary/warsaw/images/353944770326282.jpg,52.109942,21.000328,PL,,warsaw,mapillary,2023-09-07,1.0
229990475170939,raw/mapillary/prague/images/229990475170939.jpg,49.958432,14.322597,CZ,,prague,mapillary,2016-12-31,1.0
1126200609443855,raw/mapillary/warsaw/images/1126200609443855.jpg,52.101593,20.8736,PL,,warsaw,mapillary,2025-07-25,1.0
764877814561091,raw/mapillary/warsaw/images/764877814561091.jpg,52.108758,21.056106,PL,,warsaw,mapillary,2022-08-07,1.0
979278914034305,raw/mapillary/prague/images/979278914034305.jpg,49.969395,14.385516,CZ,,prague,mapillary,2024-12-08,1.0
270212518160606,raw/mapillary/budapest/images/270212518160606.jpg,47.530358,18.979042,HU,,budapest,mapillary,2018-10-02,1.0
395613582987251,raw/mapillary/warsaw/images/395613582987251.jpg,52.1027,20.991927,PL,,warsaw,mapillary,2024-01-27,1.0
803258053643896,raw/mapillary/prague/images/803258053643896.jpg,49.955108,14.320123,CZ,,prague,mapillary,2016-12-31,1.0
522537828748290,raw/mapillary/budapest/images/522537828748290.jpg,47.490025,19.002325,HU,,budapest,mapillary,2018-08-16,1.0
4415468498505784,raw/mapillary/budapest/images/4415468498505784.jpg,47.47,19.0,HU,,budapest,mapillary,2021-06-08,1.0
314790683591939,raw/mapillary/prague/images/314790683591939.jpg,49.953079,14.518009,CZ,,prague,mapillary,2020-05-27,1.0
1411083062558092,raw/mapillary/budapest/images/1411083062558092.jpg,47.480161,19.007772,HU,,budapest,mapillary,2018-08-27,1.0
671721304384427,raw/mapillary/prague/images/671721304384427.jpg,49.967827,14.334493,CZ,,prague,mapillary,2023-07-09,1.0
900871684095362,raw/mapillary/budapest/images/900871684095362.jpg,47.49014,19.002351,HU,,budapest,mapillary,2017-05-05,1.0
828910091166915,raw/mapillary/budapest/images/828910091166915.jpg,47.480325,18.978029,HU,,budapest,mapillary,2019-08-11,1.0
2719573991585163,raw/mapillary/warsaw/images/2719573991585163.jpg,52.100117,20.854172,PL,,warsaw,mapillary,2025-07-23,1.0
1238810947755029,raw/mapillary/prague/images/1238810947755029.jpg,49.955269,14.604852,CZ,,prague,mapillary,2025-06-01,1.0
306887440812834,raw/mapillary/budapest/images/306887440812834.jpg,47.520103,18.973198,HU,,budapest,mapillary,2018-08-08,1.0
1173149386441978,raw/mapillary/budapest/images/1173149386441978.jpg,47.530265,18.997484,HU,,budapest,mapillary,2018-01-30,1.0
1385283862439213,raw/mapillary/warsaw/images/1385283862439213.jpg,52.104778,21.09273,PL,,warsaw,mapillary,2025-01-25,1.0
991625371951437,raw/mapillary/prague/images/991625371951437.jpg,49.958317,14.528776,CZ,,prague,mapillary,2022-10-26,1.0
459232570404720,raw/mapillary/budapest/images/459232570404720.jpg,47.51008,18.977735,HU,,budapest,mapillary,2024-09-01,1.0
549511349894326,raw/mapillary/warsaw/images/549511349894326.jpg,52.100227,20.855501,PL,,warsaw,mapillary,2022-12-02,1.0
324893747331072,raw/mapillary/warsaw/images/324893747331072.jpg,52.107564,20.932217,PL,,warsaw,mapillary,2024-06-05,1.0
159623319501889,raw/mapillary/budapest/images/159623319501889.jpg,47.472998,18.976871,HU,,budapest,mapillary,2018-11-01,1.0
1336521010288671,raw/mapillary/prague/images/1336521010288671.jpg,49.959277,14.632279,CZ,,prague,mapillary,2023-04-01,1.0
1282861229595900,raw/mapillary/warsaw/images/1282861229595900.jpg,52.105041,21.098222,PL,,warsaw,mapillary,2025-01-25,1.0
1177138112801489,raw/mapillary/prague/images/1177138112801489.jpg,49.959106,14.520474,CZ,,prague,mapillary,2020-05-27,1.0
154782386621850,raw/mapillary/prague/images/154782386621850.jpg,49.966267,14.327884,CZ,,prague,mapillary,2016-10-09,1.0
188373806441614,raw/mapillary/budapest/images/188373806441614.jpg,47.520026,18.973676,HU,,budapest,mapillary,2018-08-14,1.0
759139138060054,raw/mapillary/budapest/images/759139138060054.jpg,47.485731,19.010625,HU,,budapest,mapillary,2018-08-23,1.0
1340640183781375,raw/mapillary/warsaw/images/1340640183781375.jpg,52.104304,21.090456,PL,,warsaw,mapillary,2025-01-25,1.0
1168973765151618,raw/mapillary/budapest/images/1168973765151618.jpg,47.530305,18.997642,HU,,budapest,mapillary,2025-09-05,1.0
4188994551158687,raw/mapillary/prague/images/4188994551158687.jpg,49.959432,14.632334,CZ,,prague,mapillary,2017-09-03,1.0
521134390653033,raw/mapillary/budapest/images/521134390653033.jpg,47.510092,18.97763,HU,,budapest,mapillary,2024-10-05,1.0
568306110803637,raw/mapillary/prague/images/568306110803637.jpg,49.955175,14.465477,CZ,,prague,mapillary,2020-05-26,1.0
1412573256004938,raw/mapillary/warsaw/images/1412573256004938.jpg,52.109365,21.042693,PL,,warsaw,mapillary,2024-01-27,1.0
619250558992700,raw/mapillary/warsaw/images/619250558992700.jpg,52.108291,20.980553,PL,,warsaw,mapillary,2020-06-30,1.0
1006717884125531,raw/mapillary/budapest/images/1006717884125531.jpg,47.499663,19.090326,HU,,budapest,mapillary,2024-05-27,1.0
295267468750344,raw/mapillary/budapest/images/295267468750344.jpg,47.534103,18.99006,HU,,budapest,mapillary,2016-04-10,1.0
730590039481485,raw/mapillary/prague/images/730590039481485.jpg,49.953279,14.609071,CZ,,prague,mapillary,2025-06-01,1.0
454988672231815,raw/mapillary/budapest/images/454988672231815.jpg,47.490221,18.979098,HU,,budapest,mapillary,2014-02-23,1.0
745790701517954,raw/mapillary/warsaw/images/745790701517954.jpg,52.101545,20.873241,PL,,warsaw,mapillary,2025-07-25,1.0
4413007745376285,raw/mapillary/budapest/images/4413007745376285.jpg,47.480753,18.980229,HU,,budapest,mapillary,2018-10-06,1.0
8516047278499669,raw/mapillary/warsaw/images/8516047278499669.jpg,52.104252,21.090289,PL,,warsaw,mapillary,2025-01-25,1.0
504497445463069,raw/mapillary/warsaw/images/504497445463069.jpg,52.107593,20.93223,PL,,warsaw,mapillary,2024-06-05,1.0
144537604337318,raw/mapillary/budapest/images/144537604337318.jpg,47.480912,18.980084,HU,,budapest,mapillary,2019-04-28,1.0
1259953292180370,raw/mapillary/prague/images/1259953292180370.jpg,49.960117,14.379364,CZ,,prague,mapillary,2025-07-01,1.0
170890961627158,raw/mapillary/budapest/images/170890961627158.jpg,47.476251,18.970264,HU,,budapest,mapillary,2016-10-31,1.0
1325755378841817,raw/mapillary/warsaw/images/1325755378841817.jpg,52.10073,21.084334,PL,,warsaw,mapillary,2025-01-25,1.0
781962292358801,raw/mapillary/warsaw/images/781962292358801.jpg,52.105271,21.091671,PL,,warsaw,mapillary,2021-06-07,1.0
299649668549703,raw/mapillary/warsaw/images/299649668549703.jpg,52.101175,20.868899,PL,,warsaw,mapillary,2019-11-03,1.0
2568680386857689,raw/mapillary/warsaw/images/2568680386857689.jpg,52.101747,20.875907,PL,,warsaw,mapillary,2025-07-25,1.0
1220513388377682,raw/mapillary/warsaw/images/1220513388377682.jpg,52.108123,21.090211,PL,,warsaw,mapillary,2021-06-07,1.0
824401548511731,raw/mapillary/prague/images/824401548511731.jpg,49.952686,14.51813,CZ,,prague,mapillary,2016-10-01,1.0
2897070577220683,raw/mapillary/prague/images/2897070577220683.jpg,49.953939,14.319889,CZ,,prague,mapillary,2016-10-09,1.0
1153645049456974,raw/mapillary/warsaw/images/1153645049456974.jpg,52.101392,21.084821,PL,,warsaw,mapillary,2025-01-25,1.0
911689080481838,raw/mapillary/warsaw/images/911689080481838.jpg,52.102591,20.991941,PL,,warsaw,mapillary,2024-01-27,1.0
876078537594183,raw/mapillary/warsaw/images/876078537594183.jpg,52.106544,20.963586,PL,,warsaw,mapillary,2024-01-27,1.0
2069785246502247,raw/mapillary/budapest/images/2069785246502247.jpg,47.480487,18.978037,HU,,budapest,mapillary,2019-08-11,1.0
162237719081377,raw/mapillary/budapest/images/162237719081377.jpg,47.477885,18.990075,HU,,budapest,mapillary,2018-08-20,1.0
837485604511973,raw/mapillary/warsaw/images/837485604511973.jpg,52.101115,20.868445,PL,,warsaw,mapillary,2023-09-09,1.0
2922118171450249,raw/mapillary/budapest/images/2922118171450249.jpg,47.530455,18.978865,HU,,budapest,mapillary,2019-05-11,1.0
2994604697479175,raw/mapillary/warsaw/images/2994604697479175.jpg,52.10554,21.056681,PL,,warsaw,mapillary,2021-06-07,1.0
1402200193660267,raw/mapillary/warsaw/images/1402200193660267.jpg,52.101994,20.880444,PL,,warsaw,mapillary,2023-09-09,1.0
3331698170301853,raw/mapillary/warsaw/images/3331698170301853.jpg,52.101213,20.868559,PL,,warsaw,mapillary,2025-07-25,1.0
454430285657805,raw/mapillary/budapest/images/454430285657805.jpg,47.480162,18.971555,HU,,budapest,mapillary,2020-06-30,1.0
1248319267031979,raw/mapillary/prague/images/1248319267031979.jpg,49.959625,14.631904,CZ,,prague,mapillary,2026-04-15,1.0
1163749071990195,raw/mapillary/warsaw/images/1163749071990195.jpg,52.100999,21.084533,PL,,warsaw,mapillary,2025-01-25,1.0
1234045244516003,raw/mapillary/prague/images/1234045244516003.jpg,49.958193,14.633912,CZ,,prague,mapillary,2024-10-31,1.0
1166543841491567,raw/mapillary/warsaw/images/1166543841491567.jpg,52.101647,21.08504,PL,,warsaw,mapillary,2025-01-25,1.0
841474554453525,raw/mapillary/prague/images/841474554453525.jpg,49.95815,14.39308,CZ,,prague,mapillary,2022-10-26,1.0
1389098298663167,raw/mapillary/warsaw/images/1389098298663167.jpg,52.100291,20.85579,PL,,warsaw,mapillary,2023-09-09,1.0
1523995885260741,raw/mapillary/budapest/images/1523995885260741.jpg,47.530491,18.997761,HU,,budapest,mapillary,2025-09-05,1.0
902155890516743,raw/mapillary/budapest/images/902155890516743.jpg,47.474522,18.990652,HU,,budapest,mapillary,2018-11-04,1.0
1143268167189573,raw/mapillary/warsaw/images/1143268167189573.jpg,52.104816,21.092589,PL,,warsaw,mapillary,2025-01-25,1.0
274486958738754,raw/mapillary/warsaw/images/274486958738754.jpg,52.100054,20.853279,PL,,warsaw,mapillary,2023-09-09,1.0
407041671761431,raw/mapillary/warsaw/images/407041671761431.jpg,52.109781,20.996431,PL,,warsaw,mapillary,2024-01-27,1.0
699225132163787,raw/mapillary/warsaw/images/699225132163787.jpg,52.109694,20.996953,PL,,warsaw,mapillary,2023-09-07,1.0
164833412240501,raw/mapillary/budapest/images/164833412240501.jpg,47.510099,18.978156,HU,,budapest,mapillary,2020-10-22,1.0
2845805015736625,raw/mapillary/budapest/images/2845805015736625.jpg,47.478117,18.97398,HU,,budapest,mapillary,2019-08-11,1.0
153175073360966,raw/mapillary/budapest/images/153175073360966.jpg,47.53032,18.978902,HU,,budapest,mapillary,2019-05-08,1.0
3755655381388251,raw/mapillary/warsaw/images/3755655381388251.jpg,52.109937,21.00024,PL,,warsaw,mapillary,2023-09-07,1.0
1155360453056773,raw/mapillary/prague/images/1155360453056773.jpg,49.954128,14.377146,CZ,,prague,mapillary,2025-07-27,1.0
731426917523619,raw/mapillary/budapest/images/731426917523619.jpg,47.534211,18.990157,HU,,budapest,mapillary,2016-04-10,1.0
1131307144023425,raw/mapillary/budapest/images/1131307144023425.jpg,47.474135,18.990239,HU,,budapest,mapillary,2017-01-08,1.0
182766977860184,raw/mapillary/budapest/images/182766977860184.jpg,47.482263,18.990565,HU,,budapest,mapillary,2023-06-02,1.0
1858838018134362,raw/mapillary/warsaw/images/1858838018134362.jpg,52.107825,20.93237,PL,,warsaw,mapillary,2026-03-01,1.0
494726288438990,raw/mapillary/prague/images/494726288438990.jpg,49.952921,14.318207,CZ,,prague,mapillary,2016-12-31,1.0
914254276035717,raw/mapillary/budapest/images/914254276035717.jpg,47.49019,19.00234,HU,,budapest,mapillary,2017-05-05,1.0
516960439447637,raw/mapillary/prague/images/516960439447637.jpg,49.950168,14.315004,CZ,,prague,mapillary,2016-10-09,1.0
854313106238552,raw/mapillary/prague/images/854313106238552.jpg,49.958377,14.528723,CZ,,prague,mapillary,2022-10-26,1.0
1295065071204525,raw/mapillary/warsaw/images/1295065071204525.jpg,52.10394,20.970801,PL,,warsaw,mapillary,2023-12-08,1.0
298516478496922,raw/mapillary/budapest/images/298516478496922.jpg,47.530215,18.97902,HU,,budapest,mapillary,2019-05-08,1.0
797597212381075,raw/mapillary/warsaw/images/797597212381075.jpg,52.103884,21.040498,PL,,warsaw,mapillary,2024-01-27,1.0
3326811650943530,raw/mapillary/prague/images/3326811650943530.jpg,49.95223,14.537466,CZ,,prague,mapillary,2022-10-26,1.0
2578426178948351,raw/mapillary/budapest/images/2578426178948351.jpg,47.477046,18.990633,HU,,budapest,mapillary,2016-03-19,1.0
796663824619232,raw/mapillary/budapest/images/796663824619232.jpg,47.520112,18.973188,HU,,budapest,mapillary,2018-08-14,1.0
329833261872016,raw/mapillary/prague/images/329833261872016.jpg,49.953959,14.376954,CZ,,prague,mapillary,2017-10-01,1.0
177626040929992,raw/mapillary/warsaw/images/177626040929992.jpg,52.109962,21.000456,PL,,warsaw,mapillary,2020-06-30,1.0
489703078936710,raw/mapillary/budapest/images/489703078936710.jpg,47.47432,18.990158,HU,,budapest,mapillary,2020-11-05,1.0
1595903774930696,raw/mapillary/warsaw/images/1595903774930696.jpg,52.103481,20.970654,PL,,warsaw,mapillary,2026-01-10,1.0
1313047416921602,raw/mapillary/prague/images/1313047416921602.jpg,49.960315,14.379278,CZ,,prague,mapillary,2025-07-01,1.0
1465103714050268,raw/mapillary/prague/images/1465103714050268.jpg,49.953137,14.536121,CZ,,prague,mapillary,2022-10-26,1.0
565555771501307,raw/mapillary/warsaw/images/565555771501307.jpg,52.10172,20.876057,PL,,warsaw,mapillary,2017-03-01,1.0
1477278855936946,raw/mapillary/budapest/images/1477278855936946.jpg,47.530137,18.987013,HU,,budapest,mapillary,2020-04-25,1.0
112829871020917,raw/mapillary/warsaw/images/112829871020917.jpg,52.100451,21.066111,PL,,warsaw,mapillary,2021-06-07,1.0
2244951199308789,raw/mapillary/warsaw/images/2244951199308789.jpg,52.101246,20.868827,PL,,warsaw,mapillary,2025-07-25,1.0
1192594275709615,raw/mapillary/warsaw/images/1192594275709615.jpg,52.103416,21.040631,PL,,warsaw,mapillary,2025-01-25,1.0
1861549094533040,raw/mapillary/prague/images/1861549094533040.jpg,49.959425,14.632348,CZ,,prague,mapillary,2026-04-15,1.0
1067329698057810,raw/mapillary/prague/images/1067329698057810.jpg,49.959637,14.632101,CZ,,prague,mapillary,2024-08-02,1.0
3350527995240361,raw/mapillary/warsaw/images/3350527995240361.jpg,52.102963,21.039131,PL,,warsaw,mapillary,2024-01-27,1.0
1604644057601344,raw/mapillary/budapest/images/1604644057601344.jpg,47.541989,18.986346,HU,,budapest,mapillary,2024-11-03,1.0
1258768502273096,raw/mapillary/prague/images/1258768502273096.jpg,49.955215,14.604988,CZ,,prague,mapillary,2025-06-01,1.0
394643324879123,raw/mapillary/budapest/images/394643324879123.jpg,47.480477,18.98068,HU,,budapest,mapillary,2016-10-31,1.0
112676730862467,raw/mapillary/budapest/images/112676730862467.jpg,47.485623,19.010528,HU,,budapest,mapillary,2018-08-23,1.0
245234285287882,raw/mapillary/warsaw/images/245234285287882.jpg,52.106256,21.020127,PL,,warsaw,mapillary,2024-01-27,1.0
947053329440345,raw/mapillary/prague/images/947053329440345.jpg,49.954141,14.377197,CZ,,prague,mapillary,2017-05-21,1.0
699638972157918,raw/mapillary/warsaw/images/699638972157918.jpg,52.101126,20.961002,PL,,warsaw,mapillary,2024-01-27,1.0
1111267906985786,raw/mapillary/warsaw/images/1111267906985786.jpg,52.102782,20.991943,PL,,warsaw,mapillary,2024-01-27,1.0
1430346113973843,raw/mapillary/budapest/images/1430346113973843.jpg,47.549704,18.97829,HU,,budapest,mapillary,2017-08-13,1.0
932743584558009,raw/mapillary/warsaw/images/932743584558009.jpg,52.104439,21.035314,PL,,warsaw,mapillary,2024-01-27,1.0
478179410123871,raw/mapillary/budapest/images/478179410123871.jpg,47.478104,18.974083,HU,,budapest,mapillary,2019-08-11,1.0
1404004700873242,raw/mapillary/prague/images/1404004700873242.jpg,49.954902,14.377973,CZ,,prague,mapillary,2025-07-27,1.0
1155136352466329,raw/mapillary/warsaw/images/1155136352466329.jpg,52.107653,20.932257,PL,,warsaw,mapillary,2024-06-05,1.0
2687391031418855,raw/mapillary/prague/images/2687391031418855.jpg,49.959777,14.394209,CZ,,prague,mapillary,2022-10-26,1.0
197200125405803,raw/mapillary/budapest/images/197200125405803.jpg,47.478182,18.974724,HU,,budapest,mapillary,2016-10-31,1.0
1607025663585507,raw/mapillary/warsaw/images/1607025663585507.jpg,52.104061,20.97095,PL,,warsaw,mapillary,2026-03-01,1.0
1548333019181057,raw/mapillary/warsaw/images/1548333019181057.jpg,52.104788,21.092549,PL,,warsaw,mapillary,2025-01-25,1.0
3802926823149556,raw/mapillary/prague/images/3802926823149556.jpg,49.959692,14.522298,CZ,,prague,mapillary,2020-05-27,1.0
177662917618102,raw/mapillary/prague/images/177662917618102.jpg,49.960505,14.323951,CZ,,prague,mapillary,2016-10-09,1.0
330283561780624,raw/mapillary/prague/images/330283561780624.jpg,49.955237,14.378506,CZ,,prague,mapillary,2019-04-12,1.0
2040048189512717,raw/mapillary/budapest/images/2040048189512717.jpg,47.480378,18.980833,HU,,budapest,mapillary,2016-10-31,1.0
277618070680023,raw/mapillary/prague/images/277618070680023.jpg,49.952352,14.375541,CZ,,prague,mapillary,2016-11-08,1.0
771508160392679,raw/mapillary/prague/images/771508160392679.jpg,49.955434,14.517854,CZ,,prague,mapillary,2020-05-27,1.0
2242565612911379,raw/mapillary/budapest/images/2242565612911379.jpg,47.530228,18.979083,HU,,budapest,mapillary,2025-11-01,1.0
917958241185005,raw/mapillary/prague/images/917958241185005.jpg,49.968216,14.384529,CZ,,prague,mapillary,2026-02-01,1.0
190243859582284,raw/mapillary/budapest/images/190243859582284.jpg,47.530214,18.9792,HU,,budapest,mapillary,2018-10-02,1.0
211159541408350,raw/mapillary/budapest/images/211159541408350.jpg,47.470278,19.000556,HU,,budapest,mapillary,2023-02-16,1.0
1314730812512335,raw/mapillary/warsaw/images/1314730812512335.jpg,52.109948,21.000459,PL,,warsaw,mapillary,2023-09-07,1.0
1376976996017631,raw/mapillary/prague/images/1376976996017631.jpg,49.952483,14.518045,CZ,,prague,mapillary,2020-05-27,1.0
487407235840201,raw/mapillary/prague/images/487407235840201.jpg,49.950101,14.518622,CZ,,prague,mapillary,2020-05-27,1.0
803818951209372,raw/mapillary/prague/images/803818951209372.jpg,49.967843,14.335611,CZ,,prague,mapillary,2023-07-09,1.0
1421452818724281,raw/mapillary/prague/images/1421452818724281.jpg,49.964917,14.328549,CZ,,prague,mapillary,2023-07-09,1.0
1441961980324755,raw/mapillary/warsaw/images/1441961980324755.jpg,52.107269,20.932136,PL,,warsaw,mapillary,2025-06-12,1.0
2170753416388812,raw/mapillary/prague/images/2170753416388812.jpg,49.958255,14.528886,CZ,,prague,mapillary,2016-09-07,1.0
209155920813015,raw/mapillary/prague/images/209155920813015.jpg,49.95493,14.378061,CZ,,prague,mapillary,2019-04-12,1.0
276407575393816,raw/mapillary/prague/images/276407575393816.jpg,49.957793,14.529247,CZ,,prague,mapillary,2022-10-26,1.0
1918845021977822,raw/mapillary/prague/images/1918845021977822.jpg,49.957913,14.529138,CZ,,prague,mapillary,2022-10-26,1.0
6923771511044486,raw/mapillary/budapest/images/6923771511044486.jpg,47.530029,18.983581,HU,,budapest,mapillary,2023-11-20,1.0
1953010314896836,raw/mapillary/warsaw/images/1953010314896836.jpg,52.102911,21.054338,PL,,warsaw,mapillary,2022-08-07,1.0
1483957115845622,raw/mapillary/warsaw/images/1483957115845622.jpg,52.10931,21.042643,PL,,warsaw,mapillary,2024-01-27,1.0
1969322409899528,raw/mapillary/budapest/images/1969322409899528.jpg,47.53025,18.979086,HU,,budapest,mapillary,2017-05-14,1.0
896745597559126,raw/mapillary/warsaw/images/896745597559126.jpg,52.104478,21.090889,PL,,warsaw,mapillary,2018-09-23,1.0
930500237804860,raw/mapillary/budapest/images/930500237804860.jpg,47.534193,18.990168,HU,,budapest,mapillary,2016-04-10,1.0
155795453188992,raw/mapillary/prague/images/155795453188992.jpg,49.960361,14.323263,CZ,,prague,mapillary,2016-12-31,1.0
595584712139911,raw/mapillary/warsaw/images/595584712139911.jpg,52.108421,21.057048,PL,,warsaw,mapillary,2022-08-07,1.0
844234039507066,raw/mapillary/warsaw/images/844234039507066.jpg,52.100162,20.85461,PL,,warsaw,mapillary,2019-11-03,1.0
938738090548978,raw/mapillary/prague/images/938738090548978.jpg,49.954834,14.32627,CZ,,prague,mapillary,2023-07-09,1.0
1131501828796969,raw/mapillary/budapest/images/1131501828796969.jpg,47.4865,19.000506,HU,,budapest,mapillary,2025-12-04,1.0
1084007586668098,raw/mapillary/warsaw/images/1084007586668098.jpg,52.103674,20.970719,PL,,warsaw,mapillary,2024-09-19,1.0
1895826747262355,raw/mapillary/budapest/images/1895826747262355.jpg,47.530238,18.979027,HU,,budapest,mapillary,2019-06-01,1.0
302604482564301,raw/mapillary/budapest/images/302604482564301.jpg,47.499499,19.090424,HU,,budapest,mapillary,2023-10-19,1.0
1115711710574774,raw/mapillary/prague/images/1115711710574774.jpg,49.969419,14.385334,CZ,,prague,mapillary,2026-02-01,1.0
1015230379218678,raw/mapillary/warsaw/images/1015230379218678.jpg,52.101275,20.869755,PL,,warsaw,mapillary,2020-07-03,1.0
2860065597577840,raw/mapillary/prague/images/2860065597577840.jpg,49.960289,14.32328,CZ,,prague,mapillary,2016-10-09,1.0
276476471467985,raw/mapillary/prague/images/276476471467985.jpg,49.950808,14.391751,CZ,,prague,mapillary,2022-10-26,1.0
1355144305155312,raw/mapillary/budapest/images/1355144305155312.jpg,47.499657,19.090112,HU,,budapest,mapillary,2024-05-27,1.0
810245497967319,raw/mapillary/budapest/images/810245497967319.jpg,47.510075,18.977998,HU,,budapest,mapillary,2024-09-01,1.0
1404128885049589,raw/mapillary/budapest/images/1404128885049589.jpg,47.499763,19.090282,HU,,budapest,mapillary,2025-09-24,1.0
333908181496983,raw/mapillary/budapest/images/333908181496983.jpg,47.474332,18.990134,HU,,budapest,mapillary,2018-08-20,1.0
1667048007344094,raw/mapillary/warsaw/images/1667048007344094.jpg,52.107556,20.932261,PL,,warsaw,mapillary,2025-06-12,1.0
549189672746232,raw/mapillary/prague/images/549189672746232.jpg,49.950232,14.518553,CZ,,prague,mapillary,2020-05-27,1.0
582975937945636,raw/mapillary/warsaw/images/582975937945636.jpg,52.100377,21.084132,PL,,warsaw,mapillary,2025-01-25,1.0
2887443244877738,raw/mapillary/budapest/images/2887443244877738.jpg,47.530317,18.978965,HU,,budapest,mapillary,2019-05-08,1.0
711435277760424,raw/mapillary/warsaw/images/711435277760424.jpg,52.109287,21.042568,PL,,warsaw,mapillary,2024-01-27,1.0
2885345028386446,raw/mapillary/warsaw/images/2885345028386446.jpg,52.109977,21.000717,PL,,warsaw,mapillary,2020-06-30,1.0
470177151626810,raw/mapillary/warsaw/images/470177151626810.jpg,52.103686,21.054571,PL,,warsaw,mapillary,2022-08-07,1.0
240362955502080,raw/mapillary/prague/images/240362955502080.jpg,49.967849,14.335424,CZ,,prague,mapillary,2023-07-09,1.0
2053901784971738,raw/mapillary/prague/images/2053901784971738.jpg,49.966468,14.339771,CZ,,prague,mapillary,2023-07-09,1.0
162350895744247,raw/mapillary/budapest/images/162350895744247.jpg,47.480114,18.971971,HU,,budapest,mapillary,2020-06-30,1.0
4039269592826493,raw/mapillary/prague/images/4039269592826493.jpg,49.958044,14.518654,CZ,,prague,mapillary,2020-05-27,1.0
2274501232726708,raw/mapillary/warsaw/images/2274501232726708.jpg,52.10979,21.055643,PL,,warsaw,mapillary,2022-08-07,1.0
1017192399504981,raw/mapillary/budapest/images/1017192399504981.jpg,47.499507,19.090164,HU,,budapest,mapillary,2023-10-19,1.0
928613315790076,raw/mapillary/prague/images/928613315790076.jpg,49.959614,14.632199,CZ,,prague,mapillary,2024-10-31,1.0
1656816724877148,raw/mapillary/prague/images/1656816724877148.jpg,49.969267,14.386494,CZ,,prague,mapillary,2024-12-08,1.0
526969396412795,raw/mapillary/warsaw/images/526969396412795.jpg,52.103047,21.038838,PL,,warsaw,mapillary,2024-09-12,1.0
266420678553401,raw/mapillary/budapest/images/266420678553401.jpg,47.478171,18.975042,HU,,budapest,mapillary,2016-10-31,1.0
1739892283170096,raw/mapillary/warsaw/images/1739892283170096.jpg,52.106679,20.96365,PL,,warsaw,mapillary,2024-01-27,1.0
1087443626198399,raw/mapillary/prague/images/1087443626198399.jpg,49.969159,14.386169,CZ,,prague,mapillary,2024-12-08,1.0
3014088665504188,raw/mapillary/prague/images/3014088665504188.jpg,49.958019,14.322157,CZ,,prague,mapillary,2016-12-31,1.0
213194346923161,raw/mapillary/budapest/images/213194346923161.jpg,47.53416,18.990137,HU,,budapest,mapillary,2016-04-10,1.0
429064936236822,raw/mapillary/warsaw/images/429064936236822.jpg,52.103531,20.970682,PL,,warsaw,mapillary,2024-02-18,1.0
1003435927350153,raw/mapillary/prague/images/1003435927350153.jpg,49.966325,14.3409,CZ,,prague,mapillary,2023-07-09,1.0
867728171998326,raw/mapillary/budapest/images/867728171998326.jpg,47.510073,18.977868,HU,,budapest,mapillary,2024-09-01,1.0
293142003222248,raw/mapillary/prague/images/293142003222248.jpg,49.967683,14.336421,CZ,,prague,mapillary,2023-07-09,1.0
573599428226451,raw/mapillary/prague/images/573599428226451.jpg,49.951748,14.391707,CZ,,prague,mapillary,2022-10-26,1.0
1672817217056457,raw/mapillary/prague/images/1672817217056457.jpg,49.959538,14.632213,CZ,,prague,mapillary,2026-04-15,1.0
1315160159109438,raw/mapillary/budapest/images/1315160159109438.jpg,47.499497,19.090559,HU,,budapest,mapillary,2023-10-19,1.0
324934122373353,raw/mapillary/warsaw/images/324934122373353.jpg,52.101251,21.064863,PL,,warsaw,mapillary,2021-06-07,1.0
3861270157485777,raw/mapillary/prague/images/3861270157485777.jpg,49.969144,14.38597,CZ,,prague,mapillary,2024-12-08,1.0
532332397784892,raw/mapillary/budapest/images/532332397784892.jpg,47.474971,19.010229,HU,,budapest,mapillary,2018-08-27,1.0
617999183976073,raw/mapillary/warsaw/images/617999183976073.jpg,52.104856,21.096893,PL,,warsaw,mapillary,2025-01-25,1.0
661084855489483,raw/mapillary/warsaw/images/661084855489483.jpg,52.103599,21.040184,PL,,warsaw,mapillary,2023-07-07,1.0
324556306850867,raw/mapillary/prague/images/324556306850867.jpg,49.95357,14.392027,CZ,,prague,mapillary,2022-10-26,1.0
659983915848715,raw/mapillary/prague/images/659983915848715.jpg,49.957968,14.52917,CZ,,prague,mapillary,2023-08-21,1.0
319658236188725,raw/mapillary/prague/images/319658236188725.jpg,49.953678,14.376823,CZ,,prague,mapillary,2019-04-12,1.0
1881004215868750,raw/mapillary/prague/images/1881004215868750.jpg,49.969944,14.387325,CZ,,prague,mapillary,2026-02-01,1.0
194100165771264,raw/mapillary/budapest/images/194100165771264.jpg,47.490093,19.002305,HU,,budapest,mapillary,2018-08-27,1.0
518727912826229,raw/mapillary/budapest/images/518727912826229.jpg,47.510176,18.977731,HU,,budapest,mapillary,2017-07-07,1.0
797427902173178,raw/mapillary/warsaw/images/797427902173178.jpg,52.105707,21.035076,PL,,warsaw,mapillary,2023-07-07,1.0
198509593211466,raw/mapillary/prague/images/198509593211466.jpg,49.951327,14.391703,CZ,,prague,mapillary,2022-10-26,1.0
879941730689637,raw/mapillary/budapest/images/879941730689637.jpg,47.510015,18.97861,HU,,budapest,mapillary,2024-09-01,1.0
865898440947872,raw/mapillary/prague/images/865898440947872.jpg,49.966188,14.327739,CZ,,prague,mapillary,2016-10-09,1.0
493852911930618,raw/mapillary/prague/images/493852911930618.jpg,49.953634,14.319533,CZ,,prague,mapillary,2016-10-09,1.0
211464720570524,raw/mapillary/warsaw/images/211464720570524.jpg,52.109686,20.997209,PL,,warsaw,mapillary,2020-06-30,1.0
1567046104186603,raw/mapillary/budapest/images/1567046104186603.jpg,47.54162,18.986084,HU,,budapest,mapillary,2024-11-03,1.0
163130312416302,raw/mapillary/budapest/images/163130312416302.jpg,47.480058,18.978127,HU,,budapest,mapillary,2020-06-30,1.0
509202424489998,raw/mapillary/warsaw/images/509202424489998.jpg,52.101776,20.877022,PL,,warsaw,mapillary,2022-12-02,1.0
1588838708812387,raw/mapillary/warsaw/images/1588838708812387.jpg,52.10411,20.970896,PL,,warsaw,mapillary,2026-01-10,1.0
828966021039550,raw/mapillary/budapest/images/828966021039550.jpg,47.493825,18.979738,HU,,budapest,mapillary,2019-03-22,1.0
558182180332259,raw/mapillary/prague/images/558182180332259.jpg,49.969262,14.385607,CZ,,prague,mapillary,2024-12-08,1.0
811073272945871,raw/mapillary/budapest/images/811073272945871.jpg,47.510124,18.977901,HU,,budapest,mapillary,2020-12-06,1.0
979730877540683,raw/mapillary/warsaw/images/979730877540683.jpg,52.100073,21.066923,PL,,warsaw,mapillary,2025-01-25,1.0
891612965812064,raw/mapillary/prague/images/891612965812064.jpg,49.959373,14.393902,CZ,,prague,mapillary,2022-10-26,1.0
374476641587914,raw/mapillary/prague/images/374476641587914.jpg,49.957808,14.529234,CZ,,prague,mapillary,2022-10-26,1.0
1142522480072190,raw/mapillary/warsaw/images/1142522480072190.jpg,52.102748,21.038793,PL,,warsaw,mapillary,2024-01-27,1.0
257034477308765,raw/mapillary/warsaw/images/257034477308765.jpg,52.100016,20.852881,PL,,warsaw,mapillary,2023-09-09,1.0
303653921359429,raw/mapillary/prague/images/303653921359429.jpg,49.952464,14.37817,CZ,,prague,mapillary,2016-04-13,1.0
1297995197530926,raw/mapillary/warsaw/images/1297995197530926.jpg,52.103246,20.97025,PL,,warsaw,mapillary,2023-09-05,1.0
237973406017756,raw/mapillary/warsaw/images/237973406017756.jpg,52.109712,20.997006,PL,,warsaw,mapillary,2024-01-27,1.0
1127669422238075,raw/mapillary/warsaw/images/1127669422238075.jpg,52.100042,21.083823,PL,,warsaw,mapillary,2025-01-25,1.0
3190000794643028,raw/mapillary/warsaw/images/3190000794643028.jpg,52.100145,20.854419,PL,,warsaw,mapillary,2024-01-08,1.0
160113936137216,raw/mapillary/warsaw/images/160113936137216.jpg,52.106623,21.051661,PL,,warsaw,mapillary,2021-06-07,1.0
1385132839137001,raw/mapillary/warsaw/images/1385132839137001.jpg,52.104876,21.097082,PL,,warsaw,mapillary,2025-01-25,1.0
740392608030765,raw/mapillary/warsaw/images/740392608030765.jpg,52.10693,20.993347,PL,,warsaw,mapillary,2024-01-27,1.0
526504951846047,raw/mapillary/budapest/images/526504951846047.jpg,47.480781,18.980193,HU,,budapest,mapillary,2018-10-06,1.0
1030739028512840,raw/mapillary/warsaw/images/1030739028512840.jpg,52.102173,21.037497,PL,,warsaw,mapillary,2024-09-12,1.0
793041915473001,raw/mapillary/warsaw/images/793041915473001.jpg,52.1082,21.057675,PL,,warsaw,mapillary,2022-08-07,1.0
549392968269241,raw/mapillary/budapest/images/549392968269241.jpg,47.4865,19.000511,HU,,budapest,mapillary,2025-12-04,1.0
186097120470323,raw/mapillary/warsaw/images/186097120470323.jpg,52.109925,21.055591,PL,,warsaw,mapillary,2022-08-07,1.0
1276089884386456,raw/mapillary/warsaw/images/1276089884386456.jpg,52.103996,20.970922,PL,,warsaw,mapillary,2026-03-01,1.0
510014318860925,raw/mapillary/prague/images/510014318860925.jpg,49.969142,14.386418,CZ,,prague,mapillary,2024-12-08,1.0
3103503749885366,raw/mapillary/budapest/images/3103503749885366.jpg,47.477117,18.990054,HU,,budapest,mapillary,2016-03-19,1.0
292621482487544,raw/mapillary/budapest/images/292621482487544.jpg,47.530345,18.978867,HU,,budapest,mapillary,2019-05-08,1.0
1093374575405651,raw/mapillary/prague/images/1093374575405651.jpg,49.969118,14.386143,CZ,,prague,mapillary,2024-12-08,1.0
653624186956470,raw/mapillary/prague/images/653624186956470.jpg,49.958258,14.52883,CZ,,prague,mapillary,2022-10-26,1.0
729246159664825,raw/mapillary/warsaw/images/729246159664825.jpg,52.107526,20.932249,PL,,warsaw,mapillary,2025-06-12,1.0
6634329883298998,raw/mapillary/prague/images/6634329883298998.jpg,49.95689,14.324301,CZ,,prague,mapillary,2023-07-09,1.0
864983701984745,raw/mapillary/warsaw/images/864983701984745.jpg,52.107691,21.040128,PL,,warsaw,mapillary,2024-01-27,1.0
1107564596902701,raw/mapillary/prague/images/1107564596902701.jpg,49.952283,14.53739,CZ,,prague,mapillary,2022-10-26,1.0
2053816712141941,raw/mapillary/prague/images/2053816712141941.jpg,49.959467,14.632201,CZ,,prague,mapillary,2026-03-05,1.0
1536718153201081,raw/mapillary/budapest/images/1536718153201081.jpg,47.530475,18.978853,HU,,budapest,mapillary,2020-04-09,1.0
761335837913515,raw/mapillary/budapest/images/761335837913515.jpg,47.543806,18.974466,HU,,budapest,mapillary,2020-11-18,1.0
1059081589729537,raw/mapillary/prague/images/1059081589729537.jpg,49.969548,14.385415,CZ,,prague,mapillary,2026-02-01,1.0
8421682404628051,raw/mapillary/prague/images/8421682404628051.jpg,49.969137,14.386772,CZ,,prague,mapillary,2024-12-08,1.0
712318163678856,raw/mapillary/prague/images/712318163678856.jpg,49.953762,14.535129,CZ,,prague,mapillary,2022-10-26,1.0
1103687350138935,raw/mapillary/prague/images/1103687350138935.jpg,49.950141,14.315125,CZ,,prague,mapillary,2016-12-31,1.0
1152531916664631,raw/mapillary/warsaw/images/1152531916664631.jpg,52.10149,20.872475,PL,,warsaw,mapillary,2025-07-25,1.0
2960855917386342,raw/mapillary/prague/images/2960855917386342.jpg,49.960314,14.37905,CZ,,prague,mapillary,2025-04-20,1.0
509584233511316,raw/mapillary/prague/images/509584233511316.jpg,49.960352,14.379079,CZ,,prague,mapillary,2019-04-12,1.0
1503162056695356,raw/mapillary/warsaw/images/1503162056695356.jpg,52.100171,20.855585,PL,,warsaw,mapillary,2019-08-17,1.0
592633170065464,raw/mapillary/warsaw/images/592633170065464.jpg,52.102949,21.038736,PL,,warsaw,mapillary,2025-01-25,1.0
637902955227713,raw/mapillary/prague/images/637902955227713.jpg,49.969449,14.386913,CZ,,prague,mapillary,2024-12-08,1.0
1207917376309790,raw/mapillary/budapest/images/1207917376309790.jpg,47.487167,19.01018,HU,,budapest,mapillary,2016-03-19,1.0
1699806694509826,raw/mapillary/prague/images/1699806694509826.jpg,49.959357,14.632217,CZ,,prague,mapillary,2026-04-15,1.0
361465596831931,raw/mapillary/warsaw/images/361465596831931.jpg,52.103001,21.039195,PL,,warsaw,mapillary,2024-01-27,1.0
2869577213307011,raw/mapillary/budapest/images/2869577213307011.jpg,47.478509,18.980223,HU,,budapest,mapillary,2018-09-18,1.0
1396090364631905,raw/mapillary/warsaw/images/1396090364631905.jpg,52.101256,20.870965,PL,,warsaw,mapillary,2024-01-24,1.0
1019372447038361,raw/mapillary/prague/images/1019372447038361.jpg,49.955018,14.605474,CZ,,prague,mapillary,2025-06-01,1.0
1688150111708201,raw/mapillary/warsaw/images/1688150111708201.jpg,52.10026,20.855326,PL,,warsaw,mapillary,2023-09-09,1.0
370858275454184,raw/mapillary/prague/images/370858275454184.jpg,49.958483,14.528628,CZ,,prague,mapillary,2022-10-26,1.0
1099074364486183,raw/mapillary/budapest/images/1099074364486183.jpg,47.499663,19.090492,HU,,budapest,mapillary,2024-05-27,1.0
499005058011379,raw/mapillary/budapest/images/499005058011379.jpg,47.54444,18.973035,HU,,budapest,mapillary,2020-11-18,1.0
1149787102764056,raw/mapillary/budapest/images/1149787102764056.jpg,47.510202,18.976963,HU,,budapest,mapillary,2024-09-01,1.0
799259608332341,raw/mapillary/prague/images/799259608332341.jpg,49.967847,14.335513,CZ,,prague,mapillary,2023-07-09,1.0
9385168328173187,raw/mapillary/warsaw/images/9385168328173187.jpg,52.104711,21.093236,PL,,warsaw,mapillary,2025-01-25,1.0
1327768617854376,raw/mapillary/prague/images/1327768617854376.jpg,49.951948,14.391725,CZ,,prague,mapillary,2022-10-26,1.0
1521555734967290,raw/mapillary/warsaw/images/1521555734967290.jpg,52.100376,21.053951,PL,,warsaw,mapillary,2022-08-07,1.0
799387564089953,raw/mapillary/prague/images/799387564089953.jpg,49.951333,14.518236,CZ,,prague,mapillary,2020-05-27,1.0
668128684393480,raw/mapillary/budapest/images/668128684393480.jpg,47.48,18.978056,HU,,budapest,mapillary,2022-03-05,1.0
1947556208725764,raw/mapillary/prague/images/1947556208725764.jpg,49.959491,14.462075,CZ,,prague,mapillary,2020-05-26,1.0
4002172589852380,raw/mapillary/budapest/images/4002172589852380.jpg,47.480219,18.971288,HU,,budapest,mapillary,2020-06-30,1.0
1627213148111729,raw/mapillary/budapest/images/1627213148111729.jpg,47.499662,19.090075,HU,,budapest,mapillary,2024-05-27,1.0
821969958441127,raw/mapillary/prague/images/821969958441127.jpg,49.964982,14.326627,CZ,,prague,mapillary,2016-10-09,1.0
1577241646286197,raw/mapillary/warsaw/images/1577241646286197.jpg,52.101039,21.084599,PL,,warsaw,mapillary,2025-01-25,1.0
624409483495150,raw/mapillary/warsaw/images/624409483495150.jpg,52.10089,21.084454,PL,,warsaw,mapillary,2025-01-25,1.0
294329549638918,raw/mapillary/prague/images/294329549638918.jpg,49.966575,14.339359,CZ,,prague,mapillary,2023-07-09,1.0
772031570536454,raw/mapillary/warsaw/images/772031570536454.jpg,52.103386,20.970271,PL,,warsaw,mapillary,2022-09-24,1.0
1803922816983160,raw/mapillary/prague/images/1803922816983160.jpg,49.95511,14.378153,CZ,,prague,mapillary,2026-01-12,1.0
2027892110882653,raw/mapillary/prague/images/2027892110882653.jpg,49.956497,14.324573,CZ,,prague,mapillary,2023-07-09,1.0
1084823603434280,raw/mapillary/budapest/images/1084823603434280.jpg,47.499764,19.090159,HU,,budapest,mapillary,2025-09-24,1.0
1928853334306066,raw/mapillary/warsaw/images/1928853334306066.jpg,52.104715,21.093192,PL,,warsaw,mapillary,2025-01-25,1.0
1941746115988145,raw/mapillary/prague/images/1941746115988145.jpg,49.957851,14.529238,CZ,,prague,mapillary,2016-08-28,1.0
363642458420880,raw/mapillary/budapest/images/363642458420880.jpg,47.478093,18.974085,HU,,budapest,mapillary,2016-10-31,1.0
1291963331477892,raw/mapillary/warsaw/images/1291963331477892.jpg,52.103639,20.970308,PL,,warsaw,mapillary,2024-01-19,1.0
796930901187163,raw/mapillary/warsaw/images/796930901187163.jpg,52.101732,20.876207,PL,,warsaw,mapillary,2020-07-03,1.0
1382758152959091,raw/mapillary/prague/images/1382758152959091.jpg,49.955323,14.604712,CZ,,prague,mapillary,2025-06-01,1.0
463689484926376,raw/mapillary/prague/images/463689484926376.jpg,49.957855,14.463427,CZ,,prague,mapillary,2020-05-26,1.0
915148516459002,raw/mapillary/warsaw/images/915148516459002.jpg,52.102509,20.991942,PL,,warsaw,mapillary,2024-01-27,1.0
3673955759591841,raw/mapillary/warsaw/images/3673955759591841.jpg,52.103822,21.040409,PL,,warsaw,mapillary,2024-01-27,1.0
962321508319980,raw/mapillary/prague/images/962321508319980.jpg,49.967853,14.334559,CZ,,prague,mapillary,2023-07-09,1.0
674970344195268,raw/mapillary/prague/images/674970344195268.jpg,49.952316,14.537449,CZ,,prague,mapillary,2023-08-21,1.0
4087137628197674,raw/mapillary/prague/images/4087137628197674.jpg,49.953483,14.608707,CZ,,prague,mapillary,2025-06-01,1.0
518069252869195,raw/mapillary/prague/images/518069252869195.jpg,49.955582,14.320185,CZ,,prague,mapillary,2016-12-31,1.0
240328731660735,raw/mapillary/prague/images/240328731660735.jpg,49.950465,14.329976,CZ,,prague,mapillary,2023-07-09,1.0
472434647197252,raw/mapillary/prague/images/472434647197252.jpg,49.959643,14.522141,CZ,,prague,mapillary,2020-05-27,1.0
653408556638472,raw/mapillary/prague/images/653408556638472.jpg,49.959404,14.393925,CZ,,prague,mapillary,2022-10-26,1.0
300084932942844,raw/mapillary/prague/images/300084932942844.jpg,49.953097,14.391934,CZ,,prague,mapillary,2022-10-26,1.0
501217865963404,raw/mapillary/budapest/images/501217865963404.jpg,47.510072,18.978141,HU,,budapest,mapillary,2024-09-01,1.0
566456699086894,raw/mapillary/prague/images/566456699086894.jpg,49.959429,14.632426,CZ,,prague,mapillary,2024-10-31,1.0
504841023991772,raw/mapillary/budapest/images/504841023991772.jpg,47.52018,18.97278,HU,,budapest,mapillary,2018-08-06,1.0
522790565754738,raw/mapillary/prague/images/522790565754738.jpg,49.950206,14.518565,CZ,,prague,mapillary,2020-05-27,1.0
1550274559073702,raw/mapillary/prague/images/1550274559073702.jpg,49.950866,14.391742,CZ,,prague,mapillary,2022-10-26,1.0
544544846527633,raw/mapillary/budapest/images/544544846527633.jpg,47.480914,18.980143,HU,,budapest,mapillary,2016-10-31,1.0
299142768344032,raw/mapillary/budapest/images/299142768344032.jpg,47.510172,18.978166,HU,,budapest,mapillary,2018-09-09,1.0
1890663324444818,raw/mapillary/budapest/images/1890663324444818.jpg,47.530387,18.978813,HU,,budapest,mapillary,2018-09-03,1.0
797626575075025,raw/mapillary/budapest/images/797626575075025.jpg,47.482362,18.990482,HU,,budapest,mapillary,2023-06-02,1.0
481389833007839,raw/mapillary/prague/images/481389833007839.jpg,49.952017,14.375304,CZ,,prague,mapillary,2016-11-08,1.0
1226175227816999,raw/mapillary/budapest/images/1226175227816999.jpg,47.53049,18.978904,HU,,budapest,mapillary,2018-10-02,1.0
844028446198699,raw/mapillary/prague/images/844028446198699.jpg,49.959783,14.522582,CZ,,prague,mapillary,2020-05-27,1.0
958504769147757,raw/mapillary/warsaw/images/958504769147757.jpg,52.100821,21.084444,PL,,warsaw,mapillary,2025-01-25,1.0
1250729782472793,raw/mapillary/prague/images/1250729782472793.jpg,49.950229,14.33012,CZ,,prague,mapillary,2023-07-09,1.0
972394160255050,raw/mapillary/prague/images/972394160255050.jpg,49.959348,14.632274,CZ,,prague,mapillary,2018-07-06,1.0
760487966293444,raw/mapillary/warsaw/images/760487966293444.jpg,52.107535,20.932204,PL,,warsaw,mapillary,2024-06-05,1.0
1269791993769533,raw/mapillary/prague/images/1269791993769533.jpg,49.950559,14.391796,CZ,,prague,mapillary,2022-10-26,1.0
1071119625123037,raw/mapillary/warsaw/images/1071119625123037.jpg,52.101289,20.869606,PL,,warsaw,mapillary,2025-07-25,1.0
1417455576234520,raw/mapillary/prague/images/1417455576234520.jpg,49.952469,14.375566,CZ,,prague,mapillary,2025-07-01,1.0
996988248761021,raw/mapillary/warsaw/images/996988248761021.jpg,52.107321,20.932117,PL,,warsaw,mapillary,2024-06-05,1.0
1249656039683790,raw/mapillary/prague/images/1249656039683790.jpg,49.959602,14.632214,CZ,,prague,mapillary,2024-10-31,1.0
170279024998505,raw/mapillary/budapest/images/170279024998505.jpg,47.530288,18.979022,HU,,budapest,mapillary,2016-03-28,1.0
2252694064921170,raw/mapillary/prague/images/2252694064921170.jpg,49.951004,14.391726,CZ,,prague,mapillary,2022-10-26,1.0
1029298614981391,raw/mapillary/prague/images/1029298614981391.jpg,49.958228,14.528857,CZ,,prague,mapillary,2022-10-26,1.0
628802781849024,raw/mapillary/budapest/images/628802781849024.jpg,47.510094,18.978744,HU,,budapest,mapillary,2017-07-07,1.0
1841442909620467,raw/mapillary/prague/images/1841442909620467.jpg,49.959435,14.393949,CZ,,prague,mapillary,2022-10-26,1.0
311589441464141,raw/mapillary/warsaw/images/311589441464141.jpg,52.101772,20.87718,PL,,warsaw,mapillary,2023-09-09,1.0
162962605762705,raw/mapillary/warsaw/images/162962605762705.jpg,52.100133,20.855004,PL,,warsaw,mapillary,2019-08-17,1.0
200356475234445,raw/mapillary/budapest/images/200356475234445.jpg,47.530459,18.978733,HU,,budapest,mapillary,2018-09-03,1.0
838957301013729,raw/mapillary/prague/images/838957301013729.jpg,49.959174,14.323601,CZ,,prague,mapillary,2023-07-09,1.0
2340720806120387,raw/mapillary/prague/images/2340720806120387.jpg,49.958677,14.3934,CZ,,prague,mapillary,2022-10-26,1.0
1136480133531255,raw/mapillary/prague/images/1136480133531255.jpg,49.958215,14.518845,CZ,,prague,mapillary,2020-05-27,1.0
458859832109903,raw/mapillary/prague/images/458859832109903.jpg,49.959302,14.382747,CZ,,prague,mapillary,2016-04-13,1.0
1652759061586584,raw/mapillary/budapest/images/1652759061586584.jpg,47.520096,18.973264,HU,,budapest,mapillary,2018-08-14,1.0
1310587410081011,raw/mapillary/warsaw/images/1310587410081011.jpg,52.104782,21.092929,PL,,warsaw,mapillary,2025-01-25,1.0
1241924823906248,raw/mapillary/warsaw/images/1241924823906248.jpg,52.103788,20.970761,PL,,warsaw,mapillary,2024-09-19,1.0
2843325855889172,raw/mapillary/prague/images/2843325855889172.jpg,49.952198,14.520416,CZ,,prague,mapillary,2015-11-14,1.0
115890717201072,raw/mapillary/budapest/images/115890717201072.jpg,47.478133,18.975682,HU,,budapest,mapillary,2018-09-29,1.0
429890800098995,raw/mapillary/prague/images/429890800098995.jpg,49.952723,14.609626,CZ,,prague,mapillary,2024-08-28,1.0
240110401240493,raw/mapillary/budapest/images/240110401240493.jpg,47.530278,18.979097,HU,,budapest,mapillary,2018-11-05,1.0
103560772428255,raw/mapillary/warsaw/images/103560772428255.jpg,52.102238,21.054206,PL,,warsaw,mapillary,2022-08-07,1.0
295197662071998,raw/mapillary/budapest/images/295197662071998.jpg,47.499597,19.090562,HU,,budapest,mapillary,2018-10-06,1.0
1420924262476742,raw/mapillary/warsaw/images/1420924262476742.jpg,52.101421,20.871286,PL,,warsaw,mapillary,2025-07-25,1.0
590935603713016,raw/mapillary/warsaw/images/590935603713016.jpg,52.100296,21.084075,PL,,warsaw,mapillary,2025-01-25,1.0
743191937903633,raw/mapillary/prague/images/743191937903633.jpg,49.953979,14.607551,CZ,,prague,mapillary,2024-08-28,1.0
2080779902669324,raw/mapillary/prague/images/2080779902669324.jpg,49.969968,14.387303,CZ,,prague,mapillary,2026-02-01,1.0
329796575198684,raw/mapillary/prague/images/329796575198684.jpg,49.950764,14.51832,CZ,,prague,mapillary,2020-05-27,1.0
1660846437874906,raw/mapillary/warsaw/images/1660846437874906.jpg,52.104377,21.090711,PL,,warsaw,mapillary,2025-01-25,1.0
1604038146653269,raw/mapillary/prague/images/1604038146653269.jpg,49.959427,14.521454,CZ,,prague,mapillary,2020-05-27,1.0
2942813465930838,raw/mapillary/warsaw/images/2942813465930838.jpg,52.100136,20.854299,PL,,warsaw,mapillary,2019-11-03,1.0
318186296519214,raw/mapillary/budapest/images/318186296519214.jpg,47.483021,18.980367,HU,,budapest,mapillary,2017-04-01,1.0
2833985893584108,raw/mapillary/prague/images/2833985893584108.jpg,49.958674,14.323064,CZ,,prague,mapillary,2016-12-31,1.0
1106340817206175,raw/mapillary/warsaw/images/1106340817206175.jpg,52.109944,21.0001,PL,,warsaw,mapillary,2024-01-27,1.0
944494867020186,raw/mapillary/warsaw/images/944494867020186.jpg,52.108934,21.033113,PL,,warsaw,mapillary,2024-01-27,1.0
3493050020988671,raw/mapillary/warsaw/images/3493050020988671.jpg,52.103072,21.038926,PL,,warsaw,mapillary,2025-01-25,1.0
846937179357834,raw/mapillary/warsaw/images/846937179357834.jpg,52.107536,20.932263,PL,,warsaw,mapillary,2021-05-03,1.0
743583966335443,raw/mapillary/budapest/images/743583966335443.jpg,47.53052,19.015929,HU,,budapest,mapillary,2020-04-11,1.0
2415047578883561,raw/mapillary/budapest/images/2415047578883561.jpg,47.520151,18.973003,HU,,budapest,mapillary,2024-03-20,1.0
969761710497062,raw/mapillary/warsaw/images/969761710497062.jpg,52.101145,20.868396,PL,,warsaw,mapillary,2019-08-17,1.0
1222423819866104,raw/mapillary/prague/images/1222423819866104.jpg,49.967939,14.386086,CZ,,prague,mapillary,2026-02-01,1.0
339040357637770,raw/mapillary/warsaw/images/339040357637770.jpg,52.108001,21.090266,PL,,warsaw,mapillary,2021-06-07,1.0
1271864781022640,raw/mapillary/prague/images/1271864781022640.jpg,49.954706,14.606103,CZ,,prague,mapillary,2025-06-01,1.0
2010738243004509,raw/mapillary/prague/images/2010738243004509.jpg,49.95298,14.375851,CZ,,prague,mapillary,2025-07-01,1.0
1154027263000156,raw/mapillary/warsaw/images/1154027263000156.jpg,52.104823,21.097072,PL,,warsaw,mapillary,2025-01-25,1.0
919036751977264,raw/mapillary/warsaw/images/919036751977264.jpg,52.104826,21.093375,PL,,warsaw,mapillary,2021-06-07,1.0
3032858420333398,raw/mapillary/prague/images/3032858420333398.jpg,49.957404,14.463881,CZ,,prague,mapillary,2020-05-26,1.0
311532457011527,raw/mapillary/budapest/images/311532457011527.jpg,47.530577,18.978702,HU,,budapest,mapillary,2019-05-12,1.0
1570549346653856,raw/mapillary/budapest/images/1570549346653856.jpg,47.48,18.978056,HU,,budapest,mapillary,2022-03-05,1.0
835275518127219,raw/mapillary/budapest/images/835275518127219.jpg,47.540245,18.970605,HU,,budapest,mapillary,2023-06-02,1.0
1796736591219750,raw/mapillary/warsaw/images/1796736591219750.jpg,52.101794,20.876567,PL,,warsaw,mapillary,2025-07-25,1.0
1370835201510389,raw/mapillary/prague/images/1370835201510389.jpg,49.953947,14.376933,CZ,,prague,mapillary,2026-01-12,1.0
739248004699278,raw/mapillary/prague/images/739248004699278.jpg,49.950502,14.391809,CZ,,prague,mapillary,2022-10-26,1.0
1021261649754178,raw/mapillary/budapest/images/1021261649754178.jpg,47.541455,18.986118,HU,,budapest,mapillary,2024-11-03,1.0
2717573128465106,raw/mapillary/budapest/images/2717573128465106.jpg,47.475028,19.010311,HU,,budapest,mapillary,2019-10-07,1.0
292254573462536,raw/mapillary/warsaw/images/292254573462536.jpg,52.105784,21.034865,PL,,warsaw,mapillary,2023-07-07,1.0
1969376906546603,raw/mapillary/prague/images/1969376906546603.jpg,49.954171,14.377172,CZ,,prague,mapillary,2017-10-01,1.0
341185430856327,raw/mapillary/budapest/images/341185430856327.jpg,47.499639,19.090704,HU,,budapest,mapillary,2021-04-09,1.0
1087875816610827,raw/mapillary/warsaw/images/1087875816610827.jpg,52.101746,20.875975,PL,,warsaw,mapillary,2025-07-25,1.0
932360606121879,raw/mapillary/prague/images/932360606121879.jpg,49.952965,14.375837,CZ,,prague,mapillary,2026-01-12,1.0
1443972626168347,raw/mapillary/warsaw/images/1443972626168347.jpg,52.104132,20.970546,PL,,warsaw,mapillary,2023-09-05,1.0
276830484946115,raw/mapillary/prague/images/276830484946115.jpg,49.958641,14.323641,CZ,,prague,mapillary,2023-07-09,1.0
221650772828753,raw/mapillary/prague/images/221650772828753.jpg,49.955031,14.320135,CZ,,prague,mapillary,2016-10-09,1.0
1138477236665391,raw/mapillary/budapest/images/1138477236665391.jpg,47.535693,19.000191,HU,,budapest,mapillary,2017-12-10,1.0
668126685430626,raw/mapillary/warsaw/images/668126685430626.jpg,52.10995,21.000503,PL,,warsaw,mapillary,2023-09-07,1.0
1105040571305765,raw/mapillary/warsaw/images/1105040571305765.jpg,52.104406,21.090841,PL,,warsaw,mapillary,2025-01-25,1.0
1278559293575606,raw/mapillary/warsaw/images/1278559293575606.jpg,52.103967,20.97089,PL,,warsaw,mapillary,2025-09-20,1.0
327534635462268,raw/mapillary/budapest/images/327534635462268.jpg,47.477921,18.990137,HU,,budapest,mapillary,2017-05-13,1.0
174702024553933,raw/mapillary/budapest/images/174702024553933.jpg,47.490227,19.002325,HU,,budapest,mapillary,2017-05-05,1.0
1410421943232997,raw/mapillary/warsaw/images/1410421943232997.jpg,52.108158,21.047194,PL,,warsaw,mapillary,2024-01-27,1.0
897243124674262,raw/mapillary/budapest/images/897243124674262.jpg,47.520101,18.972991,HU,,budapest,mapillary,2023-05-31,1.0
205833299203649,raw/mapillary/prague/images/205833299203649.jpg,49.959999,14.526981,CZ,,prague,mapillary,2022-10-26,1.0
201881131776028,raw/mapillary/budapest/images/201881131776028.jpg,47.499597,19.090589,HU,,budapest,mapillary,2018-10-06,1.0
1442820259443930,raw/mapillary/warsaw/images/1442820259443930.jpg,52.108836,20.981404,PL,,warsaw,mapillary,2020-06-30,1.0
142905897832140,raw/mapillary/prague/images/142905897832140.jpg,49.950982,14.518237,CZ,,prague,mapillary,2020-05-27,1.0
3093180597501657,raw/mapillary/prague/images/3093180597501657.jpg,49.959366,14.601508,CZ,,prague,mapillary,2025-06-01,1.0
2923068627951743,raw/mapillary/budapest/images/2923068627951743.jpg,47.479387,18.980092,HU,,budapest,mapillary,2018-09-18,1.0
460588601707598,raw/mapillary/budapest/images/460588601707598.jpg,47.490129,18.979298,HU,,budapest,mapillary,2018-09-16,1.0
308497957591450,raw/mapillary/budapest/images/308497957591450.jpg,47.472103,18.978671,HU,,budapest,mapillary,2019-11-23,1.0
304868949019566,raw/mapillary/warsaw/images/304868949019566.jpg,52.10348,20.970599,PL,,warsaw,mapillary,2023-09-05,1.0
525115752230655,raw/mapillary/budapest/images/525115752230655.jpg,47.482456,18.990641,HU,,budapest,mapillary,2018-09-16,1.0
2270968773039710,raw/mapillary/budapest/images/2270968773039710.jpg,47.471929,18.978898,HU,,budapest,mapillary,2019-11-23,1.0
137619668404847,raw/mapillary/budapest/images/137619668404847.jpg,47.51009,18.978326,HU,,budapest,mapillary,2020-10-22,1.0
663621671134203,raw/mapillary/prague/images/663621671134203.jpg,49.952601,14.518037,CZ,,prague,mapillary,2020-05-27,1.0
1089259915424147,raw/mapillary/warsaw/images/1089259915424147.jpg,52.106873,20.993352,PL,,warsaw,mapillary,2024-01-27,1.0
162315209164590,raw/mapillary/budapest/images/162315209164590.jpg,47.520149,18.972969,HU,,budapest,mapillary,2018-08-08,1.0
2893679754178310,raw/mapillary/prague/images/2893679754178310.jpg,49.950588,14.518393,CZ,,prague,mapillary,2020-05-27,1.0
217167606623707,raw/mapillary/budapest/images/217167606623707.jpg,47.47,19.000556,HU,,budapest,mapillary,2021-04-22,1.0
811887919433881,raw/mapillary/budapest/images/811887919433881.jpg,47.520138,18.973019,HU,,budapest,mapillary,2018-08-08,1.0
1254296449296567,raw/mapillary/prague/images/1254296449296567.jpg,49.953145,14.536108,CZ,,prague,mapillary,2022-10-26,1.0
390726630285094,raw/mapillary/warsaw/images/390726630285094.jpg,52.101813,20.877393,PL,,warsaw,mapillary,2024-01-08,1.0
280343607146998,raw/mapillary/prague/images/280343607146998.jpg,49.951617,14.468697,CZ,,prague,mapillary,2020-05-26,1.0
191203439424092,raw/mapillary/warsaw/images/191203439424092.jpg,52.100135,20.853596,PL,,warsaw,mapillary,2017-03-01,1.0
1774560316629466,raw/mapillary/prague/images/1774560316629466.jpg,49.969388,14.386758,CZ,,prague,mapillary,2024-12-08,1.0
324579095703785,raw/mapillary/prague/images/324579095703785.jpg,49.957723,14.518364,CZ,,prague,mapillary,2020-05-27,1.0
276263160810925,raw/mapillary/budapest/images/276263160810925.jpg,47.535897,19.010983,HU,,budapest,mapillary,2016-02-14,1.0
491073977033022,raw/mapillary/warsaw/images/491073977033022.jpg,52.100491,21.08415,PL,,warsaw,mapillary,2025-01-25,1.0
184083688080508,raw/mapillary/prague/images/184083688080508.jpg,49.951628,14.391701,CZ,,prague,mapillary,2022-10-26,1.0
899717161547236,raw/mapillary/prague/images/899717161547236.jpg,49.958302,14.52879,CZ,,prague,mapillary,2022-10-26,1.0
949932046670099,raw/mapillary/warsaw/images/949932046670099.jpg,52.104287,21.035196,PL,,warsaw,mapillary,2024-01-27,1.0
262064479002731,raw/mapillary/budapest/images/262064479002731.jpg,47.530446,18.978986,HU,,budapest,mapillary,2016-02-06,1.0
2952773154880930,raw/mapillary/prague/images/2952773154880930.jpg,49.969186,14.385746,CZ,,prague,mapillary,2024-12-08,1.0
1034180314482461,raw/mapillary/warsaw/images/1034180314482461.jpg,52.101944,20.879203,PL,,warsaw,mapillary,2024-01-08,1.0
1172719616610876,raw/mapillary/warsaw/images/1172719616610876.jpg,52.106495,21.055361,PL,,warsaw,mapillary,2022-08-07,1.0
393693625168845,raw/mapillary/prague/images/393693625168845.jpg,49.951274,14.468778,CZ,,prague,mapillary,2020-05-26,1.0
294948893041133,raw/mapillary/prague/images/294948893041133.jpg,49.950006,14.330309,CZ,,prague,mapillary,2023-07-09,1.0
294183576721340,raw/mapillary/warsaw/images/294183576721340.jpg,52.100143,20.854174,PL,,warsaw,mapillary,2023-09-09,1.0
490508499069735,raw/mapillary/prague/images/490508499069735.jpg,49.955307,14.319807,CZ,,prague,mapillary,2016-10-09,1.0
300222272952055,raw/mapillary/prague/images/300222272952055.jpg,49.958154,14.528923,CZ,,prague,mapillary,2022-10-26,1.0
1059224198299712,raw/mapillary/warsaw/images/1059224198299712.jpg,52.104318,21.054971,PL,,warsaw,mapillary,2022-08-07,1.0
143202737855339,raw/mapillary/prague/images/143202737855339.jpg,49.951223,14.518253,CZ,,prague,mapillary,2020-05-27,1.0
1821209698836681,raw/mapillary/warsaw/images/1821209698836681.jpg,52.107774,20.932299,PL,,warsaw,mapillary,2026-04-30,1.0
368498991212597,raw/mapillary/budapest/images/368498991212597.jpg,47.530042,18.997294,HU,,budapest,mapillary,2018-01-30,1.0
1138830660827873,raw/mapillary/warsaw/images/1138830660827873.jpg,52.103571,20.970695,PL,,warsaw,mapillary,2023-09-07,1.0
6829569943744852,raw/mapillary/prague/images/6829569943744852.jpg,49.950597,14.391789,CZ,,prague,mapillary,2022-10-26,1.0
168099001907689,raw/mapillary/budapest/images/168099001907689.jpg,47.520022,18.973702,HU,,budapest,mapillary,2018-08-14,1.0
1395048598144880,raw/mapillary/warsaw/images/1395048598144880.jpg,52.103247,21.04101,PL,,warsaw,mapillary,2025-01-25,1.0
2978536052472361,raw/mapillary/budapest/images/2978536052472361.jpg,47.477998,18.990466,HU,,budapest,mapillary,2017-04-08,1.0
909816192922628,raw/mapillary/budapest/images/909816192922628.jpg,47.476485,18.970311,HU,,budapest,mapillary,2016-10-31,1.0
310597640706592,raw/mapillary/budapest/images/310597640706592.jpg,47.530156,19.016118,HU,,budapest,mapillary,2020-04-11,1.0
831067481861019,raw/mapillary/prague/images/831067481861019.jpg,49.966971,14.33842,CZ,,prague,mapillary,2023-07-09,1.0
711583604120043,raw/mapillary/warsaw/images/711583604120043.jpg,52.10022,20.854862,PL,,warsaw,mapillary,2023-09-09,1.0
2623935301232148,raw/mapillary/budapest/images/2623935301232148.jpg,47.478561,18.980424,HU,,budapest,mapillary,2018-09-18,1.0
2252971024834773,raw/mapillary/budapest/images/2252971024834773.jpg,47.530157,18.979067,HU,,budapest,mapillary,2018-09-03,1.0
217456933162388,raw/mapillary/prague/images/217456933162388.jpg,49.953009,14.375979,CZ,,prague,mapillary,2017-05-21,1.0
773824334484256,raw/mapillary/warsaw/images/773824334484256.jpg,52.10355,21.040306,PL,,warsaw,mapillary,2023-07-07,1.0
1356207111732591,raw/mapillary/warsaw/images/1356207111732591.jpg,52.107939,21.040481,PL,,warsaw,mapillary,2024-01-27,1.0
292615732485869,raw/mapillary/prague/images/292615732485869.jpg,49.953774,14.376888,CZ,,prague,mapillary,2017-10-19,1.0
522781142231835,raw/mapillary/prague/images/522781142231835.jpg,49.959407,14.632109,CZ,,prague,mapillary,2017-09-21,1.0
2547539962075837,raw/mapillary/warsaw/images/2547539962075837.jpg,52.105826,21.034797,PL,,warsaw,mapillary,2023-07-07,1.0
128717242627440,raw/mapillary/prague/images/128717242627440.jpg,49.960076,14.379204,CZ,,prague,mapillary,2017-05-21,1.0
365287919555542,raw/mapillary/warsaw/images/365287919555542.jpg,52.10788,21.040386,PL,,warsaw,mapillary,2024-01-27,1.0
848604143629380,raw/mapillary/prague/images/848604143629380.jpg,49.956874,14.530179,CZ,,prague,mapillary,2022-10-26,1.0
3031218773824699,raw/mapillary/budapest/images/3031218773824699.jpg,47.499592,19.090266,HU,,budapest,mapillary,2021-07-28,1.0
1236734756741948,raw/mapillary/budapest/images/1236734756741948.jpg,47.549736,18.974267,HU,,budapest,mapillary,2017-12-10,1.0
2857073687879724,raw/mapillary/budapest/images/2857073687879724.jpg,47.480216,18.979199,HU,,budapest,mapillary,2018-09-18,1.0
2802661929891463,raw/mapillary/prague/images/2802661929891463.jpg,49.967647,14.336545,CZ,,prague,mapillary,2023-07-09,1.0
1479006513676002,raw/mapillary/prague/images/1479006513676002.jpg,49.955111,14.378242,CZ,,prague,mapillary,2026-04-03,1.0
876510114074332,raw/mapillary/warsaw/images/876510114074332.jpg,52.102829,20.970046,PL,,warsaw,mapillary,2024-09-07,1.0
984532388954802,raw/mapillary/budapest/images/984532388954802.jpg,47.486405,19.000209,HU,,budapest,mapillary,2018-09-16,1.0
313146206862349,raw/mapillary/budapest/images/313146206862349.jpg,47.478154,18.974462,HU,,budapest,mapillary,2019-08-11,1.0
178147900740663,raw/mapillary/budapest/images/178147900740663.jpg,47.493851,18.979391,HU,,budapest,mapillary,2019-03-22,1.0
466582107975859,raw/mapillary/budapest/images/466582107975859.jpg,47.480111,18.971833,HU,,budapest,mapillary,2020-06-30,1.0
820663575470410,raw/mapillary/prague/images/820663575470410.jpg,49.958385,14.528736,CZ,,prague,mapillary,2016-08-28,1.0
217922543139016,raw/mapillary/budapest/images/217922543139016.jpg,47.530522,18.978695,HU,,budapest,mapillary,2019-05-08,1.0
1217540708763031,raw/mapillary/prague/images/1217540708763031.jpg,49.954062,14.377059,CZ,,prague,mapillary,2017-10-01,1.0
312494924883895,raw/mapillary/warsaw/images/312494924883895.jpg,52.109969,21.000816,PL,,warsaw,mapillary,2023-09-07,1.0
1259698281380677,raw/mapillary/warsaw/images/1259698281380677.jpg,52.101096,20.868168,PL,,warsaw,mapillary,2023-09-09,1.0
1440213176475357,raw/mapillary/warsaw/images/1440213176475357.jpg,52.103489,20.970306,PL,,warsaw,mapillary,2022-08-31,1.0
1095758498070850,raw/mapillary/prague/images/1095758498070850.jpg,49.953202,14.53602,CZ,,prague,mapillary,2022-10-26,1.0
1235071620672531,raw/mapillary/warsaw/images/1235071620672531.jpg,52.103991,20.970484,PL,,warsaw,mapillary,2022-09-24,1.0
2232557496949614,raw/mapillary/prague/images/2232557496949614.jpg,49.958613,14.393359,CZ,,prague,mapillary,2022-10-26,1.0
3540533409548738,raw/mapillary/prague/images/3540533409548738.jpg,49.958503,14.393291,CZ,,prague,mapillary,2022-10-26,1.0
3268429393455300,raw/mapillary/prague/images/3268429393455300.jpg,49.958097,14.393047,CZ,,prague,mapillary,2022-10-26,1.0
328832115426559,raw/mapillary/prague/images/328832115426559.jpg,49.955369,14.319808,CZ,,prague,mapillary,2016-12-31,1.0
1726546677780657,raw/mapillary/prague/images/1726546677780657.jpg,49.958398,14.323685,CZ,,prague,mapillary,2023-07-09,1.0
1022218083051285,raw/mapillary/warsaw/images/1022218083051285.jpg,52.103113,21.038989,PL,,warsaw,mapillary,2025-01-25,1.0
911962064192456,raw/mapillary/prague/images/911962064192456.jpg,49.959379,14.632486,CZ,,prague,mapillary,2024-10-31,1.0
291665245993441,raw/mapillary/prague/images/291665245993441.jpg,49.95139,14.468754,CZ,,prague,mapillary,2020-05-26,1.0
376955096987789,raw/mapillary/budapest/images/376955096987789.jpg,47.486425,19.000937,HU,,budapest,mapillary,2021-01-20,1.0
1551348689177479,raw/mapillary/warsaw/images/1551348689177479.jpg,52.102044,20.880377,PL,,warsaw,mapillary,2025-07-25,1.0
837573461835545,raw/mapillary/prague/images/837573461835545.jpg,49.958181,14.633817,CZ,,prague,mapillary,2024-09-01,1.0
625390606176215,raw/mapillary/warsaw/images/625390606176215.jpg,52.103551,20.970664,PL,,warsaw,mapillary,2023-05-14,1.0
949067723059293,raw/mapillary/prague/images/949067723059293.jpg,49.95042,14.330003,CZ,,prague,mapillary,2023-07-09,1.0
459360758693451,raw/mapillary/budapest/images/459360758693451.jpg,47.493803,18.979508,HU,,budapest,mapillary,2019-03-22,1.0
1207133057551202,raw/mapillary/warsaw/images/1207133057551202.jpg,52.103919,20.970813,PL,,warsaw,mapillary,2026-01-10,1.0
307367534286752,raw/mapillary/budapest/images/307367534286752.jpg,47.493874,18.979378,HU,,budapest,mapillary,2019-03-22,1.0
346078571723415,raw/mapillary/warsaw/images/346078571723415.jpg,52.108672,21.032837,PL,,warsaw,mapillary,2024-01-27,1.0
304736447871989,raw/mapillary/prague/images/304736447871989.jpg,49.957915,14.322085,CZ,,prague,mapillary,2016-12-31,1.0
293331086508667,raw/mapillary/prague/images/293331086508667.jpg,49.967066,14.338193,CZ,,prague,mapillary,2023-07-09,1.0
287186679740155,raw/mapillary/budapest/images/287186679740155.jpg,47.475094,19.010475,HU,,budapest,mapillary,2019-10-07,1.0
1373826383579046,raw/mapillary/budapest/images/1373826383579046.jpg,47.541964,18.986298,HU,,budapest,mapillary,2024-11-03,1.0
1057923332879016,raw/mapillary/prague/images/1057923332879016.jpg,49.954524,14.606379,CZ,,prague,mapillary,2025-06-01,1.0
1784773859084371,raw/mapillary/warsaw/images/1784773859084371.jpg,52.102421,21.018784,PL,,warsaw,mapillary,2025-07-05,1.0
2903655843191290,raw/mapillary/budapest/images/2903655843191290.jpg,47.499647,19.090148,HU,,budapest,mapillary,2019-10-06,1.0
644929201298594,raw/mapillary/warsaw/images/644929201298594.jpg,52.104339,21.090581,PL,,warsaw,mapillary,2025-01-25,1.0
4009688509085337,raw/mapillary/budapest/images/4009688509085337.jpg,47.490159,19.002313,HU,,budapest,mapillary,2018-08-16,1.0
591357526493123,raw/mapillary/prague/images/591357526493123.jpg,49.958739,14.32363,CZ,,prague,mapillary,2023-07-09,1.0
393160216756680,raw/mapillary/warsaw/images/393160216756680.jpg,52.100854,20.960872,PL,,warsaw,mapillary,2024-01-27,1.0
1323720908282736,raw/mapillary/warsaw/images/1323720908282736.jpg,52.101476,20.872832,PL,,warsaw,mapillary,2024-01-08,1.0
214503138011103,raw/mapillary/warsaw/images/214503138011103.jpg,52.103476,20.970639,PL,,warsaw,mapillary,2023-05-14,1.0
4245826312310425,raw/mapillary/warsaw/images/4245826312310425.jpg,52.101498,20.873144,PL,,warsaw,mapillary,2024-01-08,1.0
1484179152168482,raw/mapillary/warsaw/images/1484179152168482.jpg,52.109717,20.996874,PL,,warsaw,mapillary,2024-01-27,1.0
819225782343914,raw/mapillary/prague/images/819225782343914.jpg,49.950307,14.518516,CZ,,prague,mapillary,2020-05-27,1.0
747863930590989,raw/mapillary/warsaw/images/747863930590989.jpg,52.103505,20.970302,PL,,warsaw,mapillary,2024-01-15,1.0
3555761347906183,raw/mapillary/prague/images/3555761347906183.jpg,49.95926,14.632455,CZ,,prague,mapillary,2026-03-05,1.0
687810722872632,raw/mapillary/warsaw/images/687810722872632.jpg,52.100124,20.853991,PL,,warsaw,mapillary,2022-12-02,1.0
267827319080858,raw/mapillary/prague/images/267827319080858.jpg,49.9522,14.537508,CZ,,prague,mapillary,2022-10-26,1.0
967589652096259,raw/mapillary/prague/images/967589652096259.jpg,49.969247,14.386397,CZ,,prague,mapillary,2024-12-08,1.0
1387104328354914,raw/mapillary/budapest/images/1387104328354914.jpg,47.474158,18.990194,HU,,budapest,mapillary,2017-01-08,1.0
1644380359387737,raw/mapillary/prague/images/1644380359387737.jpg,49.950965,14.39173,CZ,,prague,mapillary,2022-10-26,1.0
147815080684204,raw/mapillary/prague/images/147815080684204.jpg,49.959526,14.382642,CZ,,prague,mapillary,2016-04-13,1.0
461857108244402,raw/mapillary/prague/images/461857108244402.jpg,49.960628,14.324582,CZ,,prague,mapillary,2016-12-31,1.0
315250344819461,raw/mapillary/warsaw/images/315250344819461.jpg,52.102768,21.038823,PL,,warsaw,mapillary,2024-01-27,1.0
1086531922252303,raw/mapillary/warsaw/images/1086531922252303.jpg,52.103996,20.970831,PL,,warsaw,mapillary,2023-09-05,1.0
1741450699598729,raw/mapillary/warsaw/images/1741450699598729.jpg,52.109773,20.99633,PL,,warsaw,mapillary,2023-09-07,1.0
259123332659831,raw/mapillary/budapest/images/259123332659831.jpg,47.530206,18.979096,HU,,budapest,mapillary,2019-08-24,1.0
158093952934754,raw/mapillary/prague/images/158093952934754.jpg,49.952865,14.375802,CZ,,prague,mapillary,2019-04-12,1.0
274464435185708,raw/mapillary/warsaw/images/274464435185708.jpg,52.106227,21.032487,PL,,warsaw,mapillary,2023-07-07,1.0
206729587680410,raw/mapillary/prague/images/206729587680410.jpg,49.958863,14.519778,CZ,,prague,mapillary,2015-11-07,1.0
1039831213729920,raw/mapillary/budapest/images/1039831213729920.jpg,47.530099,18.983588,HU,,budapest,mapillary,2023-11-20,1.0
200328108599955,raw/mapillary/budapest/images/200328108599955.jpg,47.530405,18.978769,HU,,budapest,mapillary,2021-02-16,1.0
345174504672545,raw/mapillary/prague/images/345174504672545.jpg,49.959699,14.394149,CZ,,prague,mapillary,2022-10-26,1.0
920829495827073,raw/mapillary/warsaw/images/920829495827073.jpg,52.108687,21.033003,PL,,warsaw,mapillary,2024-01-27,1.0
1890990931698014,raw/mapillary/prague/images/1890990931698014.jpg,49.953618,14.376746,CZ,,prague,mapillary,2025-07-01,1.0
2209801523161166,raw/mapillary/warsaw/images/2209801523161166.jpg,52.107422,20.93219,PL,,warsaw,mapillary,2026-03-01,1.0
156742289657107,raw/mapillary/budapest/images/156742289657107.jpg,47.530476,18.9787,HU,,budapest,mapillary,2021-02-16,1.0
342326367318235,raw/mapillary/prague/images/342326367318235.jpg,49.968319,14.333498,CZ,,prague,mapillary,2016-10-09,1.0
293323289118961,raw/mapillary/prague/images/293323289118961.jpg,49.960199,14.379156,CZ,,prague,mapillary,2019-04-12,1.0
1376459543077866,raw/mapillary/prague/images/1376459543077866.jpg,49.956888,14.530162,CZ,,prague,mapillary,2022-10-26,1.0
316360696689187,raw/mapillary/prague/images/316360696689187.jpg,49.954724,14.320704,CZ,,prague,mapillary,2016-10-09,1.0
1453305328707201,raw/mapillary/prague/images/1453305328707201.jpg,49.959453,14.632081,CZ,,prague,mapillary,2024-08-30,1.0
297480235191436,raw/mapillary/budapest/images/297480235191436.jpg,47.480707,18.980268,HU,,budapest,mapillary,2018-10-06,1.0
2887363701517795,raw/mapillary/budapest/images/2887363701517795.jpg,47.470072,19.000509,HU,,budapest,mapillary,2019-06-14,1.0
2446215415561156,raw/mapillary/budapest/images/2446215415561156.jpg,47.520136,18.973091,HU,,budapest,mapillary,2024-03-20,1.0
217620476841016,raw/mapillary/prague/images/217620476841016.jpg,49.952904,14.375964,CZ,,prague,mapillary,2019-04-12,1.0
758572082820149,raw/mapillary/warsaw/images/758572082820149.jpg,52.106415,20.993399,PL,,warsaw,mapillary,2024-01-27,1.0
675937451924198,raw/mapillary/warsaw/images/675937451924198.jpg,52.107328,20.93216,PL,,warsaw,mapillary,2025-06-12,1.0
923423855108399,raw/mapillary/budapest/images/923423855108399.jpg,47.490086,19.002321,HU,,budapest,mapillary,2018-08-16,1.0
1518698755579910,raw/mapillary/prague/images/1518698755579910.jpg,49.959761,14.394197,CZ,,prague,mapillary,2022-10-26,1.0
393749359878204,raw/mapillary/warsaw/images/393749359878204.jpg,52.108665,21.032823,PL,,warsaw,mapillary,2024-01-27,1.0
243972684188497,raw/mapillary/budapest/images/243972684188497.jpg,47.493805,18.979438,HU,,budapest,mapillary,2019-03-22,1.0
3165618637082782,raw/mapillary/budapest/images/3165618637082782.jpg,47.473333,19.001111,HU,,budapest,mapillary,2021-02-23,1.0
2997697110554060,raw/mapillary/budapest/images/2997697110554060.jpg,47.535834,19.000101,HU,,budapest,mapillary,2016-04-23,1.0
1230897154684281,raw/mapillary/prague/images/1230897154684281.jpg,49.969486,14.387041,CZ,,prague,mapillary,2024-12-08,1.0
1213613927343524,raw/mapillary/prague/images/1213613927343524.jpg,49.955025,14.378057,CZ,,prague,mapillary,2025-04-20,1.0
2252908971507606,raw/mapillary/prague/images/2252908971507606.jpg,49.954478,14.320576,CZ,,prague,mapillary,2016-12-31,1.0
740614590351657,raw/mapillary/warsaw/images/740614590351657.jpg,52.108986,21.055908,PL,,warsaw,mapillary,2022-08-07,1.0
401834692515419,raw/mapillary/warsaw/images/401834692515419.jpg,52.109238,21.03316,PL,,warsaw,mapillary,2024-01-27,1.0
188631983129616,raw/mapillary/budapest/images/188631983129616.jpg,47.490159,19.002313,HU,,budapest,mapillary,2018-08-16,1.0
1283768715762139,raw/mapillary/warsaw/images/1283768715762139.jpg,52.101258,21.054025,PL,,warsaw,mapillary,2022-08-07,1.0
564767704505104,raw/mapillary/prague/images/564767704505104.jpg,49.953833,14.376859,CZ,,prague,mapillary,2019-04-12,1.0
1182601266331308,raw/mapillary/warsaw/images/1182601266331308.jpg,52.104073,20.970872,PL,,warsaw,mapillary,2024-09-19,1.0
341504828548731,raw/mapillary/prague/images/341504828548731.jpg,49.958452,14.528655,CZ,,prague,mapillary,2022-10-26,1.0
256645370336120,raw/mapillary/warsaw/images/256645370336120.jpg,52.103493,21.040437,PL,,warsaw,mapillary,2023-07-07,1.0
1959206748251448,raw/mapillary/budapest/images/1959206748251448.jpg,47.530254,18.997611,HU,,budapest,mapillary,2025-09-05,1.0
217443906850608,raw/mapillary/budapest/images/217443906850608.jpg,47.549401,18.978708,HU,,budapest,mapillary,2017-08-13,1.0
3535476950102801,raw/mapillary/prague/images/3535476950102801.jpg,49.957853,14.529192,CZ,,prague,mapillary,2022-10-26,1.0
1057628536566868,raw/mapillary/prague/images/1057628536566868.jpg,49.952897,14.375771,CZ,,prague,mapillary,2025-07-27,1.0
988798138908630,raw/mapillary/warsaw/images/988798138908630.jpg,52.106201,21.032202,PL,,warsaw,mapillary,2023-07-07,1.0
6285939981483485,raw/mapillary/warsaw/images/6285939981483485.jpg,52.105897,21.034663,PL,,warsaw,mapillary,2023-07-07,1.0
1087340975109324,raw/mapillary/budapest/images/1087340975109324.jpg,47.480467,18.980691,HU,,budapest,mapillary,2016-10-31,1.0
214633716759934,raw/mapillary/budapest/images/214633716759934.jpg,47.48315,18.980032,HU,,budapest,mapillary,2017-04-01,1.0
759411532274607,raw/mapillary/warsaw/images/759411532274607.jpg,52.107899,21.040417,PL,,warsaw,mapillary,2024-01-27,1.0
1010787600224004,raw/mapillary/prague/images/1010787600224004.jpg,49.95942,14.393937,CZ,,prague,mapillary,2022-10-26,1.0
267870925821954,raw/mapillary/budapest/images/267870925821954.jpg,47.540048,18.971154,HU,,budapest,mapillary,2023-06-02,1.0
790140088849187,raw/mapillary/warsaw/images/790140088849187.jpg,52.10834,21.057338,PL,,warsaw,mapillary,2022-08-07,1.0
1193521511082243,raw/mapillary/warsaw/images/1193521511082243.jpg,52.107554,20.932277,PL,,warsaw,mapillary,2020-01-04,1.0
677971653296138,raw/mapillary/warsaw/images/677971653296138.jpg,52.10282,20.970131,PL,,warsaw,mapillary,2022-09-24,1.0
239108088011003,raw/mapillary/budapest/images/239108088011003.jpg,47.477929,18.990191,HU,,budapest,mapillary,2019-07-25,1.0
901246294703535,raw/mapillary/prague/images/901246294703535.jpg,49.959342,14.393878,CZ,,prague,mapillary,2022-10-26,1.0
1170253997763512,raw/mapillary/prague/images/1170253997763512.jpg,49.958231,14.633876,CZ,,prague,mapillary,2025-04-20,1.0
2271833743330510,raw/mapillary/warsaw/images/2271833743330510.jpg,52.102354,21.018843,PL,,warsaw,mapillary,2025-11-22,1.0
490039365563463,raw/mapillary/prague/images/490039365563463.jpg,49.955072,14.320024,CZ,,prague,mapillary,2016-10-09,1.0
845071910234706,raw/mapillary/warsaw/images/845071910234706.jpg,52.109206,21.055815,PL,,warsaw,mapillary,2022-08-07,1.0
1167363563688829,raw/mapillary/budapest/images/1167363563688829.jpg,47.499534,19.090442,HU,,budapest,mapillary,2020-09-09,1.0
295667473375608,raw/mapillary/prague/images/295667473375608.jpg,49.953736,14.53517,CZ,,prague,mapillary,2022-10-26,1.0
186183893374399,raw/mapillary/budapest/images/186183893374399.jpg,47.472041,18.978748,HU,,budapest,mapillary,2019-11-23,1.0
666382058880565,raw/mapillary/prague/images/666382058880565.jpg,49.954382,14.326783,CZ,,prague,mapillary,2023-07-09,1.0
1972631559787286,raw/mapillary/prague/images/1972631559787286.jpg,49.957626,14.32394,CZ,,prague,mapillary,2023-07-09,1.0
914102849434101,raw/mapillary/budapest/images/914102849434101.jpg,47.474913,19.010093,HU,,budapest,mapillary,2018-08-27,1.0
1495389141037450,raw/mapillary/warsaw/images/1495389141037450.jpg,52.106312,21.020126,PL,,warsaw,mapillary,2024-01-27,1.0
1268598387776514,raw/mapillary/warsaw/images/1268598387776514.jpg,52.103282,21.040932,PL,,warsaw,mapillary,2025-01-25,1.0
1369987246699210,raw/mapillary/budapest/images/1369987246699210.jpg,47.536328,19.000183,HU,,budapest,mapillary,2020-11-18,1.0
1952864375146600,raw/mapillary/prague/images/1952864375146600.jpg,49.957964,14.602907,CZ,,prague,mapillary,2024-08-28,1.0
502848467425842,raw/mapillary/budapest/images/502848467425842.jpg,47.510107,18.978325,HU,,budapest,mapillary,2018-08-16,1.0
2150426128461402,raw/mapillary/warsaw/images/2150426128461402.jpg,52.103685,21.040178,PL,,warsaw,mapillary,2024-01-27,1.0
290491042573273,raw/mapillary/prague/images/290491042573273.jpg,49.957811,14.518475,CZ,,prague,mapillary,2015-11-08,1.0
1388506222232771,raw/mapillary/warsaw/images/1388506222232771.jpg,52.101871,20.877852,PL,,warsaw,mapillary,2025-07-25,1.0
791505595435162,raw/mapillary/warsaw/images/791505595435162.jpg,52.103576,20.970333,PL,,warsaw,mapillary,2022-09-24,1.0
643148944644687,raw/mapillary/prague/images/643148944644687.jpg,49.957032,14.530001,CZ,,prague,mapillary,2022-10-26,1.0
861948704358051,raw/mapillary/budapest/images/861948704358051.jpg,47.48642,19.000756,HU,,budapest,mapillary,2018-08-21,1.0
983803316015835,raw/mapillary/prague/images/983803316015835.jpg,49.958288,14.528803,CZ,,prague,mapillary,2022-10-26,1.0
916655600671002,raw/mapillary/warsaw/images/916655600671002.jpg,52.103399,21.040667,PL,,warsaw,mapillary,2025-01-25,1.0
5543309849063909,raw/mapillary/warsaw/images/5543309849063909.jpg,52.108228,21.057391,PL,,warsaw,mapillary,2022-08-07,1.0
796731395392855,raw/mapillary/budapest/images/796731395392855.jpg,47.52014,18.972832,HU,,budapest,mapillary,2023-05-31,1.0
625131658881379,raw/mapillary/warsaw/images/625131658881379.jpg,52.10281,21.01905,PL,,warsaw,mapillary,2022-08-04,1.0
776924333210736,raw/mapillary/budapest/images/776924333210736.jpg,47.495272,18.97937,HU,,budapest,mapillary,2018-08-24,1.0
2006258296679101,raw/mapillary/prague/images/2006258296679101.jpg,49.959673,14.63205,CZ,,prague,mapillary,2026-04-15,1.0
384651059431783,raw/mapillary/budapest/images/384651059431783.jpg,47.48001,18.972295,HU,,budapest,mapillary,2020-06-30,1.0
650621067187300,raw/mapillary/prague/images/650621067187300.jpg,49.952223,14.537476,CZ,,prague,mapillary,2022-10-26,1.0
382535463081738,raw/mapillary/prague/images/382535463081738.jpg,49.951371,14.538605,CZ,,prague,mapillary,2016-10-01,1.0
937736553713472,raw/mapillary/budapest/images/937736553713472.jpg,47.531753,18.980278,HU,,budapest,mapillary,2019-05-24,1.0
998025918046686,raw/mapillary/budapest/images/998025918046686.jpg,47.482313,18.990525,HU,,budapest,mapillary,2023-06-02,1.0
1060933638419265,raw/mapillary/prague/images/1060933638419265.jpg,49.958019,14.529043,CZ,,prague,mapillary,2022-10-26,1.0
1337010197237581,raw/mapillary/prague/images/1337010197237581.jpg,49.966389,14.34013,CZ,,prague,mapillary,2023-07-09,1.0
2262152654207561,raw/mapillary/warsaw/images/2262152654207561.jpg,52.101187,20.868301,PL,,warsaw,mapillary,2025-07-25,1.0
168762378410254,raw/mapillary/budapest/images/168762378410254.jpg,47.530228,18.987043,HU,,budapest,mapillary,2020-04-25,1.0
2929223050634967,raw/mapillary/warsaw/images/2929223050634967.jpg,52.100256,20.855787,PL,,warsaw,mapillary,2014-10-20,1.0
758199179027780,raw/mapillary/warsaw/images/758199179027780.jpg,52.107612,21.040124,PL,,warsaw,mapillary,2024-01-27,1.0
1270154098303159,raw/mapillary/prague/images/1270154098303159.jpg,49.969992,14.387283,CZ,,prague,mapillary,2026-02-01,1.0
125323376236452,raw/mapillary/budapest/images/125323376236452.jpg,47.530212,18.979123,HU,,budapest,mapillary,2019-05-11,1.0
1801580577048803,raw/mapillary/prague/images/1801580577048803.jpg,49.969163,14.385824,CZ,,prague,mapillary,2024-12-08,1.0
1488073978201123,raw/mapillary/budapest/images/1488073978201123.jpg,47.530177,18.979094,HU,,budapest,mapillary,2019-05-13,1.0
938705518239317,raw/mapillary/warsaw/images/938705518239317.jpg,52.100624,21.084253,PL,,warsaw,mapillary,2025-01-25,1.0
316960451124199,raw/mapillary/warsaw/images/316960451124199.jpg,52.10971,20.996767,PL,,warsaw,mapillary,2023-09-07,1.0
1166512580486949,raw/mapillary/prague/images/1166512580486949.jpg,49.969034,14.335102,CZ,,prague,mapillary,2016-10-09,1.0
831821115723337,raw/mapillary/prague/images/831821115723337.jpg,49.954502,14.606391,CZ,,prague,mapillary,2024-08-28,1.0
113326504834547,raw/mapillary/warsaw/images/113326504834547.jpg,52.10416,20.970923,PL,,warsaw,mapillary,2022-08-30,1.0
1012876843390520,raw/mapillary/prague/images/1012876843390520.jpg,49.957271,14.324094,CZ,,prague,mapillary,2023-07-09,1.0
597349949596144,raw/mapillary/warsaw/images/597349949596144.jpg,52.104315,21.090498,PL,,warsaw,mapillary,2025-01-25,1.0
902706290295220,raw/mapillary/prague/images/902706290295220.jpg,49.952185,14.375426,CZ,,prague,mapillary,2016-11-08,1.0
232701596412727,raw/mapillary/budapest/images/232701596412727.jpg,47.478333,18.98,HU,,budapest,mapillary,2023-09-05,1.0
252270756644458,raw/mapillary/budapest/images/252270756644458.jpg,47.510174,18.977922,HU,,budapest,mapillary,2019-03-26,1.0
180251800643687,raw/mapillary/budapest/images/180251800643687.jpg,47.499538,19.090282,HU,,budapest,mapillary,2019-08-08,1.0
390244120045323,raw/mapillary/warsaw/images/390244120045323.jpg,52.109224,21.042473,PL,,warsaw,mapillary,2024-01-27,1.0
272074644651614,raw/mapillary/budapest/images/272074644651614.jpg,47.534843,18.99079,HU,,budapest,mapillary,2017-12-10,1.0
1632988160232155,raw/mapillary/budapest/images/1632988160232155.jpg,47.530589,18.978696,HU,,budapest,mapillary,2018-07-03,1.0
548914556497334,raw/mapillary/budapest/images/548914556497334.jpg,47.486427,19.000942,HU,,budapest,mapillary,2020-12-15,1.0
764129824284169,raw/mapillary/warsaw/images/764129824284169.jpg,52.109063,20.981762,PL,,warsaw,mapillary,2020-06-30,1.0
470044117612880,raw/mapillary/prague/images/470044117612880.jpg,49.952726,14.375736,CZ,,prague,mapillary,2017-10-19,1.0
512684933193751,raw/mapillary/prague/images/512684933193751.jpg,49.959258,14.632263,CZ,,prague,mapillary,2016-10-23,1.0
794936657830681,raw/mapillary/prague/images/794936657830681.jpg,49.958206,14.322234,CZ,,prague,mapillary,2016-10-09,1.0
2633852076911942,raw/mapillary/budapest/images/2633852076911942.jpg,47.53004,18.983531,HU,,budapest,mapillary,2017-08-06,1.0
314799666725226,raw/mapillary/budapest/images/314799666725226.jpg,47.499688,19.090067,HU,,budapest,mapillary,2019-05-27,1.0
458369518571079,raw/mapillary/budapest/images/458369518571079.jpg,47.480457,18.980626,HU,,budapest,mapillary,2018-10-06,1.0
3873200399572381,raw/mapillary/warsaw/images/3873200399572381.jpg,52.106445,21.055546,PL,,warsaw,mapillary,2022-08-07,1.0
2773596342849541,raw/mapillary/warsaw/images/2773596342849541.jpg,52.101345,20.870354,PL,,warsaw,mapillary,2025-07-25,1.0
759073471905593,raw/mapillary/warsaw/images/759073471905593.jpg,52.10679,21.05568,PL,,warsaw,mapillary,2022-08-07,1.0
1549563892929752,raw/mapillary/warsaw/images/1549563892929752.jpg,52.103774,20.970755,PL,,warsaw,mapillary,2026-01-10,1.0
1507706226671608,raw/mapillary/warsaw/images/1507706226671608.jpg,52.100098,20.853756,PL,,warsaw,mapillary,2023-09-09,1.0
1482424582221166,raw/mapillary/warsaw/images/1482424582221166.jpg,52.103207,20.970222,PL,,warsaw,mapillary,2022-08-31,1.0
3013670852197899,raw/mapillary/warsaw/images/3013670852197899.jpg,52.100242,20.855159,PL,,warsaw,mapillary,2017-03-01,1.0
297387588516724,raw/mapillary/budapest/images/297387588516724.jpg,47.490107,19.002375,HU,,budapest,mapillary,2017-05-05,1.0
1284014710135153,raw/mapillary/warsaw/images/1284014710135153.jpg,52.10411,20.970951,PL,,warsaw,mapillary,2025-09-20,1.0
1015054773040517,raw/mapillary/prague/images/1015054773040517.jpg,49.950578,14.391792,CZ,,prague,mapillary,2022-10-26,1.0
1396422118215283,raw/mapillary/prague/images/1396422118215283.jpg,49.957002,14.603429,CZ,,prague,mapillary,2025-06-01,1.0
162185855784932,raw/mapillary/prague/images/162185855784932.jpg,49.954237,14.320236,CZ,,prague,mapillary,2016-12-31,1.0
1721781031697653,raw/mapillary/prague/images/1721781031697653.jpg,49.969319,14.385667,CZ,,prague,mapillary,2024-12-08,1.0
521365122355575,raw/mapillary/prague/images/521365122355575.jpg,49.959556,14.632002,CZ,,prague,mapillary,2019-10-11,1.0
162637022480575,raw/mapillary/prague/images/162637022480575.jpg,49.954345,14.320396,CZ,,prague,mapillary,2016-10-09,1.0
803386807245068,raw/mapillary/budapest/images/803386807245068.jpg,47.520154,18.972943,HU,,budapest,mapillary,2018-08-08,1.0
2822493704680093,raw/mapillary/budapest/images/2822493704680093.jpg,47.530477,18.978808,HU,,budapest,mapillary,2019-05-06,1.0
1092921095460688,raw/mapillary/warsaw/images/1092921095460688.jpg,52.109702,20.997273,PL,,warsaw,mapillary,2024-01-27,1.0
1377191063910283,raw/mapillary/budapest/images/1377191063910283.jpg,47.486667,19.000747,HU,,budapest,mapillary,2025-12-04,1.0
1258504208526374,raw/mapillary/budapest/images/1258504208526374.jpg,47.541879,18.986239,HU,,budapest,mapillary,2024-11-03,1.0
1183966740503094,raw/mapillary/budapest/images/1183966740503094.jpg,47.486658,19.000803,HU,,budapest,mapillary,2025-12-04,1.0
395109403001122,raw/mapillary/warsaw/images/395109403001122.jpg,52.108136,21.047165,PL,,warsaw,mapillary,2024-01-27,1.0
308653818283433,raw/mapillary/prague/images/308653818283433.jpg,49.956779,14.324369,CZ,,prague,mapillary,2023-07-09,1.0
2854017124835515,raw/mapillary/budapest/images/2854017124835515.jpg,47.530235,18.987057,HU,,budapest,mapillary,2020-04-25,1.0
779701204588544,raw/mapillary/warsaw/images/779701204588544.jpg,52.101759,20.876067,PL,,warsaw,mapillary,2025-07-25,1.0
522885372041609,raw/mapillary/prague/images/522885372041609.jpg,49.959139,14.462343,CZ,,prague,mapillary,2020-05-26,1.0
1918978045125802,raw/mapillary/prague/images/1918978045125802.jpg,49.967457,14.333779,CZ,,prague,mapillary,2023-07-09,1.0
366414378112726,raw/mapillary/budapest/images/366414378112726.jpg,47.534419,18.990386,HU,,budapest,mapillary,2016-04-10,1.0
183115686911233,raw/mapillary/budapest/images/183115686911233.jpg,47.530547,18.9787,HU,,budapest,mapillary,2019-06-01,1.0
1268533496875353,raw/mapillary/prague/images/1268533496875353.jpg,49.959583,14.521828,CZ,,prague,mapillary,2015-11-07,1.0
1808594586221954,raw/mapillary/prague/images/1808594586221954.jpg,49.959485,14.632027,CZ,,prague,mapillary,2023-04-01,1.0
219271172979872,raw/mapillary/budapest/images/219271172979872.jpg,47.520075,18.973366,HU,,budapest,mapillary,2018-08-14,1.0
254278269717812,raw/mapillary/budapest/images/254278269717812.jpg,47.53463,18.990707,HU,,budapest,mapillary,2016-04-10,1.0
522889459066432,raw/mapillary/prague/images/522889459066432.jpg,49.968548,14.334003,CZ,,prague,mapillary,2016-10-09,1.0
768041393884940,raw/mapillary/prague/images/768041393884940.jpg,49.969265,14.335637,CZ,,prague,mapillary,2016-10-09,1.0
847563619448249,raw/mapillary/prague/images/847563619448249.jpg,49.952427,14.518048,CZ,,prague,mapillary,2020-05-27,1.0
3115520302068048,raw/mapillary/budapest/images/3115520302068048.jpg,47.510162,18.977736,HU,,budapest,mapillary,2019-03-26,1.0
255345284253889,raw/mapillary/warsaw/images/255345284253889.jpg,52.106902,20.99335,PL,,warsaw,mapillary,2024-01-27,1.0
3591070754331118,raw/mapillary/budapest/images/3591070754331118.jpg,47.490145,19.002279,HU,,budapest,mapillary,2018-08-27,1.0
146099650805759,raw/mapillary/budapest/images/146099650805759.jpg,47.520029,18.97365,HU,,budapest,mapillary,2018-08-14,1.0
533025814774312,raw/mapillary/warsaw/images/533025814774312.jpg,52.104871,21.092908,PL,,warsaw,mapillary,2021-06-07,1.0
3488816838026820,raw/mapillary/prague/images/3488816838026820.jpg,49.967629,14.336632,CZ,,prague,mapillary,2023-07-09,1.0
1398059348748454,raw/mapillary/prague/images/1398059348748454.jpg,49.95965,14.631874,CZ,,prague,mapillary,2026-04-15,1.0
1931865430543620,raw/mapillary/prague/images/1931865430543620.jpg,49.959684,14.394138,CZ,,prague,mapillary,2022-10-26,1.0
1073686846374760,raw/mapillary/budapest/images/1073686846374760.jpg,47.520123,18.973138,HU,,budapest,mapillary,2018-08-14,1.0
529828751517790,raw/mapillary/prague/images/529828751517790.jpg,49.959257,14.520923,CZ,,prague,mapillary,2020-05-27,1.0
150029830400448,raw/mapillary/budapest/images/150029830400448.jpg,47.520062,18.973443,HU,,budapest,mapillary,2018-08-14,1.0
223629129258377,raw/mapillary/prague/images/223629129258377.jpg,49.960411,14.323543,CZ,,prague,mapillary,2016-10-09,1.0
484971592559189,raw/mapillary/warsaw/images/484971592559189.jpg,52.101131,20.868273,PL,,warsaw,mapillary,2019-11-03,1.0
3835417156744295,raw/mapillary/prague/images/3835417156744295.jpg,49.954704,14.606092,CZ,,prague,mapillary,2024-08-28,1.0
3673463369602796,raw/mapillary/warsaw/images/3673463369602796.jpg,52.10614,21.020155,PL,,warsaw,mapillary,2024-01-27,1.0
808060464008323,raw/mapillary/prague/images/808060464008323.jpg,49.959587,14.631903,CZ,,prague,mapillary,2023-04-01,1.0
514510579920643,raw/mapillary/budapest/images/514510579920643.jpg,47.474132,18.990479,HU,,budapest,mapillary,2019-07-25,1.0
529828914688327,raw/mapillary/warsaw/images/529828914688327.jpg,52.10016,20.853838,PL,,warsaw,mapillary,2020-07-03,1.0
353713213713827,raw/mapillary/prague/images/353713213713827.jpg,49.957003,14.530032,CZ,,prague,mapillary,2022-10-26,1.0
177086870951663,raw/mapillary/budapest/images/177086870951663.jpg,47.490184,19.002339,HU,,budapest,mapillary,2017-05-05,1.0
313623816834639,raw/mapillary/prague/images/313623816834639.jpg,49.954558,14.320624,CZ,,prague,mapillary,2016-10-09,1.0
1264854963969701,raw/mapillary/prague/images/1264854963969701.jpg,49.951027,14.518228,CZ,,prague,mapillary,2020-05-27,1.0
1071609497371424,raw/mapillary/warsaw/images/1071609497371424.jpg,52.106535,20.993393,PL,,warsaw,mapillary,2024-01-27,1.0
5471351842914744,raw/mapillary/warsaw/images/5471351842914744.jpg,52.103134,20.9702,PL,,warsaw,mapillary,2022-09-24,1.0
1929800987184024,raw/mapillary/budapest/images/1929800987184024.jpg,47.483151,18.980119,HU,,budapest,mapillary,2018-09-16,1.0
1267049484526752,raw/mapillary/warsaw/images/1267049484526752.jpg,52.100837,21.084414,PL,,warsaw,mapillary,2025-01-25,1.0
396307412802043,raw/mapillary/warsaw/images/396307412802043.jpg,52.10641,21.020167,PL,,warsaw,mapillary,2024-01-27,1.0
137404658419567,raw/mapillary/budapest/images/137404658419567.jpg,47.530172,18.987025,HU,,budapest,mapillary,2020-04-25,1.0
399466942737357,raw/mapillary/warsaw/images/399466942737357.jpg,52.109144,21.042345,PL,,warsaw,mapillary,2024-01-27,1.0
918962732217994,raw/mapillary/budapest/images/918962732217994.jpg,47.48577,19.010658,HU,,budapest,mapillary,2018-08-23,1.0
1541492776747208,raw/mapillary/warsaw/images/1541492776747208.jpg,52.107685,20.93227,PL,,warsaw,mapillary,2024-06-05,1.0
1553322865598019,raw/mapillary/prague/images/1553322865598019.jpg,49.958389,14.60244,CZ,,prague,mapillary,2024-08-28,1.0
1487732618659316,raw/mapillary/prague/images/1487732618659316.jpg,49.951548,14.3917,CZ,,prague,mapillary,2022-10-26,1.0
1661966927341248,raw/mapillary/warsaw/images/1661966927341248.jpg,52.101777,20.876626,PL,,warsaw,mapillary,2017-03-01,1.0
980920270614476,raw/mapillary/prague/images/980920270614476.jpg,49.969465,14.386947,CZ,,prague,mapillary,2024-12-08,1.0
236947208198769,raw/mapillary/warsaw/images/236947208198769.jpg,52.101544,20.87337,PL,,warsaw,mapillary,2017-03-01,1.0
196504403496004,raw/mapillary/warsaw/images/196504403496004.jpg,52.103163,20.970227,PL,,warsaw,mapillary,2023-09-05,1.0
376294441321715,raw/mapillary/warsaw/images/376294441321715.jpg,52.101106,21.054018,PL,,warsaw,mapillary,2022-08-07,1.0
809184189698394,raw/mapillary/prague/images/809184189698394.jpg,49.955323,14.381676,CZ,,prague,mapillary,2016-04-13,1.0
1453001648431846,raw/mapillary/budapest/images/1453001648431846.jpg,47.536382,19.00018,HU,,budapest,mapillary,2020-01-26,1.0
1023918595365704,raw/mapillary/warsaw/images/1023918595365704.jpg,52.100963,20.96093,PL,,warsaw,mapillary,2024-01-27,1.0
784691393123851,raw/mapillary/budapest/images/784691393123851.jpg,47.52015,18.972793,HU,,budapest,mapillary,2023-05-31,1.0
1470234036689912,raw/mapillary/prague/images/1470234036689912.jpg,49.956779,14.530275,CZ,,prague,mapillary,2021-10-20,1.0
1695012744755009,raw/mapillary/prague/images/1695012744755009.jpg,49.959455,14.632069,CZ,,prague,mapillary,2025-02-22,1.0
839954756619738,raw/mapillary/prague/images/839954756619738.jpg,49.953122,14.518018,CZ,,prague,mapillary,2016-10-01,1.0
900286889187550,raw/mapillary/prague/images/900286889187550.jpg,49.969446,14.386983,CZ,,prague,mapillary,2026-02-01,1.0
147053350761041,raw/mapillary/budapest/images/147053350761041.jpg,47.493807,18.979534,HU,,budapest,mapillary,2019-03-22,1.0
630759758325145,raw/mapillary/prague/images/630759758325145.jpg,49.956849,14.530256,CZ,,prague,mapillary,2016-08-28,1.0
2991385847757239,raw/mapillary/prague/images/2991385847757239.jpg,49.960135,14.379424,CZ,,prague,mapillary,2016-11-08,1.0
261399899017140,raw/mapillary/budapest/images/261399899017140.jpg,47.490119,19.002365,HU,,budapest,mapillary,2017-05-05,1.0
268707361624776,raw/mapillary/budapest/images/268707361624776.jpg,47.480957,18.980035,HU,,budapest,mapillary,2018-10-06,1.0
492838505503427,raw/mapillary/prague/images/492838505503427.jpg,49.964366,14.326413,CZ,,prague,mapillary,2016-10-09,1.0
159893909392750,raw/mapillary/budapest/images/159893909392750.jpg,47.534602,18.990638,HU,,budapest,mapillary,2016-04-10,1.0
153842853363021,raw/mapillary/budapest/images/153842853363021.jpg,47.499618,19.090167,HU,,budapest,mapillary,2018-03-21,1.0
695670525727655,raw/mapillary/prague/images/695670525727655.jpg,49.967307,14.337563,CZ,,prague,mapillary,2023-07-09,1.0
1659850812113279,raw/mapillary/warsaw/images/1659850812113279.jpg,52.107798,20.932358,PL,,warsaw,mapillary,2026-03-01,1.0
852131078715734,raw/mapillary/budapest/images/852131078715734.jpg,47.48001,19.014458,HU,,budapest,mapillary,2021-02-02,1.0
1198180830646886,raw/mapillary/budapest/images/1198180830646886.jpg,47.479476,18.980074,HU,,budapest,mapillary,2018-09-18,1.0
1406116349736038,raw/mapillary/budapest/images/1406116349736038.jpg,47.480596,18.980406,HU,,budapest,mapillary,2018-10-06,1.0
924385256993046,raw/mapillary/prague/images/924385256993046.jpg,49.959432,14.632089,CZ,,prague,mapillary,2026-03-04,1.0
754082733130583,raw/mapillary/budapest/images/754082733130583.jpg,47.540349,18.970106,HU,,budapest,mapillary,2023-06-02,1.0
506048509175001,raw/mapillary/warsaw/images/506048509175001.jpg,52.104807,21.092685,PL,,warsaw,mapillary,2025-01-25,1.0
1280975683279734,raw/mapillary/warsaw/images/1280975683279734.jpg,52.104138,20.970964,PL,,warsaw,mapillary,2025-09-20,1.0
883792510314349,raw/mapillary/prague/images/883792510314349.jpg,49.958564,14.602128,CZ,,prague,mapillary,2024-08-28,1.0
474420317389232,raw/mapillary/warsaw/images/474420317389232.jpg,52.105068,21.055626,PL,,warsaw,mapillary,2022-08-07,1.0
3945458502209933,raw/mapillary/prague/images/3945458502209933.jpg,49.95394,14.377128,CZ,,prague,mapillary,2019-04-12,1.0
802621503689567,raw/mapillary/budapest/images/802621503689567.jpg,47.490294,19.002296,HU,,budapest,mapillary,2017-05-05,1.0
484686659257091,raw/mapillary/prague/images/484686659257091.jpg,49.957293,14.518082,CZ,,prague,mapillary,2020-05-27,1.0
678521991677778,raw/mapillary/warsaw/images/678521991677778.jpg,52.107782,20.932358,PL,,warsaw,mapillary,2025-06-12,1.0
2095702341249288,raw/mapillary/prague/images/2095702341249288.jpg,49.960217,14.379108,CZ,,prague,mapillary,2026-01-12,1.0
467203708778133,raw/mapillary/warsaw/images/467203708778133.jpg,52.103008,20.970171,PL,,warsaw,mapillary,2022-09-24,1.0
302922147979509,raw/mapillary/prague/images/302922147979509.jpg,49.951033,14.519148,CZ,,prague,mapillary,2016-10-01,1.0
400330595741242,raw/mapillary/warsaw/images/400330595741242.jpg,52.109704,20.997228,PL,,warsaw,mapillary,2024-01-27,1.0
196381182316950,raw/mapillary/budapest/images/196381182316950.jpg,47.520123,18.973138,HU,,budapest,mapillary,2018-08-14,1.0
1275740691103050,raw/mapillary/warsaw/images/1275740691103050.jpg,52.104613,20.931356,PL,,warsaw,mapillary,2026-03-01,1.0
498063582624803,raw/mapillary/prague/images/498063582624803.jpg,49.96916,14.38658,CZ,,prague,mapillary,2024-12-08,1.0
844890556096312,raw/mapillary/prague/images/844890556096312.jpg,49.958117,14.528993,CZ,,prague,mapillary,2016-08-28,1.0
370226318035618,raw/mapillary/warsaw/images/370226318035618.jpg,52.107284,20.93217,PL,,warsaw,mapillary,2021-05-03,1.0
1400500300325642,raw/mapillary/budapest/images/1400500300325642.jpg,47.535588,19.000109,HU,,budapest,mapillary,2017-12-10,1.0
301018325018473,raw/mapillary/prague/images/301018325018473.jpg,49.955512,14.465269,CZ,,prague,mapillary,2020-05-26,1.0
731899709694076,raw/mapillary/warsaw/images/731899709694076.jpg,52.101817,20.876929,PL,,warsaw,mapillary,2025-07-25,1.0
978722407691842,raw/mapillary/warsaw/images/978722407691842.jpg,52.104396,21.090799,PL,,warsaw,mapillary,2025-01-25,1.0
1630348677546855,raw/mapillary/budapest/images/1630348677546855.jpg,47.541872,18.986316,HU,,budapest,mapillary,2024-11-03,1.0
287530386302560,raw/mapillary/budapest/images/287530386302560.jpg,47.499606,19.090058,HU,,budapest,mapillary,2018-10-06,1.0
1255473595165662,raw/mapillary/warsaw/images/1255473595165662.jpg,52.100078,20.853503,PL,,warsaw,mapillary,2023-09-09,1.0
2955588678032775,raw/mapillary/budapest/images/2955588678032775.jpg,47.499497,19.090353,HU,,budapest,mapillary,2017-11-15,1.0
3566597660323228,raw/mapillary/warsaw/images/3566597660323228.jpg,52.10269,21.038701,PL,,warsaw,mapillary,2024-01-27,1.0
327403802161376,raw/mapillary/budapest/images/327403802161376.jpg,47.480298,18.970576,HU,,budapest,mapillary,2020-06-30,1.0
305603718920932,raw/mapillary/prague/images/305603718920932.jpg,49.952357,14.537282,CZ,,prague,mapillary,2022-10-26,1.0
496451713131311,raw/mapillary/prague/images/496451713131311.jpg,49.959485,14.632201,CZ,,prague,mapillary,2024-09-01,1.0
1177929693183987,raw/mapillary/warsaw/images/1177929693183987.jpg,52.102729,21.038762,PL,,warsaw,mapillary,2024-01-27,1.0
303633767915190,raw/mapillary/budapest/images/303633767915190.jpg,47.530585,18.978718,HU,,budapest,mapillary,2018-07-03,1.0
2818041915175269,raw/mapillary/budapest/images/2818041915175269.jpg,47.510145,18.978459,HU,,budapest,mapillary,2019-03-26,1.0
711025017166535,raw/mapillary/prague/images/711025017166535.jpg,49.956945,14.530097,CZ,,prague,mapillary,2022-10-26,1.0
1659347531196211,raw/mapillary/budapest/images/1659347531196211.jpg,47.540109,18.971017,HU,,budapest,mapillary,2023-06-02,1.0
326488752367277,raw/mapillary/prague/images/326488752367277.jpg,49.958115,14.518785,CZ,,prague,mapillary,2016-10-01,1.0
1428688108371998,raw/mapillary/warsaw/images/1428688108371998.jpg,52.101771,20.876227,PL,,warsaw,mapillary,2025-07-25,1.0
3507840416143390,raw/mapillary/prague/images/3507840416143390.jpg,49.966704,14.33903,CZ,,prague,mapillary,2023-07-09,1.0
477045117122233,raw/mapillary/warsaw/images/477045117122233.jpg,52.108611,21.056741,PL,,warsaw,mapillary,2022-08-07,1.0
1563906631362559,raw/mapillary/prague/images/1563906631362559.jpg,49.953652,14.376611,CZ,,prague,mapillary,2026-03-28,1.0
1264115727760131,raw/mapillary/warsaw/images/1264115727760131.jpg,52.102373,21.019096,PL,,warsaw,mapillary,2022-08-04,1.0
1509827326360198,raw/mapillary/warsaw/images/1509827326360198.jpg,52.104389,21.090647,PL,,warsaw,mapillary,2025-01-25,1.0
263521445516591,raw/mapillary/budapest/images/263521445516591.jpg,47.54911,18.978286,HU,,budapest,mapillary,2020-08-14,1.0
1097841674744781,raw/mapillary/warsaw/images/1097841674744781.jpg,52.104365,21.035249,PL,,warsaw,mapillary,2024-01-27,1.0
812130392738668,raw/mapillary/prague/images/812130392738668.jpg,49.953047,14.518011,CZ,,prague,mapillary,2020-05-27,1.0
1277547322921669,raw/mapillary/prague/images/1277547322921669.jpg,49.958335,14.393191,CZ,,prague,mapillary,2022-10-26,1.0
2041565002999901,raw/mapillary/prague/images/2041565002999901.jpg,49.957361,14.603319,CZ,,prague,mapillary,2025-06-01,1.0
814854732483840,raw/mapillary/warsaw/images/814854732483840.jpg,52.10152,21.064535,PL,,warsaw,mapillary,2021-06-07,1.0
1168077694640200,raw/mapillary/prague/images/1168077694640200.jpg,49.95966,14.631867,CZ,,prague,mapillary,2024-05-29,1.0
498595874600678,raw/mapillary/prague/images/498595874600678.jpg,49.954391,14.38157,CZ,,prague,mapillary,2016-04-13,1.0
898369009643814,raw/mapillary/prague/images/898369009643814.jpg,49.95963,14.631854,CZ,,prague,mapillary,2026-03-04,1.0
196915895641665,raw/mapillary/warsaw/images/196915895641665.jpg,52.100536,21.065965,PL,,warsaw,mapillary,2021-06-07,1.0
6986281124823187,raw/mapillary/warsaw/images/6986281124823187.jpg,52.106571,20.963599,PL,,warsaw,mapillary,2024-01-27,1.0
3034207033445518,raw/mapillary/prague/images/3034207033445518.jpg,49.960458,14.379033,CZ,,prague,mapillary,2026-04-03,1.0
157937743578624,raw/mapillary/prague/images/157937743578624.jpg,49.959881,14.527217,CZ,,prague,mapillary,2022-08-27,1.0
1229671119106097,raw/mapillary/prague/images/1229671119106097.jpg,49.967912,14.385431,CZ,,prague,mapillary,2026-02-01,1.0
1258072218669318,raw/mapillary/budapest/images/1258072218669318.jpg,47.541466,18.986086,HU,,budapest,mapillary,2024-11-03,1.0
1525702001551875,raw/mapillary/warsaw/images/1525702001551875.jpg,52.103993,20.970489,PL,,warsaw,mapillary,2023-09-05,1.0
142270011225893,raw/mapillary/prague/images/142270011225893.jpg,49.96011,14.323172,CZ,,prague,mapillary,2016-10-09,1.0
705269628178437,raw/mapillary/prague/images/705269628178437.jpg,49.958472,14.393272,CZ,,prague,mapillary,2022-10-26,1.0
488007492555237,raw/mapillary/budapest/images/488007492555237.jpg,47.480181,19.008032,HU,,budapest,mapillary,2018-08-27,1.0
807964463184294,raw/mapillary/budapest/images/807964463184294.jpg,47.530518,18.997715,HU,,budapest,mapillary,2018-01-30,1.0
405196805223077,raw/mapillary/warsaw/images/405196805223077.jpg,52.107817,21.040433,PL,,warsaw,mapillary,2024-01-27,1.0
407213288305925,raw/mapillary/warsaw/images/407213288305925.jpg,52.106597,20.963611,PL,,warsaw,mapillary,2024-01-27,1.0
505248450626886,raw/mapillary/prague/images/505248450626886.jpg,49.960103,14.379383,CZ,,prague,mapillary,2017-10-19,1.0
2632074346956907,raw/mapillary/warsaw/images/2632074346956907.jpg,52.104209,21.035148,PL,,warsaw,mapillary,2024-01-27,1.0
867940930875866,raw/mapillary/warsaw/images/867940930875866.jpg,52.101173,20.868557,PL,,warsaw,mapillary,2022-12-02,1.0
3647268852044238,raw/mapillary/budapest/images/3647268852044238.jpg,47.480095,19.0083,HU,,budapest,mapillary,2018-08-27,1.0
465078944711842,raw/mapillary/prague/images/465078944711842.jpg,49.952265,14.537484,CZ,,prague,mapillary,2016-08-28,1.0
4464218997024763,raw/mapillary/budapest/images/4464218997024763.jpg,47.486428,19.000189,HU,,budapest,mapillary,2021-01-20,1.0
1106861567806582,raw/mapillary/warsaw/images/1106861567806582.jpg,52.103468,21.040521,PL,,warsaw,mapillary,2025-01-25,1.0
281586657006838,raw/mapillary/budapest/images/281586657006838.jpg,47.520143,18.973036,HU,,budapest,mapillary,2018-08-14,1.0
870367000495332,raw/mapillary/budapest/images/870367000495332.jpg,47.549129,18.973628,HU,,budapest,mapillary,2017-12-10,1.0
578352173084947,raw/mapillary/budapest/images/578352173084947.jpg,47.510305,18.976718,HU,,budapest,mapillary,2019-03-26,1.0
1212502566095806,raw/mapillary/prague/images/1212502566095806.jpg,49.955033,14.326048,CZ,,prague,mapillary,2023-07-09,1.0
799658540677173,raw/mapillary/budapest/images/799658540677173.jpg,47.520128,18.97307,HU,,budapest,mapillary,2018-08-08,1.0
726532152737427,raw/mapillary/prague/images/726532152737427.jpg,49.952208,14.537498,CZ,,prague,mapillary,2022-10-26,1.0
302725391370667,raw/mapillary/budapest/images/302725391370667.jpg,47.479431,18.980055,HU,,budapest,mapillary,2018-09-18,1.0
4435036729864055,raw/mapillary/budapest/images/4435036729864055.jpg,47.490058,19.002433,HU,,budapest,mapillary,2017-05-05,1.0
1167475151402408,raw/mapillary/warsaw/images/1167475151402408.jpg,52.104449,21.090857,PL,,warsaw,mapillary,2025-01-25,1.0
1525532198183182,raw/mapillary/warsaw/images/1525532198183182.jpg,52.101235,20.869877,PL,,warsaw,mapillary,2023-09-09,1.0
1061118474415765,raw/mapillary/budapest/images/1061118474415765.jpg,47.499532,19.090624,HU,,budapest,mapillary,2020-09-09,1.0
1473334719669583,raw/mapillary/budapest/images/1473334719669583.jpg,47.478497,18.980206,HU,,budapest,mapillary,2018-09-18,1.0
274451692325274,raw/mapillary/warsaw/images/274451692325274.jpg,52.109245,21.042505,PL,,warsaw,mapillary,2024-01-27,1.0
1068320218313879,raw/mapillary/warsaw/images/1068320218313879.jpg,52.100518,21.084229,PL,,warsaw,mapillary,2025-01-25,1.0
975065764505166,raw/mapillary/warsaw/images/975065764505166.jpg,52.10411,21.089824,PL,,warsaw,mapillary,2025-01-25,1.0
141646317887633,raw/mapillary/budapest/images/141646317887633.jpg,47.495039,18.979657,HU,,budapest,mapillary,2017-11-01,1.0
1367334304355176,raw/mapillary/warsaw/images/1367334304355176.jpg,52.102253,21.018797,PL,,warsaw,mapillary,2025-07-05,1.0
923696465829599,raw/mapillary/warsaw/images/923696465829599.jpg,52.109707,20.997139,PL,,warsaw,mapillary,2024-01-27,1.0
281577610939280,raw/mapillary/warsaw/images/281577610939280.jpg,52.103191,20.970235,PL,,warsaw,mapillary,2023-09-05,1.0
311956857143352,raw/mapillary/budapest/images/311956857143352.jpg,47.510159,18.975382,HU,,budapest,mapillary,2020-10-16,1.0
322044415935941,raw/mapillary/budapest/images/322044415935941.jpg,47.499596,19.090668,HU,,budapest,mapillary,2018-10-06,1.0
541346927676379,raw/mapillary/warsaw/images/541346927676379.jpg,52.108685,21.056303,PL,,warsaw,mapillary,2022-08-07,1.0
126924742720851,raw/mapillary/budapest/images/126924742720851.jpg,47.470017,18.979509,HU,,budapest,mapillary,2016-03-19,1.0
366082074934069,raw/mapillary/prague/images/366082074934069.jpg,49.959573,14.631864,CZ,,prague,mapillary,2019-06-24,1.0
1683214872875436,raw/mapillary/prague/images/1683214872875436.jpg,49.958174,14.63386,CZ,,prague,mapillary,2026-04-15,1.0
860686431458006,raw/mapillary/prague/images/860686431458006.jpg,49.959728,14.522412,CZ,,prague,mapillary,2020-05-27,1.0
1137786653367223,raw/mapillary/prague/images/1137786653367223.jpg,49.951147,14.519158,CZ,,prague,mapillary,2016-10-01,1.0
1106141016532252,raw/mapillary/warsaw/images/1106141016532252.jpg,52.101897,20.879083,PL,,warsaw,mapillary,2019-11-03,1.0
1844879045983596,raw/mapillary/warsaw/images/1844879045983596.jpg,52.109182,21.042409,PL,,warsaw,mapillary,2024-01-27,1.0
2795503913946734,raw/mapillary/budapest/images/2795503913946734.jpg,47.541554,18.986234,HU,,budapest,mapillary,2024-11-03,1.0
915240019254662,raw/mapillary/budapest/images/915240019254662.jpg,47.520161,18.972961,HU,,budapest,mapillary,2018-08-14,1.0
595516099425711,raw/mapillary/prague/images/595516099425711.jpg,49.967733,14.334214,CZ,,prague,mapillary,2023-07-09,1.0
835438417181849,raw/mapillary/budapest/images/835438417181849.jpg,47.480119,19.00824,HU,,budapest,mapillary,2018-08-27,1.0
2147220205758742,raw/mapillary/warsaw/images/2147220205758742.jpg,52.101879,20.877715,PL,,warsaw,mapillary,2025-07-25,1.0
838352704154484,raw/mapillary/warsaw/images/838352704154484.jpg,52.101807,20.877512,PL,,warsaw,mapillary,2022-12-02,1.0
305466402367983,raw/mapillary/warsaw/images/305466402367983.jpg,52.102993,20.970189,PL,,warsaw,mapillary,2023-09-05,1.0
286596806461677,raw/mapillary/budapest/images/286596806461677.jpg,47.499519,19.090413,HU,,budapest,mapillary,2020-11-17,1.0
344177823965648,raw/mapillary/prague/images/344177823965648.jpg,49.952772,14.375726,CZ,,prague,mapillary,2017-05-21,1.0
106295558188163,raw/mapillary/prague/images/106295558188163.jpg,49.957053,14.530049,CZ,,prague,mapillary,2016-09-07,1.0
157405636226864,raw/mapillary/budapest/images/157405636226864.jpg,47.520014,18.973754,HU,,budapest,mapillary,2018-08-14,1.0
1745424042899068,raw/mapillary/budapest/images/1745424042899068.jpg,47.510036,18.978523,HU,,budapest,mapillary,2024-10-05,1.0
4396141770482678,raw/mapillary/prague/images/4396141770482678.jpg,49.957841,14.529024,CZ,,prague,mapillary,2021-10-20,1.0
342175692028325,raw/mapillary/warsaw/images/342175692028325.jpg,52.106001,21.020053,PL,,warsaw,mapillary,2024-01-27,1.0
722539547259825,raw/mapillary/warsaw/images/722539547259825.jpg,52.101527,20.872978,PL,,warsaw,mapillary,2025-07-25,1.0
990152228186856,raw/mapillary/prague/images/990152228186856.jpg,49.952942,14.467584,CZ,,prague,mapillary,2020-05-26,1.0
250850991375492,raw/mapillary/warsaw/images/250850991375492.jpg,52.103354,20.970217,PL,,warsaw,mapillary,2024-01-19,1.0
722296283331994,raw/mapillary/warsaw/images/722296283331994.jpg,52.109016,21.042108,PL,,warsaw,mapillary,2024-01-27,1.0
739377888031570,raw/mapillary/warsaw/images/739377888031570.jpg,52.103397,20.970573,PL,,warsaw,mapillary,2023-09-05,1.0
1433946733961367,raw/mapillary/prague/images/1433946733961367.jpg,49.956974,14.603419,CZ,,prague,mapillary,2024-08-28,1.0
908307839726776,raw/mapillary/budapest/images/908307839726776.jpg,47.486411,19.000549,HU,,budapest,mapillary,2020-12-15,1.0
505103194003960,raw/mapillary/prague/images/505103194003960.jpg,49.952788,14.518072,CZ,,prague,mapillary,2015-11-14,1.0
251472000978759,raw/mapillary/prague/images/251472000978759.jpg,49.953521,14.327708,CZ,,prague,mapillary,2023-07-09,1.0
3695217357274317,raw/mapillary/budapest/images/3695217357274317.jpg,47.486416,19.000753,HU,,budapest,mapillary,2021-01-20,1.0
1025746012011009,raw/mapillary/prague/images/1025746012011009.jpg,49.952162,14.537562,CZ,,prague,mapillary,2022-10-26,1.0
247537584960805,raw/mapillary/warsaw/images/247537584960805.jpg,52.106475,20.993396,PL,,warsaw,mapillary,2024-01-27,1.0
299271989164504,raw/mapillary/prague/images/299271989164504.jpg,49.965635,14.32954,CZ,,prague,mapillary,2023-07-09,1.0
1407879893173157,raw/mapillary/budapest/images/1407879893173157.jpg,47.499561,19.090184,HU,,budapest,mapillary,2024-07-24,1.0
786006393313652,raw/mapillary/warsaw/images/786006393313652.jpg,52.101016,20.960957,PL,,warsaw,mapillary,2024-01-27,1.0
222533882657109,raw/mapillary/budapest/images/222533882657109.jpg,47.530059,18.986786,HU,,budapest,mapillary,2020-04-25,1.0
191766646239499,raw/mapillary/prague/images/191766646239499.jpg,49.951257,14.519117,CZ,,prague,mapillary,2016-10-01,1.0
926109207930495,raw/mapillary/budapest/images/926109207930495.jpg,47.475167,18.990264,HU,,budapest,mapillary,2016-03-19,1.0
1554771102105253,raw/mapillary/prague/images/1554771102105253.jpg,49.959637,14.632101,CZ,,prague,mapillary,2024-08-02,1.0
1097846101919203,raw/mapillary/budapest/images/1097846101919203.jpg,47.54182,18.986295,HU,,budapest,mapillary,2024-11-03,1.0
695640969849869,raw/mapillary/prague/images/695640969849869.jpg,49.955381,14.604567,CZ,,prague,mapillary,2025-06-01,1.0
482797141286689,raw/mapillary/warsaw/images/482797141286689.jpg,52.104724,21.093103,PL,,warsaw,mapillary,2025-01-25,1.0
991301009018472,raw/mapillary/warsaw/images/991301009018472.jpg,52.10763,21.040035,PL,,warsaw,mapillary,2024-01-27,1.0
1114009267297333,raw/mapillary/warsaw/images/1114009267297333.jpg,52.10184,20.878262,PL,,warsaw,mapillary,2025-07-23,1.0
850252299178877,raw/mapillary/prague/images/850252299178877.jpg,49.958105,14.529028,CZ,,prague,mapillary,2016-09-07,1.0
831727335055035,raw/mapillary/prague/images/831727335055035.jpg,49.952154,14.328876,CZ,,prague,mapillary,2023-07-09,1.0
135456168596067,raw/mapillary/budapest/images/135456168596067.jpg,47.480133,19.008201,HU,,budapest,mapillary,2018-08-27,1.0
232508913076399,raw/mapillary/prague/images/232508913076399.jpg,49.95748,14.324002,CZ,,prague,mapillary,2023-07-09,1.0
1027099429522133,raw/mapillary/prague/images/1027099429522133.jpg,49.95371,14.376613,CZ,,prague,mapillary,2025-04-20,1.0
288662089580005,raw/mapillary/budapest/images/288662089580005.jpg,47.478444,18.980021,HU,,budapest,mapillary,2018-09-18,1.0
194009289205698,raw/mapillary/prague/images/194009289205698.jpg,49.960867,14.382072,CZ,,prague,mapillary,2016-04-13,1.0
1354874878396196,raw/mapillary/prague/images/1354874878396196.jpg,49.966362,14.340336,CZ,,prague,mapillary,2023-07-09,1.0
1856830218454809,raw/mapillary/warsaw/images/1856830218454809.jpg,52.104744,21.093302,PL,,warsaw,mapillary,2025-01-25,1.0
1454498275221929,raw/mapillary/prague/images/1454498275221929.jpg,49.959638,14.632168,CZ,,prague,mapillary,2024-10-31,1.0
467658644438444,raw/mapillary/budapest/images/467658644438444.jpg,47.510114,18.978636,HU,,budapest,mapillary,2018-09-09,1.0
338933128683640,raw/mapillary/prague/images/338933128683640.jpg,49.958566,14.39333,CZ,,prague,mapillary,2022-10-26,1.0
789907558585057,raw/mapillary/budapest/images/789907558585057.jpg,47.47867,18.990919,HU,,budapest,mapillary,2018-10-14,1.0
909372146527586,raw/mapillary/budapest/images/909372146527586.jpg,47.520176,18.972806,HU,,budapest,mapillary,2018-08-06,1.0
487639562366815,raw/mapillary/budapest/images/487639562366815.jpg,47.493829,18.979798,HU,,budapest,mapillary,2019-03-22,1.0
587596924196416,raw/mapillary/warsaw/images/587596924196416.jpg,52.10041,21.084093,PL,,warsaw,mapillary,2025-01-25,1.0
190402029578028,raw/mapillary/budapest/images/190402029578028.jpg,47.485705,19.010603,HU,,budapest,mapillary,2018-08-23,1.0
527975134871895,raw/mapillary/warsaw/images/527975134871895.jpg,52.107901,20.980066,PL,,warsaw,mapillary,2020-06-30,1.0
838049666806638,raw/mapillary/budapest/images/838049666806638.jpg,47.480142,18.978031,HU,,budapest,mapillary,2019-08-11,1.0
1101078291719209,raw/mapillary/prague/images/1101078291719209.jpg,49.969599,14.385406,CZ,,prague,mapillary,2024-12-08,1.0
1640438896584700,raw/mapillary/warsaw/images/1640438896584700.jpg,52.100736,21.084386,PL,,warsaw,mapillary,2025-01-25,1.0
137796551592030,raw/mapillary/budapest/images/137796551592030.jpg,47.520156,18.972935,HU,,budapest,mapillary,2018-08-06,1.0
775424006503603,raw/mapillary/prague/images/775424006503603.jpg,49.950789,14.51831,CZ,,prague,mapillary,2020-05-27,1.0
942793358042587,raw/mapillary/warsaw/images/942793358042587.jpg,52.104783,21.09264,PL,,warsaw,mapillary,2025-01-25,1.0
189721526990168,raw/mapillary/budapest/images/189721526990168.jpg,47.520217,18.97256,HU,,budapest,mapillary,2023-05-31,1.0
204007601546312,raw/mapillary/prague/images/204007601546312.jpg,49.950664,14.518361,CZ,,prague,mapillary,2020-05-27,1.0
1965278423858340,raw/mapillary/prague/images/1965278423858340.jpg,49.952049,14.391739,CZ,,prague,mapillary,2022-10-26,1.0
153512690122010,raw/mapillary/budapest/images/153512690122010.jpg,47.53053,18.978704,HU,,budapest,mapillary,2020-08-14,1.0
279255000607341,raw/mapillary/budapest/images/279255000607341.jpg,47.471982,18.97884,HU,,budapest,mapillary,2018-11-01,1.0
2367433517076909,raw/mapillary/prague/images/2367433517076909.jpg,49.958151,14.633887,CZ,,prague,mapillary,2026-04-15,1.0
1296008917736723,raw/mapillary/warsaw/images/1296008917736723.jpg,52.101968,21.037513,PL,,warsaw,mapillary,2024-01-27,1.0
569648709229905,raw/mapillary/warsaw/images/569648709229905.jpg,52.103382,21.040704,PL,,warsaw,mapillary,2025-01-25,1.0
1217214432980783,raw/mapillary/budapest/images/1217214432980783.jpg,47.499662,19.090164,HU,,budapest,mapillary,2024-05-27,1.0
2916193091987829,raw/mapillary/prague/images/2916193091987829.jpg,49.959562,14.63218,CZ,,prague,mapillary,2017-09-03,1.0
2690449651078665,raw/mapillary/warsaw/images/2690449651078665.jpg,52.100039,21.083785,PL,,warsaw,mapillary,2018-09-23,1.0
1450454618622476,raw/mapillary/budapest/images/1450454618622476.jpg,47.510088,18.978511,HU,,budapest,mapillary,2020-12-06,1.0
1435610606865801,raw/mapillary/warsaw/images/1435610606865801.jpg,52.101586,21.054081,PL,,warsaw,mapillary,2022-08-07,1.0
344692613881474,raw/mapillary/budapest/images/344692613881474.jpg,47.477896,18.990093,HU,,budapest,mapillary,2017-09-09,1.0
931618580971689,raw/mapillary/prague/images/931618580971689.jpg,49.960315,14.379285,CZ,,prague,mapillary,2017-10-19,1.0
316345413275472,raw/mapillary/prague/images/316345413275472.jpg,49.958692,14.519544,CZ,,prague,mapillary,2020-05-27,1.0
1591175085424360,raw/mapillary/budapest/images/1591175085424360.jpg,47.486667,19.000747,HU,,budapest,mapillary,2025-12-04,1.0
904870831396655,raw/mapillary/prague/images/904870831396655.jpg,49.969405,14.386795,CZ,,prague,mapillary,2024-12-08,1.0
1066625594739201,raw/mapillary/budapest/images/1066625594739201.jpg,47.54149,18.986007,HU,,budapest,mapillary,2024-11-03,1.0
1459742508177417,raw/mapillary/budapest/images/1459742508177417.jpg,47.520207,18.972599,HU,,budapest,mapillary,2023-05-31,1.0
608876991505467,raw/mapillary/prague/images/608876991505467.jpg,49.969304,14.385664,CZ,,prague,mapillary,2024-12-08,1.0
3664581557132451,raw/mapillary/warsaw/images/3664581557132451.jpg,52.109072,21.03314,PL,,warsaw,mapillary,2024-01-27,1.0
512195755003853,raw/mapillary/budapest/images/512195755003853.jpg,47.510071,18.978361,HU,,budapest,mapillary,2024-10-05,1.0
1880024302159460,raw/mapillary/warsaw/images/1880024302159460.jpg,52.104838,21.093251,PL,,warsaw,mapillary,2021-06-07,1.0
609363251410649,raw/mapillary/prague/images/609363251410649.jpg,49.958213,14.52887,CZ,,prague,mapillary,2022-10-26,1.0
965988731705267,raw/mapillary/warsaw/images/965988731705267.jpg,52.104507,21.091063,PL,,warsaw,mapillary,2025-01-25,1.0
372040528900670,raw/mapillary/warsaw/images/372040528900670.jpg,52.107731,21.040189,PL,,warsaw,mapillary,2024-01-27,1.0
1267725627650578,raw/mapillary/warsaw/images/1267725627650578.jpg,52.101443,21.084861,PL,,warsaw,mapillary,2025-01-25,1.0
1164075160665006,raw/mapillary/budapest/images/1164075160665006.jpg,47.530439,18.978802,HU,,budapest,mapillary,2020-08-14,1.0
4556244117725867,raw/mapillary/budapest/images/4556244117725867.jpg,47.534064,18.990037,HU,,budapest,mapillary,2016-04-10,1.0
1715727182739713,raw/mapillary/warsaw/images/1715727182739713.jpg,52.107881,20.932393,PL,,warsaw,mapillary,2026-03-01,1.0
1128607058930333,raw/mapillary/warsaw/images/1128607058930333.jpg,52.104759,21.093122,PL,,warsaw,mapillary,2025-01-25,1.0
2558110807830125,raw/mapillary/budapest/images/2558110807830125.jpg,47.530288,18.978938,HU,,budapest,mapillary,2019-05-08,1.0
955006413428985,raw/mapillary/warsaw/images/955006413428985.jpg,52.104237,21.090247,PL,,warsaw,mapillary,2025-01-25,1.0
304881617832088,raw/mapillary/budapest/images/304881617832088.jpg,47.474208,18.990326,HU,,budapest,mapillary,2017-05-14,1.0
1099200661116368,raw/mapillary/warsaw/images/1099200661116368.jpg,52.106382,20.963509,PL,,warsaw,mapillary,2024-01-27,1.0
761720804495173,raw/mapillary/budapest/images/761720804495173.jpg,47.510157,18.977646,HU,,budapest,mapillary,2018-08-16,1.0
767290585954534,raw/mapillary/warsaw/images/767290585954534.jpg,52.101737,20.875967,PL,,warsaw,mapillary,2025-07-25,1.0
734706265127506,raw/mapillary/prague/images/734706265127506.jpg,49.967421,14.337238,CZ,,prague,mapillary,2023-07-09,1.0
907987600978932,raw/mapillary/prague/images/907987600978932.jpg,49.954586,14.533799,CZ,,prague,mapillary,2022-10-26,1.0
1307783143208229,raw/mapillary/warsaw/images/1307783143208229.jpg,52.101731,20.876611,PL,,warsaw,mapillary,2023-09-09,1.0
938928061356284,raw/mapillary/warsaw/images/938928061356284.jpg,52.109999,21.001022,PL,,warsaw,mapillary,2024-01-27,1.0
526508485376881,raw/mapillary/warsaw/images/526508485376881.jpg,52.100005,21.066993,PL,,warsaw,mapillary,2021-06-07,1.0
699691946001297,raw/mapillary/prague/images/699691946001297.jpg,49.950647,14.610513,CZ,,prague,mapillary,2025-06-01,1.0
393875376302878,raw/mapillary/prague/images/393875376302878.jpg,49.959653,14.394114,CZ,,prague,mapillary,2022-10-26,1.0
484039432917849,raw/mapillary/budapest/images/484039432917849.jpg,47.478118,18.974269,HU,,budapest,mapillary,2019-08-11,1.0
2578708712436799,raw/mapillary/prague/images/2578708712436799.jpg,49.95776,14.518393,CZ,,prague,mapillary,2020-05-27,1.0
282247117732518,raw/mapillary/prague/images/282247117732518.jpg,49.965116,14.328762,CZ,,prague,mapillary,2023-07-09,1.0
165015002130579,raw/mapillary/budapest/images/165015002130579.jpg,47.475114,19.010554,HU,,budapest,mapillary,2018-08-27,1.0
1285076293730251,raw/mapillary/warsaw/images/1285076293730251.jpg,52.10736,20.93212,PL,,warsaw,mapillary,2026-04-30,1.0
1097667231408468,raw/mapillary/warsaw/images/1097667231408468.jpg,52.103935,20.970835,PL,,warsaw,mapillary,2023-09-07,1.0
1124848791367709,raw/mapillary/budapest/images/1124848791367709.jpg,47.530402,18.997616,HU,,budapest,mapillary,2018-01-30,1.0
478450110034778,raw/mapillary/budapest/images/478450110034778.jpg,47.544353,18.977352,HU,,budapest,mapillary,2020-08-14,1.0
1848413585576379,raw/mapillary/warsaw/images/1848413585576379.jpg,52.107859,21.040356,PL,,warsaw,mapillary,2024-01-27,1.0
1051064223702954,raw/mapillary/warsaw/images/1051064223702954.jpg,52.103214,21.041088,PL,,warsaw,mapillary,2025-01-25,1.0
1546693819278062,raw/mapillary/warsaw/images/1546693819278062.jpg,52.107623,20.932243,PL,,warsaw,mapillary,2024-06-05,1.0
1924542894737195,raw/mapillary/budapest/images/1924542894737195.jpg,47.541616,18.986083,HU,,budapest,mapillary,2024-11-03,1.0
821180299294197,raw/mapillary/prague/images/821180299294197.jpg,49.965368,14.328973,CZ,,prague,mapillary,2023-07-09,1.0
685657847083666,raw/mapillary/warsaw/images/685657847083666.jpg,52.106356,21.02017,PL,,warsaw,mapillary,2024-01-27,1.0
1140784496402661,raw/mapillary/budapest/images/1140784496402661.jpg,47.520254,18.972396,HU,,budapest,mapillary,2020-03-30,1.0
3695302130795857,raw/mapillary/prague/images/3695302130795857.jpg,49.953118,14.391938,CZ,,prague,mapillary,2022-10-26,1.0
1662616960971928,raw/mapillary/budapest/images/1662616960971928.jpg,47.541828,18.986239,HU,,budapest,mapillary,2024-11-03,1.0
1116273408857665,raw/mapillary/prague/images/1116273408857665.jpg,49.96065,14.32474,CZ,,prague,mapillary,2016-12-31,1.0
289414106002432,raw/mapillary/prague/images/289414106002432.jpg,49.953936,14.376969,CZ,,prague,mapillary,2017-05-21,1.0
826316032599569,raw/mapillary/warsaw/images/826316032599569.jpg,52.102774,20.970077,PL,,warsaw,mapillary,2024-01-19,1.0
936039285225437,raw/mapillary/prague/images/936039285225437.jpg,49.959454,14.632395,CZ,,prague,mapillary,2024-10-31,1.0
1620361328724604,raw/mapillary/warsaw/images/1620361328724604.jpg,52.108716,21.033227,PL,,warsaw,mapillary,2024-01-27,1.0
1041143844851452,raw/mapillary/warsaw/images/1041143844851452.jpg,52.101899,20.878106,PL,,warsaw,mapillary,2025-07-25,1.0
279035710580394,raw/mapillary/prague/images/279035710580394.jpg,49.951857,14.375191,CZ,,prague,mapillary,2016-11-08,1.0
230804205221353,raw/mapillary/warsaw/images/230804205221353.jpg,52.101073,21.065115,PL,,warsaw,mapillary,2021-06-07,1.0
1356914871856775,raw/mapillary/warsaw/images/1356914871856775.jpg,52.101225,20.868736,PL,,warsaw,mapillary,2024-01-08,1.0
958834379715315,raw/mapillary/warsaw/images/958834379715315.jpg,52.10479,21.092504,PL,,warsaw,mapillary,2025-01-25,1.0
970202027049285,raw/mapillary/budapest/images/970202027049285.jpg,47.492457,18.979252,HU,,budapest,mapillary,2018-09-16,1.0
168711365175365,raw/mapillary/budapest/images/168711365175365.jpg,47.475196,19.01075,HU,,budapest,mapillary,2018-08-27,1.0
770079166985238,raw/mapillary/prague/images/770079166985238.jpg,49.960275,14.37912,CZ,,prague,mapillary,2017-05-21,1.0
750126910361181,raw/mapillary/warsaw/images/750126910361181.jpg,52.101043,20.960971,PL,,warsaw,mapillary,2024-01-27,1.0
1942725215876730,raw/mapillary/prague/images/1942725215876730.jpg,49.954315,14.320347,CZ,,prague,mapillary,2016-12-31,1.0
363639099784349,raw/mapillary/warsaw/images/363639099784349.jpg,52.10792,21.040448,PL,,warsaw,mapillary,2024-01-27,1.0
920536826830854,raw/mapillary/warsaw/images/920536826830854.jpg,52.10475,21.092915,PL,,warsaw,mapillary,2025-01-25,1.0
217989210137539,raw/mapillary/prague/images/217989210137539.jpg,49.951156,14.468802,CZ,,prague,mapillary,2020-05-26,1.0
849025963222404,raw/mapillary/prague/images/849025963222404.jpg,49.954586,14.326549,CZ,,prague,mapillary,2023-07-09,1.0
1317864806897771,raw/mapillary/prague/images/1317864806897771.jpg,49.959402,14.632376,CZ,,prague,mapillary,2026-04-15,1.0
1244641834121643,raw/mapillary/budapest/images/1244641834121643.jpg,47.486672,19.000806,HU,,budapest,mapillary,2025-12-04,1.0
754810239984720,raw/mapillary/prague/images/754810239984720.jpg,49.959465,14.323844,CZ,,prague,mapillary,2023-07-09,1.0
1188681835563170,raw/mapillary/budapest/images/1188681835563170.jpg,47.541587,18.986073,HU,,budapest,mapillary,2024-11-03,1.0
1507025626581300,raw/mapillary/prague/images/1507025626581300.jpg,49.955425,14.604444,CZ,,prague,mapillary,2024-08-28,1.0
140616054790726,raw/mapillary/prague/images/140616054790726.jpg,49.964621,14.326504,CZ,,prague,mapillary,2016-10-09,1.0
4548786881815808,raw/mapillary/budapest/images/4548786881815808.jpg,47.474287,18.990041,HU,,budapest,mapillary,2017-01-08,1.0
1470348553954785,raw/mapillary/prague/images/1470348553954785.jpg,49.952808,14.375683,CZ,,prague,mapillary,2025-07-01,1.0
1842668825911848,raw/mapillary/budapest/images/1842668825911848.jpg,47.530029,18.986796,HU,,budapest,mapillary,2020-04-25,1.0
6767853186641411,raw/mapillary/prague/images/6767853186641411.jpg,49.956732,14.53035,CZ,,prague,mapillary,2022-10-26,1.0
533367341154885,raw/mapillary/budapest/images/533367341154885.jpg,47.49236,18.979435,HU,,budapest,mapillary,2019-05-12,1.0
119624943525694,raw/mapillary/prague/images/119624943525694.jpg,49.953214,14.318819,CZ,,prague,mapillary,2016-12-31,1.0
149841023826585,raw/mapillary/prague/images/149841023826585.jpg,49.957272,14.518111,CZ,,prague,mapillary,2016-10-01,1.0
1287092289299508,raw/mapillary/prague/images/1287092289299508.jpg,49.969462,14.387053,CZ,,prague,mapillary,2024-12-08,1.0
219951462940324,raw/mapillary/warsaw/images/219951462940324.jpg,52.108012,20.98017,PL,,warsaw,mapillary,2020-06-30,1.0
803311830600314,raw/mapillary/budapest/images/803311830600314.jpg,47.520112,18.973188,HU,,budapest,mapillary,2018-08-14,1.0
305840491860752,raw/mapillary/prague/images/305840491860752.jpg,49.967865,14.334739,CZ,,prague,mapillary,2023-07-09,1.0
3976449735780988,raw/mapillary/budapest/images/3976449735780988.jpg,47.485662,19.01057,HU,,budapest,mapillary,2018-08-23,1.0
742595955180055,raw/mapillary/warsaw/images/742595955180055.jpg,52.100072,20.853406,PL,,warsaw,mapillary,2025-07-25,1.0
2341237736216306,raw/mapillary/prague/images/2341237736216306.jpg,49.955232,14.32583,CZ,,prague,mapillary,2023-07-09,1.0
161931329182152,raw/mapillary/budapest/images/161931329182152.jpg,47.478804,18.990788,HU,,budapest,mapillary,2018-10-14,1.0
3831920640462044,raw/mapillary/prague/images/3831920640462044.jpg,49.955219,14.604942,CZ,,prague,mapillary,2024-08-28,1.0
783276363552531,raw/mapillary/prague/images/783276363552531.jpg,49.951084,14.391718,CZ,,prague,mapillary,2022-10-26,1.0
1040695323788783,raw/mapillary/warsaw/images/1040695323788783.jpg,52.109991,20.995033,PL,,warsaw,mapillary,2023-09-07,1.0
1005113303446486,raw/mapillary/budapest/images/1005113303446486.jpg,47.49963,19.090183,HU,,budapest,mapillary,2022-03-27,1.0
695193589147375,raw/mapillary/warsaw/images/695193589147375.jpg,52.106478,21.020129,PL,,warsaw,mapillary,2024-01-27,1.0
1325797318059969,raw/mapillary/warsaw/images/1325797318059969.jpg,52.104137,20.97085,PL,,warsaw,mapillary,2023-09-05,1.0
263699839725537,raw/mapillary/prague/images/263699839725537.jpg,49.96728,14.337626,CZ,,prague,mapillary,2023-07-09,1.0
182687167052858,raw/mapillary/budapest/images/182687167052858.jpg,47.477904,18.990042,HU,,budapest,mapillary,2020-11-05,1.0
863334405879543,raw/mapillary/prague/images/863334405879543.jpg,49.969124,14.386334,CZ,,prague,mapillary,2024-12-08,1.0
1198430077295073,raw/mapillary/warsaw/images/1198430077295073.jpg,52.105255,21.057281,PL,,warsaw,mapillary,2021-06-07,1.0
1197233594669758,raw/mapillary/budapest/images/1197233594669758.jpg,47.54174,18.986123,HU,,budapest,mapillary,2024-11-03,1.0
2065694610482678,raw/mapillary/prague/images/2065694610482678.jpg,49.956988,14.530048,CZ,,prague,mapillary,2022-10-26,1.0
1232171781375903,raw/mapillary/budapest/images/1232171781375903.jpg,47.541625,18.986266,HU,,budapest,mapillary,2024-11-03,1.0
931993085145421,raw/mapillary/prague/images/931993085145421.jpg,49.969486,14.387038,CZ,,prague,mapillary,2024-12-08,1.0
291373972528093,raw/mapillary/budapest/images/291373972528093.jpg,47.499678,19.090225,HU,,budapest,mapillary,2016-10-13,1.0
1767426747070949,raw/mapillary/warsaw/images/1767426747070949.jpg,52.109229,21.042515,PL,,warsaw,mapillary,2024-01-27,1.0
377627591415049,raw/mapillary/warsaw/images/377627591415049.jpg,52.103021,20.970196,PL,,warsaw,mapillary,2023-09-05,1.0
315312004545607,raw/mapillary/prague/images/315312004545607.jpg,49.959544,14.394032,CZ,,prague,mapillary,2022-10-26,1.0
1273049209759792,raw/mapillary/budapest/images/1273049209759792.jpg,47.492262,18.979672,HU,,budapest,mapillary,2019-05-12,1.0
978113267710460,raw/mapillary/warsaw/images/978113267710460.jpg,52.104702,21.093323,PL,,warsaw,mapillary,2025-01-25,1.0
1054051733294914,raw/mapillary/prague/images/1054051733294914.jpg,49.959495,14.632332,CZ,,prague,mapillary,2025-04-20,1.0
552210293705377,raw/mapillary/warsaw/images/552210293705377.jpg,52.101252,20.870125,PL,,warsaw,mapillary,2023-09-09,1.0
1142580496238248,raw/mapillary/budapest/images/1142580496238248.jpg,47.543816,18.97419,HU,,budapest,mapillary,2018-01-06,1.0
1263722451507003,raw/mapillary/prague/images/1263722451507003.jpg,49.969132,14.386377,CZ,,prague,mapillary,2024-12-08,1.0
6998714473578888,raw/mapillary/warsaw/images/6998714473578888.jpg,52.100188,20.853159,PL,,warsaw,mapillary,2024-01-24,1.0
217733613164768,raw/mapillary/budapest/images/217733613164768.jpg,47.530183,18.979072,HU,,budapest,mapillary,2019-05-08,1.0
1014548043306965,raw/mapillary/warsaw/images/1014548043306965.jpg,52.105923,21.034591,PL,,warsaw,mapillary,2023-07-07,1.0
360251629871273,raw/mapillary/prague/images/360251629871273.jpg,49.953205,14.328014,CZ,,prague,mapillary,2023-07-09,1.0
823759524898885,raw/mapillary/warsaw/images/823759524898885.jpg,52.101808,20.877794,PL,,warsaw,mapillary,2020-07-03,1.0
864993580718895,raw/mapillary/prague/images/864993580718895.jpg,49.969147,14.335364,CZ,,prague,mapillary,2016-10-09,1.0
1136179521291383,raw/mapillary/warsaw/images/1136179521291383.jpg,52.104343,21.09048,PL,,warsaw,mapillary,2025-01-25,1.0
933414918346827,raw/mapillary/warsaw/images/933414918346827.jpg,52.101739,20.877985,PL,,warsaw,mapillary,2024-01-24,1.0
602496445499317,raw/mapillary/prague/images/602496445499317.jpg,49.969486,14.387041,CZ,,prague,mapillary,2024-12-08,1.0
247097543861899,raw/mapillary/prague/images/247097543861899.jpg,49.953004,14.37594,CZ,,prague,mapillary,2019-04-12,1.0
211083007223252,raw/mapillary/budapest/images/211083007223252.jpg,47.492388,18.979299,HU,,budapest,mapillary,2019-03-22,1.0
2606526292851762,raw/mapillary/warsaw/images/2606526292851762.jpg,52.109163,21.042376,PL,,warsaw,mapillary,2024-01-27,1.0
568462322025317,raw/mapillary/warsaw/images/568462322025317.jpg,52.101733,20.87664,PL,,warsaw,mapillary,2023-09-09,1.0
672967994979451,raw/mapillary/warsaw/images/672967994979451.jpg,52.109956,21.000636,PL,,warsaw,mapillary,2023-09-07,1.0
1229788017718902,raw/mapillary/warsaw/images/1229788017718902.jpg,52.103426,21.040583,PL,,warsaw,mapillary,2023-07-07,1.0
815371836062697,raw/mapillary/budapest/images/815371836062697.jpg,47.49228,18.979538,HU,,budapest,mapillary,2019-03-22,1.0
2288384324628344,raw/mapillary/budapest/images/2288384324628344.jpg,47.530383,18.978863,HU,,budapest,mapillary,2020-08-14,1.0
625006713236501,raw/mapillary/warsaw/images/625006713236501.jpg,52.100945,21.084493,PL,,warsaw,mapillary,2025-01-25,1.0
148980817213044,raw/mapillary/prague/images/148980817213044.jpg,49.959517,14.521739,CZ,,prague,mapillary,2020-05-27,1.0
963823952673641,raw/mapillary/warsaw/images/963823952673641.jpg,52.107862,20.932336,PL,,warsaw,mapillary,2026-04-30,1.0
225410758927427,raw/mapillary/budapest/images/225410758927427.jpg,47.530451,18.978793,HU,,budapest,mapillary,2019-05-13,1.0
24033754482906407,raw/mapillary/prague/images/24033754482906407.jpg,49.950407,14.391832,CZ,,prague,mapillary,2022-10-26,1.0
753983533141596,raw/mapillary/prague/images/753983533141596.jpg,49.967839,14.33568,CZ,,prague,mapillary,2023-07-09,1.0
976228453122583,raw/mapillary/prague/images/976228453122583.jpg,49.952707,14.375657,CZ,,prague,mapillary,2019-04-12,1.0
461602611761325,raw/mapillary/budapest/images/461602611761325.jpg,47.534625,18.990706,HU,,budapest,mapillary,2016-04-10,1.0
181089927209721,raw/mapillary/budapest/images/181089927209721.jpg,47.548998,18.973227,HU,,budapest,mapillary,2017-12-10,1.0
121894893404678,raw/mapillary/warsaw/images/121894893404678.jpg,52.104855,21.093116,PL,,warsaw,mapillary,2021-06-07,1.0
3036603363157541,raw/mapillary/warsaw/images/3036603363157541.jpg,52.104754,21.093165,PL,,warsaw,mapillary,2025-01-25,1.0
289725357185643,raw/mapillary/warsaw/images/289725357185643.jpg,52.101113,20.868416,PL,,warsaw,mapillary,2023-09-09,1.0
481138966324273,raw/mapillary/warsaw/images/481138966324273.jpg,52.106118,21.05482,PL,,warsaw,mapillary,2021-06-07,1.0
351379250691515,raw/mapillary/prague/images/351379250691515.jpg,49.958139,14.528936,CZ,,prague,mapillary,2022-10-26,1.0
1241461646307787,raw/mapillary/prague/images/1241461646307787.jpg,49.959201,14.63219,CZ,,prague,mapillary,2018-07-18,1.0
1297042894108145,raw/mapillary/budapest/images/1297042894108145.jpg,47.533941,19.000348,HU,,budapest,mapillary,2018-08-30,1.0
344463888098954,raw/mapillary/prague/images/344463888098954.jpg,49.958422,14.528683,CZ,,prague,mapillary,2022-10-26,1.0
778640736178649,raw/mapillary/prague/images/778640736178649.jpg,49.959889,14.522917,CZ,,prague,mapillary,2020-05-27,1.0
1587837714908048,raw/mapillary/prague/images/1587837714908048.jpg,49.960058,14.323104,CZ,,prague,mapillary,2016-12-31,1.0
253345087463547,raw/mapillary/prague/images/253345087463547.jpg,49.967702,14.336344,CZ,,prague,mapillary,2023-07-09,1.0
3050755698431064,raw/mapillary/budapest/images/3050755698431064.jpg,47.541813,18.986325,HU,,budapest,mapillary,2024-11-03,1.0
1242673713305471,raw/mapillary/budapest/images/1242673713305471.jpg,47.52023,18.972522,HU,,budapest,mapillary,2023-05-31,1.0
890350695894755,raw/mapillary/warsaw/images/890350695894755.jpg,52.103101,21.039355,PL,,warsaw,mapillary,2024-01-27,1.0
1342630050001562,raw/mapillary/prague/images/1342630050001562.jpg,49.967388,14.333674,CZ,,prague,mapillary,2023-07-09,1.0
1106571801468416,raw/mapillary/budapest/images/1106571801468416.jpg,47.541617,18.986269,HU,,budapest,mapillary,2024-11-03,1.0
212144824076137,raw/mapillary/prague/images/212144824076137.jpg,49.952747,14.317938,CZ,,prague,mapillary,2016-10-09,1.0
1110979629924687,raw/mapillary/warsaw/images/1110979629924687.jpg,52.103883,20.97047,PL,,warsaw,mapillary,2023-12-18,1.0
908238543069256,raw/mapillary/warsaw/images/908238543069256.jpg,52.105368,21.091636,PL,,warsaw,mapillary,2021-06-07,1.0
400310785086479,raw/mapillary/budapest/images/400310785086479.jpg,47.486844,19.000027,HU,,budapest,mapillary,2021-11-10,1.0
201533456316570,raw/mapillary/prague/images/201533456316570.jpg,49.956902,14.530146,CZ,,prague,mapillary,2022-10-26,1.0
292273730404865,raw/mapillary/budapest/images/292273730404865.jpg,47.499507,19.090164,HU,,budapest,mapillary,2023-10-19,1.0
1709495379758038,raw/mapillary/budapest/images/1709495379758038.jpg,47.530062,18.997387,HU,,budapest,mapillary,2025-09-05,1.0
1096163272258824,raw/mapillary/warsaw/images/1096163272258824.jpg,52.104186,21.090073,PL,,warsaw,mapillary,2025-01-25,1.0
532794288125678,raw/mapillary/budapest/images/532794288125678.jpg,47.476143,18.990063,HU,,budapest,mapillary,2018-09-18,1.0
387972917254117,raw/mapillary/warsaw/images/387972917254117.jpg,52.106302,21.02017,PL,,warsaw,mapillary,2024-01-27,1.0
3042011252694430,raw/mapillary/budapest/images/3042011252694430.jpg,47.499667,19.090178,HU,,budapest,mapillary,2019-04-28,1.0
3575566426036827,raw/mapillary/warsaw/images/3575566426036827.jpg,52.106201,21.020125,PL,,warsaw,mapillary,2024-01-27,1.0
1386386579832186,raw/mapillary/budapest/images/1386386579832186.jpg,47.486753,19.000856,HU,,budapest,mapillary,2025-12-04,1.0
190293419622614,raw/mapillary/budapest/images/190293419622614.jpg,47.510068,18.975326,HU,,budapest,mapillary,2020-04-30,1.0
2831721397066971,raw/mapillary/warsaw/images/2831721397066971.jpg,52.101476,20.873347,PL,,warsaw,mapillary,2019-08-17,1.0
147410014644549,raw/mapillary/prague/images/147410014644549.jpg,49.958086,14.529017,CZ,,prague,mapillary,2022-08-27,1.0
951864083268937,raw/mapillary/warsaw/images/951864083268937.jpg,52.100171,21.083921,PL,,warsaw,mapillary,2025-01-25,1.0
163773878916608,raw/mapillary/budapest/images/163773878916608.jpg,47.534797,19.00001,HU,,budapest,mapillary,2018-08-30,1.0
178642147772763,raw/mapillary/prague/images/178642147772763.jpg,49.956905,14.530119,CZ,,prague,mapillary,2021-10-20,1.0
883217515671897,raw/mapillary/prague/images/883217515671897.jpg,49.958272,14.528658,CZ,,prague,mapillary,2021-10-20,1.0
1199000667213585,raw/mapillary/budapest/images/1199000667213585.jpg,47.499599,19.090376,HU,,budapest,mapillary,2018-10-06,1.0
7519624984724793,raw/mapillary/warsaw/images/7519624984724793.jpg,52.10121,20.86842,PL,,warsaw,mapillary,2024-01-08,1.0
1895071217337942,raw/mapillary/prague/images/1895071217337942.jpg,49.95877,14.519691,CZ,,prague,mapillary,2020-05-27,1.0
407099692055315,raw/mapillary/warsaw/images/407099692055315.jpg,52.103102,21.039023,PL,,warsaw,mapillary,2024-09-12,1.0
743525719650340,raw/mapillary/prague/images/743525719650340.jpg,49.959165,14.632358,CZ,,prague,mapillary,2019-06-24,1.0
322875659350195,raw/mapillary/warsaw/images/322875659350195.jpg,52.106138,21.054365,PL,,warsaw,mapillary,2021-06-07,1.0
176839430886786,raw/mapillary/budapest/images/176839430886786.jpg,47.478001,18.99045,HU,,budapest,mapillary,2017-05-13,1.0
936548345099216,raw/mapillary/prague/images/936548345099216.jpg,49.958191,14.633933,CZ,,prague,mapillary,2025-04-17,1.0
295943506616253,raw/mapillary/prague/images/295943506616253.jpg,49.951266,14.391706,CZ,,prague,mapillary,2022-10-26,1.0
373862114015998,raw/mapillary/warsaw/images/373862114015998.jpg,52.100133,20.853481,PL,,warsaw,mapillary,2020-07-03,1.0
1764308394458321,raw/mapillary/warsaw/images/1764308394458321.jpg,52.102393,21.018787,PL,,warsaw,mapillary,2025-07-05,1.0
1376743863217009,raw/mapillary/warsaw/images/1376743863217009.jpg,52.106066,21.020152,PL,,warsaw,mapillary,2024-01-27,1.0
237369911520301,raw/mapillary/budapest/images/237369911520301.jpg,47.480734,18.980267,HU,,budapest,mapillary,2019-04-28,1.0
848695695727716,raw/mapillary/budapest/images/848695695727716.jpg,47.530296,18.997504,HU,,budapest,mapillary,2018-01-30,1.0
243370885405175,raw/mapillary/prague/images/243370885405175.jpg,49.957974,14.529084,CZ,,prague,mapillary,2022-10-26,1.0
1042607259481601,raw/mapillary/prague/images/1042607259481601.jpg,49.952791,14.375901,CZ,,prague,mapillary,2016-11-08,1.0
501623477557137,raw/mapillary/prague/images/501623477557137.jpg,49.95263,14.518036,CZ,,prague,mapillary,2020-05-27,1.0
180885237261726,raw/mapillary/budapest/images/180885237261726.jpg,47.472946,18.977717,HU,,budapest,mapillary,2019-11-23,1.0
237111448176558,raw/mapillary/warsaw/images/237111448176558.jpg,52.101515,20.872768,PL,,warsaw,mapillary,2017-03-01,1.0
1962814884249913,raw/mapillary/prague/images/1962814884249913.jpg,49.9552,14.378205,CZ,,prague,mapillary,2025-04-20,1.0
1173222931651217,raw/mapillary/budapest/images/1173222931651217.jpg,47.486658,19.000803,HU,,budapest,mapillary,2025-12-04,1.0
466681641107246,raw/mapillary/budapest/images/466681641107246.jpg,47.480013,18.984506,HU,,budapest,mapillary,2018-10-14,1.0
575086770968010,raw/mapillary/warsaw/images/575086770968010.jpg,52.108575,21.056128,PL,,warsaw,mapillary,2022-08-07,1.0
3161282257437520,raw/mapillary/warsaw/images/3161282257437520.jpg,52.107878,20.932428,PL,,warsaw,mapillary,2021-05-03,1.0
621042612681169,raw/mapillary/warsaw/images/621042612681169.jpg,52.109666,21.05569,PL,,warsaw,mapillary,2022-08-07,1.0
3848324851887945,raw/mapillary/budapest/images/3848324851887945.jpg,47.52012,18.973168,HU,,budapest,mapillary,2018-08-06,1.0
227961709379021,raw/mapillary/budapest/images/227961709379021.jpg,47.499714,19.090286,HU,,budapest,mapillary,2021-09-20,1.0
789014358482092,raw/mapillary/budapest/images/789014358482092.jpg,47.480399,18.970334,HU,,budapest,mapillary,2020-06-30,1.0
291241922584598,raw/mapillary/budapest/images/291241922584598.jpg,47.510292,18.976996,HU,,budapest,mapillary,2017-07-07,1.0
292415969208186,raw/mapillary/budapest/images/292415969208186.jpg,47.530176,18.979093,HU,,budapest,mapillary,2020-08-14,1.0
1898912411021154,raw/mapillary/warsaw/images/1898912411021154.jpg,52.101511,20.87249,PL,,warsaw,mapillary,2025-07-25,1.0
1056193419007031,raw/mapillary/warsaw/images/1056193419007031.jpg,52.108659,21.032752,PL,,warsaw,mapillary,2024-01-27,1.0
297263005223301,raw/mapillary/prague/images/297263005223301.jpg,49.960044,14.379226,CZ,,prague,mapillary,2019-04-12,1.0
499140191402705,raw/mapillary/warsaw/images/499140191402705.jpg,52.104445,21.058776,PL,,warsaw,mapillary,2021-06-07,1.0
752484788731380,raw/mapillary/budapest/images/752484788731380.jpg,47.510267,18.976887,HU,,budapest,mapillary,2020-10-22,1.0
153536726714593,raw/mapillary/prague/images/153536726714593.jpg,49.952357,14.37788,CZ,,prague,mapillary,2016-04-13,1.0
914708183434276,raw/mapillary/warsaw/images/914708183434276.jpg,52.102727,20.991933,PL,,warsaw,mapillary,2024-01-27,1.0
935173483915150,raw/mapillary/budapest/images/935173483915150.jpg,47.474105,18.990546,HU,,budapest,mapillary,2018-08-20,1.0
1118546319965191,raw/mapillary/warsaw/images/1118546319965191.jpg,52.103517,21.040409,PL,,warsaw,mapillary,2025-01-25,1.0
807261278438145,raw/mapillary/budapest/images/807261278438145.jpg,47.530166,18.997527,HU,,budapest,mapillary,2025-09-05,1.0
2759243874268600,raw/mapillary/warsaw/images/2759243874268600.jpg,52.101507,20.873459,PL,,warsaw,mapillary,2025-07-23,1.0
145427710907255,raw/mapillary/prague/images/145427710907255.jpg,49.959164,14.520641,CZ,,prague,mapillary,2020-05-27,1.0
1234174037662791,raw/mapillary/prague/images/1234174037662791.jpg,49.969283,14.385578,CZ,,prague,mapillary,2024-12-08,1.0
307078394398949,raw/mapillary/budapest/images/307078394398949.jpg,47.510055,18.978627,HU,,budapest,mapillary,2020-10-22,1.0
908157917937132,raw/mapillary/prague/images/908157917937132.jpg,49.958156,14.633955,CZ,,prague,mapillary,2024-10-31,1.0
1261981062199921,raw/mapillary/warsaw/images/1261981062199921.jpg,52.107298,20.932148,PL,,warsaw,mapillary,2025-06-12,1.0
1260697037711892,raw/mapillary/budapest/images/1260697037711892.jpg,47.534027,19.000251,HU,,budapest,mapillary,2018-08-30,1.0
1215126562493625,raw/mapillary/prague/images/1215126562493625.jpg,49.95166,14.329368,CZ,,prague,mapillary,2023-07-09,1.0
1674214139455655,raw/mapillary/prague/images/1674214139455655.jpg,49.960238,14.323172,CZ,,prague,mapillary,2016-12-31,1.0
150939793672764,raw/mapillary/budapest/images/150939793672764.jpg,47.472097,18.978688,HU,,budapest,mapillary,2019-11-23,1.0
697559491161188,raw/mapillary/warsaw/images/697559491161188.jpg,52.10778,20.932377,PL,,warsaw,mapillary,2021-05-03,1.0
1122684284901301,raw/mapillary/budapest/images/1122684284901301.jpg,47.49964,19.090098,HU,,budapest,mapillary,2019-06-07,1.0
2479456145521599,raw/mapillary/prague/images/2479456145521599.jpg,49.957413,14.518151,CZ,,prague,mapillary,2020-05-27,1.0
479777133220536,raw/mapillary/budapest/images/479777133220536.jpg,47.530095,18.997344,HU,,budapest,mapillary,2018-01-30,1.0
307008948882366,raw/mapillary/budapest/images/307008948882366.jpg,47.530056,18.98359,HU,,budapest,mapillary,2023-11-20,1.0
259528425762509,raw/mapillary/prague/images/259528425762509.jpg,49.958904,14.520032,CZ,,prague,mapillary,2016-10-01,1.0
426678056139694,raw/mapillary/prague/images/426678056139694.jpg,49.952372,14.537358,CZ,,prague,mapillary,2022-08-27,1.0
776693163006906,raw/mapillary/prague/images/776693163006906.jpg,49.953648,14.376563,CZ,,prague,mapillary,2017-10-01,1.0
950737199023168,raw/mapillary/budapest/images/950737199023168.jpg,47.47,19.000556,HU,,budapest,mapillary,2021-04-22,1.0
1355864828818473,raw/mapillary/prague/images/1355864828818473.jpg,49.954137,14.377145,CZ,,prague,mapillary,2025-07-01,1.0
4131948123538316,raw/mapillary/prague/images/4131948123538316.jpg,49.956406,14.46473,CZ,,prague,mapillary,2020-05-26,1.0
208926364093832,raw/mapillary/budapest/images/208926364093832.jpg,47.487607,19.010764,HU,,budapest,mapillary,2016-03-19,1.0
280270313790821,raw/mapillary/prague/images/280270313790821.jpg,49.952691,14.518032,CZ,,prague,mapillary,2020-05-27,1.0
893711558836075,raw/mapillary/prague/images/893711558836075.jpg,49.952327,14.537325,CZ,,prague,mapillary,2022-10-26,1.0
158321372960765,raw/mapillary/budapest/images/158321372960765.jpg,47.49384,18.97991,HU,,budapest,mapillary,2019-03-22,1.0
1662180637827804,raw/mapillary/warsaw/images/1662180637827804.jpg,52.101937,20.878531,PL,,warsaw,mapillary,2025-07-25,1.0
1320795662004714,raw/mapillary/warsaw/images/1320795662004714.jpg,52.100086,20.853382,PL,,warsaw,mapillary,2022-12-02,1.0
1386618355050355,raw/mapillary/prague/images/1386618355050355.jpg,49.960361,14.323263,CZ,,prague,mapillary,2016-12-31,1.0
216602949958690,raw/mapillary/budapest/images/216602949958690.jpg,47.534823,18.990409,HU,,budapest,mapillary,2017-12-10,1.0
196794722286995,raw/mapillary/budapest/images/196794722286995.jpg,47.530335,18.978883,HU,,budapest,mapillary,2019-05-08,1.0
700173128612934,raw/mapillary/prague/images/700173128612934.jpg,49.955694,14.325336,CZ,,prague,mapillary,2023-07-09,1.0
1145109750457275,raw/mapillary/warsaw/images/1145109750457275.jpg,52.102033,21.03733,PL,,warsaw,mapillary,2025-01-25,1.0
1194388872107101,raw/mapillary/prague/images/1194388872107101.jpg,49.959423,14.632342,CZ,,prague,mapillary,2025-03-02,1.0
571548598437275,raw/mapillary/prague/images/571548598437275.jpg,49.957989,14.52907,CZ,,prague,mapillary,2022-10-26,1.0
1037612210102805,raw/mapillary/budapest/images/1037612210102805.jpg,47.478712,18.99088,HU,,budapest,mapillary,2018-10-14,1.0
976169580307390,raw/mapillary/prague/images/976169580307390.jpg,49.957432,14.32402,CZ,,prague,mapillary,2023-07-09,1.0
965106694316290,raw/mapillary/budapest/images/965106694316290.jpg,47.510077,18.978485,HU,,budapest,mapillary,2020-10-22,1.0
243763165366688,raw/mapillary/prague/images/243763165366688.jpg,49.959949,14.527047,CZ,,prague,mapillary,2022-10-26,1.0
299279711867134,raw/mapillary/prague/images/299279711867134.jpg,49.954249,14.37731,CZ,,prague,mapillary,2017-05-21,1.0
2940026199607891,raw/mapillary/prague/images/2940026199607891.jpg,49.957171,14.51802,CZ,,prague,mapillary,2020-05-27,1.0
3383456935236162,raw/mapillary/budapest/images/3383456935236162.jpg,47.520195,18.972638,HU,,budapest,mapillary,2023-05-31,1.0
503461277360200,raw/mapillary/budapest/images/503461277360200.jpg,47.482311,18.990616,HU,,budapest,mapillary,2018-09-16,1.0
1389898562156087,raw/mapillary/prague/images/1389898562156087.jpg,49.955447,14.604423,CZ,,prague,mapillary,2025-06-01,1.0
105994402219358,raw/mapillary/warsaw/images/105994402219358.jpg,52.10671,21.055578,PL,,warsaw,mapillary,2022-08-07,1.0
1279678432861185,raw/mapillary/warsaw/images/1279678432861185.jpg,52.103418,20.970276,PL,,warsaw,mapillary,2022-09-24,1.0
2067805793677603,raw/mapillary/prague/images/2067805793677603.jpg,49.969954,14.384118,CZ,,prague,mapillary,2024-12-08,1.0
7089499027764810,raw/mapillary/warsaw/images/7089499027764810.jpg,52.109128,21.033146,PL,,warsaw,mapillary,2024-01-27,1.0
182575327070721,raw/mapillary/budapest/images/182575327070721.jpg,47.520075,18.973366,HU,,budapest,mapillary,2018-08-14,1.0
625907223137411,raw/mapillary/warsaw/images/625907223137411.jpg,52.100117,21.083945,PL,,warsaw,mapillary,2025-01-25,1.0
226931908867028,raw/mapillary/prague/images/226931908867028.jpg,49.950919,14.519101,CZ,,prague,mapillary,2016-10-01,1.0
312706727084219,raw/mapillary/prague/images/312706727084219.jpg,49.956185,14.464865,CZ,,prague,mapillary,2020-05-26,1.0
1120547581782343,raw/mapillary/budapest/images/1120547581782343.jpg,47.499497,19.090162,HU,,budapest,mapillary,2017-11-15,1.0
1567870417454081,raw/mapillary/budapest/images/1567870417454081.jpg,47.541496,18.986189,HU,,budapest,mapillary,2024-11-03,1.0
788344842121650,raw/mapillary/budapest/images/788344842121650.jpg,47.479722,18.980556,HU,,budapest,mapillary,2022-03-05,1.0
427144969780281,raw/mapillary/prague/images/427144969780281.jpg,49.955626,14.604136,CZ,,prague,mapillary,2024-08-28,1.0
2204396589749115,raw/mapillary/prague/images/2204396589749115.jpg,49.965743,14.329876,CZ,,prague,mapillary,2023-07-09,1.0
1124718129291503,raw/mapillary/prague/images/1124718129291503.jpg,49.969309,14.385666,CZ,,prague,mapillary,2024-12-08,1.0
805945604627526,raw/mapillary/warsaw/images/805945604627526.jpg,52.10994,21.000053,PL,,warsaw,mapillary,2024-01-27,1.0
516398756054011,raw/mapillary/budapest/images/516398756054011.jpg,47.482498,18.990448,HU,,budapest,mapillary,2018-09-16,1.0
8675123745916041,raw/mapillary/prague/images/8675123745916041.jpg,49.959529,14.632305,CZ,,prague,mapillary,2024-10-31,1.0
491137025541125,raw/mapillary/warsaw/images/491137025541125.jpg,52.101798,20.877829,PL,,warsaw,mapillary,2019-11-03,1.0
504891575513915,raw/mapillary/warsaw/images/504891575513915.jpg,52.104811,21.092637,PL,,warsaw,mapillary,2025-01-25,1.0
983976790262876,raw/mapillary/warsaw/images/983976790262876.jpg,52.104765,21.092822,PL,,warsaw,mapillary,2025-01-25,1.0
186185619923368,raw/mapillary/budapest/images/186185619923368.jpg,47.499615,19.0903,HU,,budapest,mapillary,2018-03-21,1.0
